weight,age,height,waist,hips,Body_Shape,size
79.14045482043694,17,171.97371322408986,85.22536298587532,95.92345896107122,Slim,XL
64.68177560806386,39,174.13947783322328,83.17055894528804,88.16076051311613,Slim,XL
49.52769366449787,47,159.8973510373246,71.07526785887647,89.07618460060887,Regular,M
55.231469844902215,52,156.60201451029235,75.30237831422119,88.88118195103553,Slim,L
57.72519127712595,45,167.89202220209654,60.09598969980439,70.65334171716606,Slim,XXS
47.72193879077763,20,152.3226390089618,106.07532018800843,148.07683685925647,Curvy,XXXL
70.95060440683922,23,167.0748137408941,69.76676975593624,93.78196832398329,Curvy,M
46.40230359970693,57,153.89567875709812,63.14540798319876,82.36172559042772,Curvy,XXS
62.69314684144638,55,161.28625981421888,92.18038297335767,108.13943584223001,Regular,XXL
57.60581686871358,57,158.43034700735464,92.00307174016277,107.73314313324276,Slim,XXL
49.515530195560565,29,149.067603323252,63.65914352652731,77.27943300664825,Regular,S
71.90180648799644,63,168.1520026484972,83.58892607352531,93.76800893296532,Slim,XL
61.03897877600704,62,178.9748970683982,90.77768654006292,101.7873257259498,Slim,XXL
63.535340776398726,33,165.66437863339505,78.04798961073288,84.38474206681303,Slim,L
61.472431916187844,17,160.4555455322619,109.21534167316754,119.87118331059996,Slim,XXXL
68.87715720927842,42,160.05931056477448,74.61922145836387,87.54138295850753,Slim,L
59.80629986367004,44,174.13837470965123,81.66489294295737,103.15472985514869,Regular,XL
74.11893157609921,16,179.13860602793523,85.63299636673044,91.92307948738812,Slim,XL
79.1813201964434,22,173.19269386103284,64.83270931555319,83.86232390622145,Regular,S
51.127098708721576,29,160.9159010093692,91.81328440944904,117.58658998670117,Regular,XXL
49.689282489277005,20,156.47966841852963,74.28460678055781,103.22990744966157,Curvy,M
76.49806000601572,53,177.73656637584088,92.6515885021771,98.94987075464546,Slim,XXL
59.70809143120586,46,173.87600851904037,63.14430162552227,80.67504371827877,Regular,S
78.12640135793166,50,175.52428467969608,71.14562246391944,82.15906870208092,Slim,M
95.62487793607421,25,189.87537727249392,76.2839764429706,92.08397446958203,Regular,L
74.40106430765385,68,166.90182546321748,106.78684601109761,127.46004755559333,Regular,XXXL
63.662524368598994,53,164.38030214124265,74.53927978298547,89.16879370504141,Regular,M
69.9759242122237,56,168.73983097240878,67.15144795748029,85.69876486342213,Curvy,S
65.25576090566473,43,160.32793522858577,75.0145724578774,102.83650564002244,Curvy,M
72.33494985798606,21,174.97531191049913,77.82872281755421,109.00980270386506,Curvy,L
70.74363240992412,44,167.68291086368305,76.07765222254963,89.42302727705194,Regular,L
67.8052027514769,50,165.32146202084212,68.79274076587545,74.30580644968889,Slim,S
57.24028697890284,25,168.1211462260789,73.8016059888523,81.19147056548556,Slim,M
73.47833929685049,49,181.29041384486524,72.24811550678922,91.93546209831247,Regular,M
60.299705291183315,21,162.15406877416277,80.05765399617765,88.14030627087634,Slim,XL
73.64613725161895,18,182.97604544377845,71.39089240169099,86.81233543941114,Regular,M
75.27294186116384,47,168.46807121845475,95.59910491966353,100.55509048963907,Slim,XXL
75.76602846095417,36,168.4871728569373,78.1532377725583,94.89832637409978,Regular,L
64.72081906199492,53,164.10853787158112,73.81836977935959,84.51341996095815,Slim,M
73.43945329501022,59,165.15609087266913,93.94004619728335,122.01366455907599,Curvy,XXL
46.83310738066903,56,153.69862710454575,82.25053888650639,119.5454852125849,Curvy,XL
71.00042797224485,16,164.4838569962058,91.49707066346737,122.87722865853898,Curvy,XXL
67.04575921677457,33,165.83167630169166,106.64687571722939,130.80821935533484,Regular,XXXL
60.91783156366816,45,164.42581190568075,85.80628789050772,111.99907283446417,Curvy,XL
67.53903948840534,60,165.52725992642462,64.25102991294212,85.83418241669217,Curvy,S
77.36899228417198,67,169.63058182021973,56.97908920468705,73.35707568284803,Curvy,XXS
51.47904101822597,41,162.68618045356462,62.07216205098987,73.42974619161292,Regular,XXS
60.050646514001066,36,167.96349736807764,63.73761813783456,79.35705926621296,Regular,S
53.49937465739427,69,165.25439010695067,96.20114267893732,123.11691664019506,Curvy,XXXL
73.22424477508379,49,175.86803445086773,80.29748457178454,103.23914886544391,Regular,L
74.82977401922135,20,167.11254451496393,77.83585804966413,87.90124143605979,Slim,L
61.954363801439385,24,153.5189494000319,104.91263843763896,127.66978516124911,Regular,XXXL
81.37684415206664,59,173.9357041322357,75.86836125063964,95.20201358772276,Curvy,M
61.31016022378157,41,165.7422304881023,66.09848112390164,84.40289864568479,Regular,S
72.05864483456907,67,167.13097068728916,93.7172746093883,135.40326884414895,Curvy,XXL
69.60851777610156,52,170.4996678487836,63.33568460555528,77.17870195138667,Slim,S
67.74492371039905,46,161.37685536867428,77.75720888290564,105.93998112227845,Curvy,L
63.103816571350784,27,177.22596149142765,71.09094557936523,81.39856656954302,Slim,M
61.5439729348231,49,154.15301516987546,75.65815871734065,90.30103665299767,Regular,M
73.23886878999916,68,178.67556512691309,97.00075638375166,128.80239093747446,Curvy,XXXL
81.9842738689443,34,176.98142147838416,61.187813392002454,67.10437949610248,Slim,S
58.997004845091844,20,171.90138619938634,71.52674754317997,78.86143409812787,Slim,M
63.67419989361116,20,156.5272890461398,71.29066423643319,85.44724016768987,Regular,M
69.3065492815865,27,177.6370805806066,88.01331213234745,104.04491194078591,Slim,XXL
80.7494487196904,64,186.99313394720477,70.90233917925826,85.64330922149303,Regular,M
49.11025193109626,36,160.09651323362766,74.67042505166359,91.93084351124985,Regular,L
50.111713604351436,42,159.50989893642728,68.43332477557988,95.93503681081714,Curvy,M
72.52210194984885,35,173.2290740906826,78.05536368036837,95.04166810228378,Regular,L
47.776644629773344,24,152.68977935785315,104.20172673563367,111.67988939430245,Slim,XXXL
52.857357125551914,69,162.9920565579648,66.53693014577388,90.81959888196906,Curvy,M
69.02793308092272,46,171.12202615186513,93.70907786217532,103.711433859615,Slim,XXL
57.3350163829564,29,169.6600278812731,73.45266641889567,77.22152604078369,Slim,M
47.3540389652845,23,155.80567573464006,76.88345986913959,93.4138088313287,Regular,L
61.80343361377735,48,164.74031889891788,100.85701798797817,132.10331198750157,Curvy,XXXL
46.22464767082742,25,153.83805449326485,92.6598712677791,122.07934175277208,Curvy,XXL
57.82375913232701,24,168.7151513531652,84.52065597240032,111.64998077648052,Curvy,XL
67.43186794121408,36,172.34786522371022,78.39488801723773,102.61959770942063,Curvy,L
83.55826161343101,45,178.4084194652984,72.6986418818213,89.05255147047373,Regular,M
67.72026241765062,44,160.92147246465612,92.92443185843338,111.2979702156591,Regular,XXL
68.85386836561464,63,177.9786164418538,84.29761229321443,99.98608275136603,Regular,XL
66.8034763998157,45,178.29579971079676,63.22731760388476,81.90771304975138,Regular,S
62.703581315455544,67,176.0688235987907,68.52057428986726,91.2713100837248,Curvy,M
70.79619255501957,65,169.44424673444345,78.2809470030033,108.61375350571447,Curvy,L
67.44251628843764,65,172.7221969524943,65.89024600320366,80.42550317997579,Regular,S
77.20018520881115,65,188.3095288138999,69.45731303346155,88.02200760164926,Regular,M
51.331107424806866,25,149.43410100817496,71.57450467936222,87.46588467601143,Regular,M
61.43149912460318,67,174.43551288088693,71.79487342963093,83.50903578514959,Regular,M
61.27237826555914,56,172.13335446918498,68.19901855319142,93.41146967418105,Curvy,M
61.99087967960419,39,167.08124784413582,62.88706712147914,79.61169244648015,Regular,S
65.50444660194867,50,171.50489391494514,61.8115906840626,88.52509556425883,Curvy,S
64.37865351096585,51,175.4854271451797,58.079671247523635,64.09113827400502,Slim,XXS
61.00066574510144,52,171.91499648982335,63.4042876515141,82.52973002203605,Regular,S
78.00787041447329,38,172.74481006374708,55.22710398880449,60.683159258770466,Slim,XXS
55.60177140022679,49,157.99109138891757,81.8538577778075,94.50742640722348,Slim,XL
58.17649796899455,64,151.34456473693024,76.226467483721,96.3629829755523,Curvy,M
80.29340310497143,23,176.82641505613216,67.01699334339385,78.95799371707493,Slim,M
66.2546604986872,30,168.14747146452314,64.41478834229054,75.26257458818458,Slim,S
62.394674878675225,48,160.17301777907974,80.28568650341985,87.93870629810213,Slim,L
51.95242478972723,29,153.27300614934683,73.74630344056749,87.14053921200052,Slim,L
69.49556585213341,51,161.95693654117343,69.49475763219137,89.39542653447651,Regular,M
65.34408990390554,34,161.1331377585503,57.676220165389566,71.19871078676117,Regular,XXS
71.46198730018666,29,167.2315208022028,62.16089733020163,80.07361433185253,Regular,S
69.8877989189175,25,173.05926191244416,73.2084493407666,85.55695290899821,Regular,M
68.55605072642224,29,172.96537678040542,94.26016834712084,128.66217068134702,Curvy,XXL
78.67419815442275,65,171.43694575306068,65.8729239926352,82.68862210671223,Curvy,S
73.98666242378115,17,176.42522282666323,102.5536182753895,141.04585616265322,Curvy,XXXL
68.55223206657148,45,164.52403018054147,59.50301488298461,74.71050794362102,Regular,XXS
68.6917855202814,66,164.4821515338066,72.35408904575256,100.31498361348312,Curvy,M
66.85989692866846,38,163.861692399197,73.95624970753292,101.78706355771293,Curvy,M
61.76655877406116,18,179.6270758169416,61.90263870212019,75.12797720447742,Regular,S
63.96732283813084,67,167.72252090090575,72.85894137520225,86.75521522202641,Slim,M
63.87966324847548,48,166.28808924619594,76.20194632640812,100.48655597884867,Curvy,L
53.68498945252173,53,162.89808012598948,62.88821409579121,86.55714084872515,Curvy,S
69.50035837928638,20,163.4340296500042,84.81586995853436,96.74406812076627,Slim,XL
59.23379190501743,20,163.0976904761249,94.24649286657021,132.95273091730525,Curvy,XXL
77.80634028314861,61,184.0816363101308,69.43738914371855,86.47877086084804,Regular,M
85.9681685609038,59,188.21545940698897,83.12371732385986,104.45220282024798,Regular,XL
68.22547024763661,49,165.12566327370354,95.4174219337457,120.71551678682901,Regular,XXL
59.15383940246818,16,166.66305535746517,73.13710596146963,84.8090239918715,Slim,M
63.07225622801611,58,178.22761490085838,81.66169808553383,100.79315649301886,Regular,L
71.27880389426338,32,169.99506946968603,101.66634601119975,126.36212551891505,Regular,XXXL
55.18689939128522,56,169.55271994318647,58.404487004508006,73.94261623227041,Regular,XXS
82.64069808738306,24,180.52419223387471,77.5965159249729,89.46263474580873,Slim,L
45.717673720124104,67,150.40955234703935,74.78825239832749,88.93315798930497,Slim,L
62.51640458953726,64,173.20160942366928,72.21214464944926,87.26581493418303,Regular,M
59.162245125320126,68,169.94671559458155,62.57265604179373,77.93760414492802,Regular,S
66.62041578216893,59,170.74180277102164,87.53919484574432,119.26996066888552,Curvy,XL
71.35047569473193,19,173.6720300607081,63.14033231634081,75.13533248272745,Regular,S
65.12817211796018,48,174.72514839190978,70.44817211932794,76.7674158384066,Slim,M
59.39284510554443,29,148.60896538696835,79.00036301138016,102.97879535514512,Curvy,L
61.52136225686777,20,167.97117968727545,77.82475219623358,93.86342576584417,Regular,L
47.38814609488383,59,151.66612105260566,57.70727331230457,67.24755934878887,Regular,XXS
81.60580360601665,54,179.19484349268802,62.66304614320115,70.85696717674755,Slim,XXS
70.73517122325391,40,171.14788308337398,74.96982356124026,86.1234316882647,Slim,M
71.77442078821612,68,181.88771042532198,55.65995752808912,60.259976731053825,Slim,XXS
79.22816144130992,28,171.39332757121534,68.91639359340449,82.85973547114916,Regular,S
70.29824282259747,62,168.3040278253456,66.38529292543402,71.35753697642899,Slim,S
59.31917199014668,39,154.65132740897928,84.53504885618446,104.13076568576615,Regular,XL
62.559841569927364,55,176.62944666745037,91.19497586127662,106.15996608353707,Slim,XXL
83.23552505790106,29,179.04073083317962,87.37804649913693,98.2368374169163,Slim,XL
60.815427449334315,57,174.17358968518676,68.63945396385348,78.69834310786443,Slim,M
80.55983668118802,34,177.28661429902814,101.2645555365678,108.085254478478,Slim,XXXL
61.56499162707177,61,155.547344810722,78.72692510815358,86.42568957666487,Slim,L
90.2937719881737,44,184.61398386848674,80.12370617178267,87.46826764319353,Slim,L
69.9008308281348,40,173.86112061772462,71.44654895600006,79.70267090004096,Slim,M
71.12125655714017,26,170.77190780718394,73.83100492536164,76.95873357829218,Slim,M
63.6212538419197,42,163.00984831443355,91.94831125604816,113.52819432177357,Regular,XXL
70.90442703197442,27,170.9196880197298,93.53559447270197,109.95040729451195,Slim,XXL
82.8129730845243,63,181.06745225840876,64.74253470369428,84.98130013335587,Curvy,S
73.07271868332202,59,170.63009928242784,80.85805984221753,104.32403874647837,Curvy,L
67.37788070911775,37,165.61949197312006,83.9322070358829,95.49497386544958,Regular,XL
55.602381040859235,49,156.47959293924563,73.16257992789883,81.05952050039085,Slim,M
71.9580658624461,47,175.85412389593276,77.48529360556803,84.67821043895881,Slim,L
63.331537283715974,29,154.83681002434486,80.50001387699689,110.29777835439134,Curvy,L
62.65313990597322,32,161.9682832890666,69.70384931408292,78.06603256279742,Slim,M
74.45232862182823,25,179.1360182907568,83.93211852359744,97.82347996238641,Regular,XL
64.08726669457673,18,163.1890588483903,76.92311502317924,103.48771291690477,Curvy,L
71.34440696370586,48,178.91312343979075,102.17775772646104,143.62418901563342,Curvy,XXXL
56.489031109282045,49,158.04909411686972,82.45475299370779,110.5369694584588,Curvy,XL
69.94285559130299,17,170.23195329779043,75.78574005581594,96.05276492326452,Regular,L
76.38559895493823,39,175.71103293435928,67.30261057938995,78.29306495837436,Regular,S
64.40768518671378,30,181.11293444355255,81.63031565723546,90.70867573263679,Slim,L
64.58940102226329,63,163.34655268841084,63.23477160524422,73.30482598705761,Slim,S
47.13789663268659,41,155.55283483037098,78.9530893828975,96.57624598019709,Regular,L
64.78573130570348,56,172.46661530017377,66.38623336920855,74.9840610350164,Slim,S
68.27636528273362,69,160.76873886828167,78.46192444713128,104.25496755304688,Curvy,L
77.90523290636293,58,177.70478159983347,78.91157442438444,91.18826026403354,Slim,L
62.80111597294246,37,166.78024130895565,54.918452043893346,64.51080489238788,Slim,XXS
76.19288955249017,36,171.1086288362477,94.72186205980724,128.4716811143745,Curvy,XXL
68.66574453876953,25,167.20888277447085,93.52856339273005,122.8501054011115,Curvy,XXL
71.08479598988706,48,168.22544925895303,79.92394058583311,93.18263632562194,Slim,L
61.17768300026571,17,174.5421303936023,64.5326987779578,77.68649376439913,Regular,S
58.819635336058745,50,168.45319939917687,101.54185478435473,122.76762700703122,Regular,XXXL
75.04832843719069,19,166.84729955422708,78.64507510927267,87.93344824408432,Slim,L
55.81404584661146,53,169.1893396576169,98.08524813735742,106.64434466116442,Slim,XXXL
61.43743177828685,44,165.58024250809498,82.11964608564745,108.40216630029342,Curvy,L
51.999419170704336,17,157.06497041267664,70.71506003290234,97.2863145030897,Curvy,M
73.28220102087732,45,179.93217257112968,64.25127824333862,70.71265713202666,Slim,S
65.6243669977521,58,158.4555203607181,72.87603624913893,87.47939062345559,Regular,M
43.31955123066744,61,149.78901193126399,103.41732854445478,130.93529617884633,Regular,XXXL
56.537593385280886,43,167.29325872792725,80.0617430568185,107.14075378089494,Curvy,L
56.12390276851081,19,169.34716153980196,85.11379618413683,99.77002055128503,Regular,XL
63.396826425939,21,161.58005813430682,72.15679296829155,96.2254285667627,Curvy,M
55.87509446230321,36,164.51157209880097,83.95135910505286,92.53121989578474,Slim,XL
73.89448802305512,56,170.24943649815563,84.57463262828811,103.65163430203575,Regular,XL
74.90287654685713,39,182.394172600152,75.0548429727304,94.51692881646147,Regular,L
77.16290534371174,60,172.6355405829381,63.34549675992718,71.81343845935768,Slim,S
77.47894819889392,55,175.3040017621944,88.92950019392812,100.86537994803646,Slim,XL
65.13477133587018,55,159.68958537597956,81.51149892304402,103.90974017215628,Curvy,L
59.851382863672534,43,167.31285400225767,68.04268191377142,91.87179708855395,Curvy,S
82.63029716644138,29,182.49100022931987,93.38415242914708,120.27421506328507,Curvy,XXL
67.40790301666333,55,167.8430121135162,97.05252164462068,119.7919796773391,Regular,XXXL
57.59566438775905,24,163.88286760625482,83.77020427804658,96.21210479175544,Slim,XL
56.05772146453463,48,159.14953455017326,95.68304153146416,116.84069722215216,Regular,XXL
79.47308287217226,41,181.4487385194439,58.43603870248275,75.00202135356767,Regular,XXS
55.05919068058749,59,161.31390291983274,61.01700152951245,74.43657876148025,Regular,XXS
63.522312640262314,43,167.9436576086021,56.98474685079901,71.15447226708363,Regular,XXS
81.19533992695744,55,173.4562756003514,64.88113164095523,74.40152353357689,Regular,S
67.74651345887804,36,169.51878268969972,73.00917386768107,95.48503778431856,Curvy,M
58.634094994756815,43,165.56620895062548,75.4735252817067,93.50911065913118,Regular,L
77.12391894525472,20,176.26371157722244,82.47572496588604,109.50675165458577,Curvy,XL
70.24427383554459,23,167.58684675867931,78.04683839429532,95.8881050880961,Regular,L
61.79496592553375,29,170.82786324758933,55.54518906174084,61.81370071544972,Slim,XXS
72.54018357297169,19,166.231095237692,83.79201533727415,108.81338600612993,Curvy,XL
75.50393810573433,46,168.81315430151608,69.22682828776271,90.93386656488437,Curvy,M
64.63507514399345,46,168.69864846332328,56.599073812763905,67.65042013197811,Slim,XXS
65.94287238195271,46,168.63994704447316,69.60206204891747,77.22762891068733,Slim,M
61.26383690022092,20,164.40339169419775,67.6861467820205,82.50450342483288,Regular,S
48.59475731384574,45,157.86927595499438,106.05511140658959,132.7880277694052,Regular,XXXL
51.83455572149034,29,159.72501737661122,79.08423986672177,95.52786653907201,Regular,L
84.49348210599862,40,177.29547050764876,75.30724970812739,106.41976383113797,Curvy,L
58.768223876464205,42,172.09132400743962,81.77660472315803,93.32187567260996,Slim,XL
73.42319520130408,58,176.3071100458769,73.760180017412,92.97742337718599,Curvy,M
72.91038424590892,53,169.6052144316455,78.32454742411231,101.62708758294825,Regular,L
73.93841316038538,64,174.6704587132749,89.78657234349964,116.54295700046802,Curvy,XXL
71.80164452907927,43,163.87426344053597,65.15160395766507,77.51141987804469,Regular,S
67.94773379666896,16,170.12044835872248,78.753995452129,90.27945164236904,Slim,L
70.37685226331051,62,165.957984463182,78.34967554175454,103.30105045590241,Curvy,L
72.18422263759675,60,182.4630092703935,71.74794960450265,95.74793748048512,Curvy,M
50.91030799768986,34,150.079600811844,65.73773538014039,85.3322682292292,Curvy,S
73.99434980000655,22,174.10872880495884,78.62272162768484,103.85117912605634,Curvy,L
60.70758280176483,61,169.08435673726905,72.13548308669658,80.48375062756364,Slim,M
83.2157527171528,66,179.00692938547166,78.046919261445,84.77643709883796,Slim,L
49.31316913600996,46,157.46600922542353,86.95214508338236,105.44769630786321,Regular,XL
59.37582774604842,18,154.3609715669414,89.32082398218097,117.33325158076585,Regular,XXL
49.29065840254437,59,160.45947686845548,90.55541268271571,119.78043071568621,Curvy,XXL
58.564487175582116,29,175.10930202840768,73.10441651821078,83.45812487460451,Slim,M
74.66119787757435,18,168.73491796518795,71.5677242798907,83.75683865224184,Regular,M
69.5369648213675,17,171.42650369978796,81.4327778452629,88.51812454613774,Slim,L
52.35079902630218,22,162.80534950463684,106.61323762435893,127.73262281657966,Regular,XXXL
72.90597977083559,39,170.1212442183911,87.9836794937886,104.70954320345318,Regular,XL
55.18529947224397,53,162.49652906530258,81.82130040275166,102.32171364403693,Regular,L
61.83925762826816,43,160.27601611336755,71.46219629876973,93.29056463139159,Regular,M
71.39754459256591,26,172.88914923719634,56.516507513483376,66.58234465269764,Regular,XXS
59.765996742109806,46,160.84533901529264,74.22974256116348,84.30613671075221,Slim,L
61.55205236878794,34,163.37975925193956,73.02705790426562,88.47508333179962,Regular,M
73.98778862965403,38,167.85153595387146,82.24827660916245,87.5910432492789,Slim,L
46.70409058093697,53,153.13606366700478,85.62522508917864,106.9498765311697,Regular,XL
63.59237803042315,52,161.34164893505462,66.57516806000471,87.65485956162702,Regular,M
68.85521569147114,63,166.65353412830345,72.31003360394521,83.54916291443729,Slim,M
56.7167959291637,18,168.46680803428382,61.67064531094814,79.68904479663249,Regular,S
65.67432830942651,39,164.1147905912746,77.62417832348409,97.22452161572875,Regular,L
56.557847200058546,47,160.44919435661026,83.08822300914677,115.02319007950018,Curvy,XL
68.936558745714,23,162.45450538210864,78.92960928383269,94.64157317217648,Regular,L
62.730128561794835,32,160.28476596310645,59.00456874129519,72.03588580471666,Regular,XXS
60.2738472140492,23,162.2899691498348,79.45722778864565,90.29583210680626,Slim,L
70.73728659634742,17,168.04394040194714,99.73173759584506,106.990066989888,Slim,XXXL
64.942571336134,63,165.10550928613947,70.12334774673553,91.38686388779534,Curvy,M
54.590491227090524,61,155.68266784581346,69.96491320814515,83.82033709795962,Slim,M
67.80711516721021,68,170.00361926182222,68.54226358351643,74.76678725104071,Slim,M
73.97474095128224,46,175.69137348294035,62.75257176433122,80.2446486384384,Regular,S
80.64923177555552,68,175.19571976918596,62.843832044010746,73.2840168286559,Slim,S
76.85103068382217,63,170.12709038447466,91.47218027516845,114.93016966365661,Curvy,XXL
65.17828708978936,36,174.98535544554773,65.35104389275594,89.22811523517683,Curvy,S
70.69380118083455,57,173.1182986543643,70.69732999965122,90.37221517410464,Regular,M
53.28415414885674,64,165.30481739533207,99.4048986671551,113.9090572890362,Slim,XXXL
68.37310687643563,55,166.91796539685046,79.9638349387792,103.95860645887412,Curvy,L
52.59528635370047,67,166.06868471663836,63.07345584083376,79.82733538693617,Regular,S
65.04549552508148,57,163.71509329259672,61.19302715548152,83.88049409065157,Curvy,XXS
59.31523813994251,38,163.24927870202688,86.01419976256682,103.39302328174243,Regular,XL
54.35837018401619,32,166.47161848042376,66.28716604885832,86.4130367333939,Curvy,S
62.334512981218765,31,172.8688595388539,79.57345601933307,93.461449909652,Regular,L
82.15690508677389,50,174.9833534941663,90.37728120876709,118.44111387840195,Curvy,XXL
66.01288088188473,40,166.93986656366482,77.15644164385809,93.48718273972058,Regular,L
53.392404150168204,44,162.80868894982,76.67850107450003,96.85615821578372,Regular,L
80.02990930931914,18,178.95767022375824,83.66644739738757,99.19745612895993,Regular,XL
58.13115292279475,21,162.99047974222748,72.76031370238083,83.37903694825695,Slim,M
68.9855630343099,65,177.00470216832275,73.36475793877334,94.01695086742542,Regular,M
74.96798220669247,51,167.47561914575195,74.67430144017165,86.12451043603949,Regular,M
50.542160701611934,50,161.46876811119168,87.92398613253658,105.64872455374667,Regular,XL
73.74010359795116,18,171.26340014011427,77.4464038724883,91.0777301118667,Regular,L
50.87151070937235,63,156.66801891936427,72.9883706932116,99.32948334173561,Curvy,M
76.32620622180403,37,175.76753065101488,71.24230929263533,88.52982673768865,Regular,M
47.15307956441575,61,157.05036365152264,65.30356477453948,75.44514188044873,Slim,S
46.31110819321432,48,155.79744727813235,54.51000007889932,69.84941550377542,Regular,XXS
51.24799953038841,57,148.72089466314554,75.54533032441792,91.59923182049211,Regular,M
52.448389543967316,36,166.09843900248288,68.83599589723404,76.15556293124284,Slim,M
64.14551854196827,40,170.04458922969894,73.18301632656039,102.24354154365855,Curvy,M
72.11416139505138,67,164.8333697541467,63.64077119209685,79.08079702119802,Regular,S
57.81997945015665,28,167.6706441846996,87.69675825117386,111.26539448998234,Regular,XL
61.429290513848144,52,170.71051680648588,84.0659234853502,97.04801968693158,Slim,XL
65.83279158708528,19,180.6248544632921,74.40099305976709,84.33334194845469,Slim,M
64.58744073622518,30,159.28735907081756,101.93376078012533,114.60770066022958,Slim,XXXL
55.93170158469016,27,169.79700628311215,71.53856385593033,83.1666641010821,Regular,M
66.22967821242148,30,171.58289398201435,68.22876122689931,79.72718574590971,Slim,S
77.32055402654473,65,170.65475090606813,76.09693929374413,95.54755577205557,Regular,L
68.8515280581743,50,168.2134484568843,105.65288892326639,116.92730290661535,Slim,XXXL
73.43211231734246,28,174.64681859423493,66.35015527503792,88.2493987119373,Curvy,S
52.63287071566559,51,162.43462897721437,84.93656970552786,96.80400699813066,Slim,XL
70.95680896547223,56,164.10736087460953,69.27408238857711,98.18773888936198,Curvy,M
58.50773389397309,28,168.8041607560653,73.93057249812861,85.28183138472824,Slim,M
66.4481767712463,31,158.04135009425474,89.41840858101376,106.89587522832518,Regular,XXL
63.35310649658444,67,155.6780189437514,80.48025379317966,104.22597394168551,Curvy,L
59.43256190896055,26,165.67539917522112,73.67302668253245,88.00782864315748,Regular,M
59.01276579912741,61,165.07014768545392,56.015709424550636,76.85432143738399,Curvy,XXS
61.02566673603822,31,165.04963250657732,79.75810161996807,96.74544506182608,Regular,L
74.77707950740579,16,173.52189440304218,58.74150508089781,67.0918682556093,Slim,XXS
56.69865964319463,32,162.00774823235923,98.00159172267206,124.99187714796115,Regular,XXXL
60.04701402687525,51,174.9087732739727,65.23574742005488,92.09000230206837,Curvy,S
50.25010516715482,18,154.23917959241746,79.93810124116517,91.94133183243457,Slim,L
61.784528339189784,66,155.29228367665954,87.38505616058428,94.32586723396909,Slim,XL
60.71192856133668,62,169.2564288432116,80.59091682324778,102.2458687756831,Regular,L
71.23021093476126,46,163.71232683672568,71.16169180355936,100.30045962623018,Curvy,M
79.19397103275705,17,175.50048097763812,76.42811322784948,91.70842683871646,Slim,L
57.3423760481627,62,167.5176880688671,66.92254475880945,92.76896737572147,Curvy,S
69.07667870337819,63,168.31949117771754,83.75202639991873,100.01191831336267,Regular,XL
56.86530183302842,31,162.80486645005004,79.35698964563285,110.4447069341141,Curvy,L
56.47301614928649,58,162.88188378044694,71.40550725686637,90.29353808583423,Regular,M
68.58909518943827,50,182.5067516158622,68.05059534781653,89.81305069920278,Regular,M
61.33664930082648,68,177.17299133249543,72.39714805155171,78.37189450633315,Slim,M
54.93412911773777,34,157.3734803882796,97.00926227157798,120.54839853906216,Regular,XXXL
78.59546442326274,68,181.61216856336588,70.87013325207465,82.22736456970021,Regular,M
60.20978805130188,48,167.33292579780564,66.01757633701638,83.68948740843771,Regular,S
76.32400140505337,47,176.1094059243509,71.82811727003613,102.23975853195165,Curvy,M
53.214766806858115,61,161.0834741817736,61.1149485477722,66.30239054008632,Slim,XXS
77.83619475572023,56,171.97988205844527,79.82477244153665,87.18688994490178,Slim,L
59.4913769247281,29,155.15627928224762,72.31387976605453,85.31392484746708,Slim,M
62.008860719855335,29,178.32294497755737,62.75766104785214,86.67426339912905,Curvy,S
87.30538013027007,60,181.64011317765625,78.67626603692817,93.49234259749177,Slim,L
64.70613350024169,19,171.6202514908759,76.38689613168305,98.14678516549088,Regular,L
68.8538554432186,40,169.23065532862606,77.53288192802708,98.92345586552297,Regular,L
76.72682598584242,19,173.12949329928855,67.02602339343548,81.54243131652382,Regular,S
67.68884890910228,21,164.16759154110596,54.97911734410066,68.89720118993948,Regular,XXS
71.89455087340257,63,167.86771399801898,73.0822875647181,77.82245506669797,Slim,M
67.62942234770289,35,162.44513623413297,70.75481660508305,76.39386464380068,Slim,M
78.72318595675969,43,172.2626664063744,82.12602704432614,115.97429969294318,Curvy,XL
70.15030556273393,56,176.5190139143219,73.59485935308778,104.96920964271813,Curvy,L
58.260567551444865,22,169.31724124286856,74.71777135345313,92.112757653816,Regular,L
56.60375082949539,35,168.89683957459613,65.05311586421921,68.61832633845472,Slim,S
60.97796822516516,28,171.39972892998037,65.18043095345311,77.8338957508374,Regular,S
65.6154714346232,25,168.90040572006583,78.02869365807935,97.26430220659515,Regular,L
67.5484625620496,22,176.44175081064833,74.02536589836464,89.54379222823678,Regular,M
74.50883051523799,16,171.4679177395882,63.68794548203438,80.58092500455516,Curvy,S
71.70057900810554,16,170.07658849184176,57.00410216345699,73.73967138566152,Regular,XXS
81.8303128653855,25,177.95598460816845,87.1400451977623,105.18189628176958,Regular,XL
86.115129955868,45,179.44124509247902,91.20017078340607,103.81435020772194,Slim,XXL
63.17393502461548,34,169.53231439555864,56.956591530950924,75.64463032187012,Curvy,XXS
54.763532444561164,16,162.4902586686167,59.13429563210344,73.56672389531494,Regular,XXS
70.33586115286172,56,166.3283667582079,63.1636251955255,84.35837116147802,Curvy,XXS
76.67071173724348,26,171.31718388083826,74.97717950296274,94.99253854038287,Regular,L
66.52583469908288,24,170.84802103380022,85.64310638173632,111.13862720965649,Regular,XL
82.16638879364574,38,176.87943676704268,82.35142514703173,91.50389866451965,Slim,XL
60.50204854189588,30,157.02100319760476,59.910346893280305,77.2333123596254,Regular,XXS
61.93989112260635,53,172.77426223739982,73.15352980041293,88.97000220410779,Regular,M
46.720336399720814,39,155.79256224981924,80.63108813180072,109.3443799006302,Curvy,L
69.52775319888961,52,179.47787983731476,68.05641373148188,90.38006780918249,Curvy,M
81.12388437557794,21,173.36592756760163,105.46698408726722,138.07464485156203,Curvy,XXXL
54.78019924102529,23,169.00292252612135,72.87229928989787,101.43805697166474,Curvy,M
81.16080993242205,18,177.71837645515507,76.15958557234175,94.50050149562888,Regular,L
75.01658530104146,69,173.0379990271894,80.34110992450421,101.89646235520034,Regular,L
68.65694418927664,44,182.15017426607537,69.28268055666578,88.6262270328833,Regular,M
67.34992830300256,18,172.48385119043948,108.59414563454968,138.22623389501356,Regular,XXXL
66.81264845939857,51,177.51612034132035,75.5554966771889,85.46175676400134,Slim,M
80.16796645174638,52,176.62121047623316,65.5204268608586,81.79088390712855,Regular,S
59.9755902606258,37,172.18463203201915,81.62597046637245,111.73283598765994,Curvy,L
66.26688596229447,17,172.04950378104493,73.46887839033606,91.51526872270468,Regular,M
73.08740848811931,31,169.560199872225,93.32900782470658,114.13687754148984,Regular,XXL
50.89942247355089,61,161.56547392272006,95.83498998897295,131.75981412620618,Curvy,XXXL
55.548847045885935,19,163.86856284889942,105.47641394078424,148.88440147431697,Curvy,XXXL
65.82733816612148,68,162.02737322767808,64.77267395776722,70.58141708936385,Slim,S
61.2863340611159,29,167.50588640111897,73.86508900495839,87.94528499068218,Regular,M
55.22515633558792,62,165.18462945746793,74.8797916667446,86.11341987834265,Slim,L
67.51238570856314,23,167.74848663700178,70.86233582587414,93.66288932364188,Curvy,M
80.29280996409145,19,189.54426931184398,72.52547424193627,79.59952728940391,Slim,M
89.06790366314314,61,181.91081081482665,78.6177827038236,111.25124678778649,Curvy,L
59.843807674219036,42,152.5786193652351,90.85165186636549,105.19314806309715,Slim,XXL
62.924570534792956,67,175.61159421646468,70.02959020962837,88.16173228595947,Regular,M
66.6215370650982,36,165.60129442980096,78.83063618646814,95.38627811404874,Regular,L
77.09306425727037,66,169.73420451010102,62.71577381397329,69.50349329016551,Slim,S
78.59270664624273,46,174.66667129424246,74.99650406709725,95.21809895136187,Regular,L
69.62390076950692,16,163.75028564313922,76.90367756203953,87.84216916071857,Slim,L
59.261837372696185,21,160.90655262173235,83.07320565576693,110.48412416223697,Curvy,XL
57.81142225794568,42,160.50794900168324,66.69505456757389,81.88279517981482,Regular,S
60.80826275895021,17,171.6614926884284,80.5353200454472,108.76273589153833,Curvy,L
58.02644338112689,61,169.13005712069972,77.90695452751788,95.8543650840611,Regular,L
70.22671528114,48,181.79757319808886,57.459471861624365,63.577470386227866,Slim,XXS
63.79462218354061,52,164.67044476091797,82.6925250430313,107.96235695032883,Curvy,XL
63.24842347286347,57,174.06337479938895,91.13527741428628,100.4171603741927,Slim,XXL
71.43204166303477,33,166.44242163106654,103.77132302122997,139.1530544881489,Curvy,XXXL
66.49497796460166,69,175.88359748492175,107.61194512223581,130.90730174330898,Regular,XXXL
52.55250296769756,19,163.16815499224617,69.79083277097666,89.48647826332505,Regular,M
63.09892383027135,29,166.4759751520175,65.87592192725849,72.91625398008966,Slim,S
82.29491094919571,37,177.64795613237453,86.18918105582898,117.46116199880844,Curvy,XL
71.98448887297391,25,181.97890558332446,93.42022222251511,117.01472268633886,Regular,XXL
71.02417338900027,48,177.7846645367626,66.23146688022811,77.5673348394214,Regular,S
74.17214561255133,51,167.45092763131626,64.65765492324194,78.93509499297281,Regular,S
65.72389622654178,47,170.11216065066935,81.91714299963233,97.30362584161108,Regular,L
69.10940546219334,17,168.7469789942132,69.71279811513827,74.68422661031853,Slim,S
49.95998430348216,18,160.38465231982212,65.71683525746109,74.16964586246492,Slim,S
66.42410861130247,35,161.11691991376398,78.33081751390533,86.41989408095691,Slim,L
58.09939192887844,61,167.25091049008662,72.2663147564052,91.43262850106277,Curvy,M
71.19511781734361,22,164.0016334940728,87.34646809735939,106.19464329813621,Regular,XL
72.0149502542542,46,170.68856934340536,60.67778278312163,70.00966657185424,Regular,XXS
61.94698417907517,20,168.42645936479008,58.139466266164455,66.83822169115895,Slim,XXS
50.534077770793694,35,150.51762522132074,88.1679656023194,104.96214304262585,Regular,XL
53.08136703507929,60,165.6896375784041,78.49650594282433,87.86098432308633,Slim,L
66.06780386251774,66,158.4011222225632,91.77005707775511,104.64914471946344,Slim,XXL
68.44295308300009,39,165.95255550664197,81.16675001461331,99.4128535439964,Regular,L
70.63487057631643,29,165.611226099123,85.3407602798435,115.04682941718838,Curvy,XL
52.68242183044957,30,166.29286225114282,71.31378461144587,88.44348170353297,Regular,M
87.28861187613647,30,180.06106847130948,71.69597628802359,104.46709619393394,Curvy,M
57.85725279865723,28,164.2052364647722,59.75690371020928,72.23227464844234,Regular,XXS
54.67176472213956,16,150.0148569056627,64.95373193553472,78.40288543776082,Regular,S
72.95737515730178,62,166.20203503588013,75.5297201889723,81.47558378415742,Slim,L
57.16849618650638,58,163.2487746238376,58.89018326987266,69.53629858197735,Regular,XXS
59.93265691587125,54,168.24860773500012,57.03787392150167,76.0281769993127,Regular,XXS
70.42970555678826,28,166.06600288885244,76.23952297981465,94.23981559905577,Regular,L
68.84885962422076,18,173.24032491025432,89.93267741429823,107.00625431896597,Regular,XXL
46.98994173660902,24,152.5426626997916,70.86906610913348,82.42672417263736,Slim,M
72.82263017902307,26,173.71455148698922,72.54780371548199,86.90033783004041,Regular,M
72.29688796128757,60,172.18716013521612,90.04166199924487,102.52843368713272,Slim,XXL
49.572327706883286,30,158.83279528014137,85.76216385706786,95.29910194981454,Slim,XL
64.65475447472025,39,172.84178960814603,81.53512922912438,88.39176397852853,Slim,L
83.71461100704758,46,182.13324391433147,81.21710125329753,94.81109622363444,Slim,L
71.34617289243239,52,173.30758183321208,72.82427846056322,79.83739178415404,Slim,M
75.2857593723312,28,175.1577881171771,80.19675596202596,95.57721684469674,Regular,L
74.39918086959321,18,172.94904096087794,81.34211622860359,92.25075737485446,Slim,XL
61.32171057903809,20,170.6034948754705,70.99105209239437,94.6382782374947,Curvy,M
74.26353033258381,18,168.6070191196785,71.46163771778518,79.98510944873158,Slim,M
74.88394372749813,34,168.61715828706502,78.61908270084298,91.83976516412028,Regular,L
62.13648690881741,52,159.45892119519218,83.07131527424671,104.40733565929366,Regular,XL
68.00206377964709,50,169.2194781349935,99.98097690731919,108.12482356374747,Slim,XXXL
78.07642079955117,37,177.32025683871566,75.56167285862998,82.80817012148715,Slim,L
67.63749064469455,16,170.2970668329839,80.7114094769134,93.57174946769175,Slim,XL
64.30646058444577,21,172.86726203039382,62.161285148125316,70.92283915883162,Regular,XXS
63.0514384624195,69,163.23917249081822,64.75568467186207,85.32853470260092,Curvy,S
53.53852734927588,50,163.5044300184392,72.13379678969466,87.33054050674951,Regular,M
65.06077745811918,55,164.80720916943258,79.16038979006694,100.9989646940954,Regular,L
53.16272110443224,45,164.32360847070595,78.01402201556478,91.34541670397269,Slim,L
51.278211104292716,60,162.86244277972582,56.52722194829473,66.89977043197577,Regular,XXS
74.0196548180084,55,183.76691416574238,70.32326299286638,89.84330284987857,Regular,M
60.92965147027496,65,178.29202495257545,75.36658784678076,90.69356332704723,Slim,L
60.71177806590927,40,165.00655779207852,85.87701961831345,109.50901112454736,Regular,XL
57.95364187901243,19,163.3676373106548,90.02506078627829,103.11707883743888,Slim,XXL
55.71223891355509,63,157.9944314960942,81.0128289039196,97.04521180652289,Regular,L
55.75173647823969,67,166.08498518792868,72.66517377709054,90.96388086578028,Regular,M
72.71417322182627,55,187.55666202066004,76.75803186921905,90.64745408282388,Regular,L
63.59515092690238,59,165.13036981560865,56.651305064187774,75.97475178165993,Regular,XXS
56.10211479952845,48,168.99133941074115,90.12598084505731,99.33624464778163,Slim,XXL
64.63443201195666,50,158.80502711827302,93.35333500215094,116.71327915145773,Regular,XXL
58.62527372592292,18,162.3461618918461,98.13270116830776,138.26165186142669,Curvy,XXXL
50.01159737268563,67,161.49175720507012,80.13886646129481,107.72080222275848,Curvy,L
58.828531025474334,64,163.28072561707395,65.93234589214299,79.27523908313958,Regular,S
67.71556041503024,35,163.28346092806078,65.325184425208,77.26919963383355,Slim,S
65.90177177840445,48,178.15338125166704,79.96197280768273,97.43223725111687,Regular,L
62.01733849220982,44,172.61435059131054,80.11012565065201,86.00269411911165,Slim,L
61.55338440012884,37,163.25992347829657,69.76217400017002,75.63680473119928,Slim,M
65.7243308773121,19,166.91316226889404,69.92349777659078,92.07439081010911,Curvy,M
82.39701571781886,18,176.1076465739288,80.97112969617517,91.16645324014151,Slim,L
80.34406288156084,35,172.77117655294123,81.4628552330731,91.69895357268682,Slim,XL
64.93566710093496,42,170.55328232073592,64.75899202607357,75.05567698682863,Regular,S
71.41894288541431,55,182.1613409251782,57.48006881045147,63.26097984968419,Slim,XXS
48.17479011840005,65,156.8493516494966,62.80531969959963,85.17630922228182,Curvy,S
74.41595615977154,60,189.16029432332127,71.2028849915522,99.65504522849052,Curvy,M
62.27364666943615,47,155.78163447657752,95.71858748726659,128.87713639255173,Curvy,XXXL
72.63499979376111,45,180.79325347622893,86.83152529315946,98.52730813900158,Slim,XL
64.02067437276021,42,169.2580674942824,66.22246187609649,81.06658195006844,Regular,S
52.053398448353946,46,158.65007177205499,75.14657223423112,84.16015785555612,Regular,M
72.27815867704022,48,177.63739551994962,75.81805614027431,95.67879149133012,Regular,L
70.04382567349481,16,174.62452861097904,61.720441536936114,79.45714639697327,Regular,S
72.45701421786843,49,175.95143805697322,58.003947260394256,75.74614019805544,Curvy,XXS
71.49544729214767,48,167.50527932831454,72.7517129403384,93.9298217422999,Curvy,M
76.34653384149892,32,180.47038455598312,91.69230416013639,101.13109438611627,Slim,XXL
58.272762181793894,31,162.00627506328863,75.77202278197221,92.29349156533422,Regular,L
77.60830778521611,46,178.69536350051771,88.98197297636509,95.75346807820816,Slim,XL
64.57735759703255,18,175.99535226142328,81.36983925773013,110.73518038161453,Curvy,L
68.93325567215241,56,165.78691304670843,63.80075876252638,83.70210063539112,Curvy,S
76.52697134664922,32,174.0734280216421,71.63573636495539,83.85260863970154,Slim,M
69.80763197028121,27,174.0809470100509,101.68473623599225,115.99490480397469,Slim,XXXL
67.4368806992045,30,180.97998672720811,70.46315604299876,87.025226739177,Regular,M
65.27791429881144,19,168.87526079216047,73.09858475808066,99.8358387775345,Curvy,M
65.16103152688781,62,158.74417219886166,63.41415852276347,81.6046773836613,Regular,S
53.34360626476795,43,163.48014471174338,81.17799923683184,101.19695398199022,Regular,L
70.66058255041186,51,168.07062510613915,73.15969716237997,95.76263199405896,Curvy,M
59.18572610254143,25,174.5349437562581,65.86620271693305,83.65433352743041,Regular,S
55.88929300612958,45,165.06071530564148,84.997262066875,112.3152040446965,Curvy,XL
69.37455463068659,61,168.72880693284898,79.9332316349907,107.68166857521125,Curvy,L
56.34275452528859,63,170.51765046043576,76.91276632861751,105.23306591214245,Curvy,L
57.163723099308555,37,168.5817970192263,76.84811019871582,91.46637712191146,Slim,L
59.23423634433665,44,162.162683009431,57.167878632636004,76.43583797123439,Curvy,XXS
63.09065091925758,48,168.1218161649396,77.08765092608154,100.0387038446905,Curvy,L
56.28383258062028,40,163.50574004135987,72.0158992026489,87.81321247268222,Slim,M
58.70585622492244,18,168.67459061793787,74.05778458899044,96.30725067902884,Curvy,M
59.71830913416644,25,172.9584728602424,70.3923920694231,82.81093817704858,Slim,M
70.85126408106599,49,169.19535578807358,90.95241219557438,101.43018380177881,Slim,XXL
52.93823939905584,59,156.08290062851114,62.56796080961896,81.61261734899543,Curvy,S
76.77265492350806,69,183.23546806539792,79.4422026074149,102.4084932981713,Curvy,L
61.76411074529248,34,180.0337142626394,105.27821039353098,118.13214083630372,Slim,XXXL
47.95134807871379,28,156.63077487883504,83.07208446095896,105.53791227334352,Curvy,XL
59.976590821847445,64,161.68122048760597,66.65953638637738,73.08417307450497,Slim,S
52.57917967301366,58,162.2218489307689,95.87845240087611,105.44116115716187,Slim,XXXL
52.81629749445003,45,164.06007687333067,76.32507771006279,87.98908779480969,Slim,L
60.94410900921338,31,166.37666029591645,88.85040947901265,110.38880220869513,Regular,XXL
65.66171982170147,43,160.87288310446354,71.15244569037911,81.12262991922842,Slim,M
80.97080145899567,30,174.32302820034283,67.06938163120088,72.46625208831497,Slim,S
70.2279936423222,23,167.24300965880568,100.57285333069332,109.48442912910002,Slim,XXXL
62.310744220144535,59,178.51823860477202,71.58739971709167,79.52101770783021,Slim,M
67.46813129669562,59,174.89453442575058,70.73934467989949,83.92977109836048,Regular,M
56.7014814223713,60,165.7750461575101,63.744810996120535,78.07357521009784,Regular,S
61.69243907748291,52,179.23953863374496,72.91210202492775,81.17706286351357,Slim,M
48.22914499287676,65,159.12037730371,60.64516298424534,65.49848205337685,Slim,XXS
71.75736764496197,45,165.88769790404478,70.03475574061842,86.90387070596076,Regular,M
86.58472870324339,34,180.36205735803796,66.3113222659706,86.06975608217537,Curvy,S
66.11211932765397,28,162.77753212664157,85.09489619180762,107.37878199089755,Curvy,XL
69.87269778882366,46,166.85507410428977,75.21374139707135,92.3173888587475,Regular,M
66.07614528224033,66,165.97638640619388,85.15439261115006,105.06259705090086,Regular,XL
66.38260375055062,56,174.27825267211352,84.81367291440823,93.34025475689651,Slim,XL
76.99419339077652,56,183.51990713181067,75.33323655492163,92.57761277913269,Regular,L
49.22463054724477,27,160.92673216044986,88.80672075294996,109.22105400992079,Regular,XXL
69.09132275252807,24,166.82753171446657,62.05880276004757,72.71270485072475,Slim,XXS
64.76197594235565,64,180.14974682173434,88.63023840425784,105.79531739411924,Regular,XL
74.63949460964476,34,169.57250838113973,74.79197244919906,89.36366040334902,Regular,M
58.59957501918112,50,168.7757614140868,82.50866921227862,99.40464277686968,Regular,XL
88.87690453926116,39,182.7048056636931,63.22087370759559,78.85092474289803,Regular,S
68.49277176211793,44,170.66592029217944,76.75723928545767,87.68552236096295,Slim,L
54.135917961123276,47,162.36142263201614,76.0899117517868,94.55372062890393,Regular,L
64.13048923406635,59,176.929971124145,79.74837231763243,92.45584455290977,Regular,L
75.33187418658939,34,168.7214610999752,58.585950670655,68.49130821291988,Regular,XXS
66.13668913592495,16,168.03680869677711,73.906660268518,83.11405957954749,Slim,M
63.12254226124583,28,166.14156405011065,87.52153631662753,100.22260456487838,Slim,XL
61.910045602907665,19,161.91665440150902,66.95401561496017,76.14595988165507,Slim,S
63.320801643561495,30,168.23032650990785,64.11358944926441,72.62796435119452,Slim,S
70.52253821762508,21,167.51118468998908,77.76297272037998,94.60212541396909,Regular,L
59.043067121509004,50,161.47169683684584,106.34886489593123,148.30652213327457,Curvy,XXXL
76.53934021701822,48,180.96780772999512,70.27254126710365,91.9871984629844,Curvy,M
75.1667216930233,16,167.756777867756,63.25946284211156,87.50956892993753,Curvy,S
71.26391163226467,57,178.9603492893679,57.82234659387288,81.66991946494534,Curvy,XXS
67.18403576020029,26,159.91822078310517,92.24106388889808,125.6190616208645,Curvy,XXL
65.50693653402494,18,174.10958172678437,70.95711744483596,94.55864541757309,Curvy,M
55.5106369095221,57,157.4073053610729,69.03970507712879,90.30510261304323,Curvy,M
60.243486463268425,65,165.09037507119587,58.18038411634943,81.71733995047863,Curvy,XXS
68.81247052027328,35,161.12613486322863,82.56946615446796,114.72360104300951,Curvy,XL
57.0730208567318,19,160.70931757526324,78.12943940274246,105.13376194429098,Curvy,L
79.02809391022342,39,174.4896282229014,71.78153297238458,95.60740900729262,Curvy,M
56.57054314621249,19,162.5900703340606,82.74617066311497,101.66624934452044,Regular,XL
61.19945320312437,63,173.99959976520995,69.65163872701702,83.84665408514738,Regular,M
88.36692939560032,35,181.47478812899985,73.906611582297,89.04011276121139,Regular,M
64.54299847007077,62,168.78798678419744,73.11730291394568,99.26901128428887,Curvy,M
49.685190005305905,45,149.14132620320416,103.5966399418768,120.39632677570718,Slim,XXXL
72.75554633700116,41,167.72382560134952,87.59162476161215,122.15900632400376,Curvy,XXL
68.22088458589072,33,160.3898448548936,63.41355855235921,85.43578203777895,Curvy,S
72.35565748816283,54,164.09860820576802,74.3100747368515,90.62293052492649,Regular,M
57.57263663008865,48,160.22278081437872,63.895273718315046,72.44436523255564,Slim,S
57.77984883434719,44,159.13646663268003,60.292611290712834,71.33628126767239,Slim,XXS
65.12400705970283,40,175.14595702693703,90.37627811318372,115.42748755221588,Regular,XXL
57.83766007169243,69,172.48853667220735,96.47420204067086,115.1879392026769,Regular,XXXL
69.85361650763085,32,161.64970780784824,65.09682362150988,77.41162943803975,Regular,S
62.226823776323215,29,165.9353543210876,99.30142356700074,126.73399075838839,Regular,XXXL
80.67038170515559,68,176.7355693703166,100.17801662728236,120.45167049072143,Regular,XXXL
65.29252483066165,69,165.31680063696936,78.79981889399632,92.0821661657464,Slim,L
75.05847881181859,58,178.29300648082824,63.88285542956221,78.90839262448438,Regular,S
78.43431546714393,16,180.08088543944328,71.29939812397038,80.92322828634019,Slim,M
78.1802932945368,54,188.61267761396925,80.89028807787997,91.50973963695897,Slim,L
70.068400705046,68,176.28354733133557,65.92986948818223,81.92162601922767,Regular,S
62.44711517702144,35,170.32717646072004,74.2462089557078,90.63390104628384,Regular,L
63.360851965067425,40,163.81014957782864,76.84265338366788,86.00488554407993,Slim,L
80.86958993648516,27,177.27504834640416,76.69919191103794,91.87494793935541,Regular,L
59.76606389175558,45,172.8448498610505,62.35461983144484,70.90439859044103,Regular,XXS
68.29624855921817,68,160.1227617212219,63.810265714101675,75.86552539460905,Regular,S
62.31861160338704,57,155.2170229240413,83.12401354234342,89.73043196003535,Slim,XL
66.60711461401388,33,164.72553220723424,78.08411459930102,88.39077880305202,Slim,L
75.14599981003875,53,167.14188187351246,85.51593831342379,109.68229951259529,Curvy,XL
65.1952993782025,41,173.45089861260243,79.10615998933235,90.48948069119874,Slim,L
67.87443188671494,28,172.02601651799603,79.54932559889731,99.90997350124897,Regular,L
64.91514483459221,21,160.4768086681252,76.26394567231127,87.26788481232097,Slim,L
68.41114019576328,50,173.72698195752767,86.82239093375661,100.77211877792102,Slim,XL
68.03805011470536,53,163.79495252811694,75.52757169335511,89.64767926447816,Regular,L
69.17513274946482,21,169.08270678313832,60.22773074740468,76.71509421631832,Slim,S
63.255981959733155,30,169.25702335192753,75.66310008691327,80.94864220615747,Slim,L
65.46048950397687,30,164.7651040584798,103.518908999289,141.46309598631902,Curvy,XXXL
51.779115039968886,50,160.79462893990015,87.5031485444282,111.78073790123396,Regular,XXL
76.73745090126158,60,176.57543892169437,80.75662640454485,107.94133193372629,Curvy,L
70.85081566019684,19,162.6532384412256,71.24085883268445,98.07580319572908,Curvy,M
49.996556762840974,30,152.40350625796506,72.87368846083069,90.50300073470788,Regular,M
71.0848704978454,20,170.8029617310907,58.170587504044526,80.46468959259205,Curvy,XXS
46.3112114576119,45,150.15625584700433,82.6815394066388,105.76665649755752,Regular,XL
70.33244928329249,56,172.41508777457724,61.72237779907296,72.63720016348456,Regular,XXS
55.25399266541925,16,168.79909563527372,64.91488352138424,69.42513092326372,Slim,S
77.43753149828694,56,178.1412120895038,70.94415999645813,87.02404473331548,Regular,M
80.28301100133348,67,182.79489713109103,65.45874095708949,71.05703955588771,Slim,S
62.602417760863304,50,170.58548385966566,81.22935276435254,99.99069238030548,Regular,L
69.54041549424458,28,174.05251739930512,94.9036099053324,115.61014647156516,Regular,XXXL
69.74311267752448,52,171.36559704814783,79.77720574209138,91.22219684068395,Slim,L
56.75992748739509,46,164.33089091119132,82.36097259947606,99.90096999053559,Regular,XL
59.20935377990656,52,166.2874584181771,89.62787439082894,114.29812309033382,Regular,XXL
56.44229517312147,58,167.44374171006186,63.95704130327277,68.85817834415231,Slim,S
67.95645822090333,51,170.78673391396902,61.9594591298887,73.17115779238884,Slim,S
73.46090849795955,64,176.59466403816194,79.03229875274026,94.61159515491754,Regular,L
74.69234423476391,21,172.00665272803369,79.8255641225392,112.4151197639644,Curvy,L
70.29278670454752,57,162.8992996633923,88.80311378284142,110.38363124358487,Regular,XXL
72.35397702387947,29,170.9616951195339,69.60488467725146,82.7912291474566,Slim,M
67.89298997367324,51,174.71479291385282,56.98207451107532,69.82517438305196,Regular,XXS
68.09636374368979,68,160.8293387312635,61.63011379630263,72.5851178820066,Slim,XXS
63.86162339722321,30,158.16653121759668,79.05496800559769,93.50063104413903,Slim,L
51.05570362405658,19,162.0051384846178,74.12245608834719,90.02435265278741,Regular,M
75.81676053485882,54,174.65293428944324,65.46831360777574,90.44692483484359,Curvy,S
60.63706560555216,60,164.32274582181603,74.1283687117684,93.02204328563155,Regular,L
57.74372711304353,38,169.26471380258548,87.33227588396373,116.15290580894222,Curvy,XL
52.06552745015119,23,165.23868235640163,67.13530014443496,84.05742332933904,Regular,S
60.554581508165754,54,163.90100607458646,59.08627975104083,72.64839472628235,Regular,XXS
54.539336491742795,38,160.90136432915384,86.25095847563023,95.81470496751888,Slim,XL
79.22051940872358,35,171.4025704666409,93.47811171926486,112.26297197569042,Regular,XXL
47.36564363986567,42,151.86128961502072,77.10174490873152,109.08094286909055,Curvy,L
76.41691464373986,50,180.93040034177534,70.02958817950572,93.78880614951919,Curvy,M
72.32544052973532,37,165.477626757711,64.79702000220895,82.07357015365223,Regular,S
72.0854204406108,21,164.22947423079106,85.00577094308625,97.64540881056251,Regular,XL
63.923884984571245,20,171.8420840112474,65.1804583939904,92.6082889439409,Curvy,S
61.42090967095545,28,170.01053318590482,66.68959750307582,86.1372007532061,Regular,S
49.632756304829066,23,156.4511659026419,60.57625959029775,82.63078026981594,Curvy,XXS
75.59094961260129,57,172.21518338932634,84.31445066299928,95.5016965970098,Slim,XL
76.88016577546658,59,172.6189082008533,72.97662487575819,91.94581809452265,Regular,M
57.09953967035659,50,172.7402424585421,77.07960686161847,83.03956021867165,Slim,M
73.91693081222219,19,173.7826151598841,80.07010380072663,90.54209488785207,Slim,L
57.9504689859451,49,169.13525742406264,84.81603808312451,96.7367568126567,Slim,XL
56.73592362422188,56,168.17682199879886,60.055536377455724,64.2623120090179,Slim,XXS
70.74142189961422,22,169.02922358363372,78.9791055390866,87.25622038451084,Slim,L
57.845427115152816,63,170.005539328182,72.25911479504303,84.94502094527151,Slim,M
50.97764776166403,56,160.2689274458544,92.95441416225604,102.43412748006114,Slim,XXL
72.88067989794341,42,178.88540828886164,91.86973015838088,126.05778344452071,Curvy,XXL
57.179644402560875,46,165.378102797856,79.95912011174259,103.88849245550261,Curvy,L
60.1742123938395,40,167.4648724672422,70.88651373237902,79.90886334576652,Slim,M
59.10280388535176,68,163.83524657855637,56.36093715580262,67.6624907488914,Regular,XXS
56.35534658597957,57,161.11612741293732,72.0839501315908,83.99819316649506,Slim,M
59.628507641133574,63,165.3092931709239,75.80372941036687,90.97201264426548,Regular,L
54.491414835292424,45,160.4823792139828,90.7122051458798,101.89321575924727,Slim,XXL
52.7016489842527,22,166.40920205185878,78.49938858032942,104.20803718994246,Curvy,L
54.293051996221514,20,168.40429074234328,71.19534886466168,77.94139881582907,Slim,M
64.95064657425229,35,180.8103866542207,64.57010716041171,90.77395838489731,Curvy,S
56.31643012090699,45,170.3679032387437,65.78898960446082,81.32290990491414,Regular,S
60.525027770011704,61,172.93408874538383,55.49879925410357,65.6255941261429,Slim,XXS
58.849673525928225,61,159.6277012281152,69.03328287453232,84.68465425702756,Regular,M
57.063666634762484,27,169.20728770900055,79.41196269710002,83.66340571454867,Slim,L
73.15476292014327,66,172.6730518785505,70.0503993114128,81.50219887604901,Slim,M
78.77837924418105,37,172.87340186752192,64.08015236906014,82.95042709051936,Curvy,S
58.608826599017156,22,162.45351403528664,99.0371756066613,120.46765891581457,Regular,XXXL
67.23794489631142,24,162.74068965031293,71.4851033425718,93.01041016780624,Curvy,M
60.58031914474735,65,160.78803914484675,69.85887795667587,84.41631660391357,Regular,M
61.792349985727625,64,153.11168056534308,65.65149506887093,89.03965305583827,Curvy,S
64.69717016614163,20,168.78330990086914,85.34120942686442,104.39624127457881,Regular,XL
78.72781693512442,51,175.05691017660405,66.9301674563438,73.42299722047557,Slim,S
58.37173233659454,21,165.06145882665186,89.18751534622054,125.72589857571344,Curvy,XXL
59.40234755339767,51,168.00566902144416,79.74667669275756,101.1954262956886,Curvy,L
80.53105856075928,46,176.19021041296654,66.56364792110787,82.85093662664949,Regular,S
77.97227134214975,33,173.3584647840747,74.92719218089617,88.54231312949543,Regular,M
60.337617493887606,58,165.38727338039337,61.069249361704415,74.49759621742675,Regular,XXS
58.726318027405014,52,166.6113485035624,71.17156852057407,85.81867841241275,Regular,M
63.43887808247934,45,170.2941928990607,85.07506706102879,101.13569995733963,Regular,XL
86.63107679707295,18,187.13687708219194,55.5645275704907,75.28329592330661,Curvy,XXS
72.89322379254654,29,173.69128463572397,70.3316212652172,70.49524645643501,Slim,S
63.28873877414348,16,165.3592784663885,81.86508858796881,96.0221967001978,Regular,L
64.61014611738547,19,168.61287256361328,94.18060807872189,116.4343020506301,Regular,XXL
75.14114871168194,43,171.1851781209803,63.84556422735113,79.92746803645367,Regular,S
65.29427536139798,68,158.1109136317563,95.93455524602848,103.45241578139434,Slim,XXL
74.04975967223258,46,172.30747965773162,80.80242790931761,85.33303399090624,Slim,L
76.48477656355361,39,171.992766529102,55.864933667110456,76.61499944272973,Curvy,XXS
74.70860440632036,43,167.82372108796585,78.83475018312264,92.04854597778838,Slim,L
64.1756725040091,57,166.8919020431422,90.56568605254371,103.34456566406838,Slim,XXL
69.56299250922214,67,166.36098668908227,99.90126095139105,111.74900020324556,Slim,XXXL
59.52710786332687,45,172.8762083616688,85.75186455728469,118.9727367850028,Curvy,XL
73.96642080707451,68,179.82457518685155,66.55998888513314,74.27004713324538,Slim,S
61.96286350020621,18,168.6761478065226,87.12321874394075,104.54586941229867,Regular,XL
82.90774946369119,66,181.63281662447295,71.69631007805546,95.77634102856398,Curvy,M
62.16066453600366,44,176.23015193138784,81.41568843724829,101.28767315912764,Regular,L
62.56083228395599,67,168.3686337730652,77.84708510266393,89.88795243623764,Regular,L
83.05505912094124,27,181.3869115692202,76.08621402066355,91.90176060350869,Regular,L
68.59398636870321,62,167.44293237359915,63.11986626293186,74.47909895553501,Regular,S
60.02910914413756,58,171.14107292520774,76.94171366010795,104.52762980827303,Curvy,L
69.41294163899394,45,162.72768580089084,63.23058291200845,71.51560125540938,Slim,XXS
58.9859006236892,68,167.0057137827005,80.07597210328747,100.44191248233324,Regular,L
62.1530849081562,34,163.7663919215079,75.2957216842184,91.21128843467152,Regular,L
66.06990689705886,25,167.26434573916586,86.15382323585551,100.94559989864827,Regular,XL
48.137674372655795,46,158.97549956153844,62.89716110967359,76.89262631895754,Regular,S
64.20641179581327,52,169.7492744540584,89.72385880968004,111.08778703102683,Regular,XXL
74.40961143947047,36,169.7104703515285,66.57900268470576,79.09382947348116,Slim,M
66.17417469032146,35,161.22852558832818,64.99679687044566,90.5483908108654,Curvy,S
76.57235319097663,62,174.6178888612594,75.49013398072796,86.41955271895199,Slim,L
67.67408689022733,42,170.32771784109954,63.93357967165559,80.50458462228505,Regular,S
51.84157343554272,38,160.56966334838032,84.78503847710402,114.52158835321416,Curvy,XL
73.66974792775294,56,170.4626589801111,79.50986393597792,104.77698763504523,Curvy,L
67.40475549967258,20,161.2605389589894,81.3517333467551,90.73371802410408,Slim,L
57.88672993219336,46,160.27373893708832,64.15253838612043,71.4412547679784,Slim,S
52.65838541555647,24,162.09042001336348,74.40801579887086,99.91697527555307,Curvy,M
72.53178582116294,45,176.73685427185941,62.19040738389442,71.26896289656386,Slim,S
59.14521719399798,45,173.793092474516,74.6345378650522,99.20569401091166,Curvy,L
56.65549820696038,59,162.87134986769317,80.61013795216067,98.27507264160106,Regular,L
74.772167425138,66,178.90701210830673,81.0596797951114,95.92989839591056,Regular,L
67.79196530229977,20,173.57058289664258,64.11099195312646,80.12378825016177,Regular,S
61.53282266454767,48,176.65689850394511,63.77468848255702,84.57840624258141,Curvy,S
62.25716118888571,24,162.7464852349807,105.2783997670524,126.66758779678744,Regular,XXXL
80.04730459908079,41,172.32230355228558,96.84891652410629,112.47383160685939,Slim,XXXL
60.670750297577406,16,163.85794042222224,100.86004076745085,113.45062177343355,Slim,XXXL
58.6153227251281,24,165.96042423677127,84.29395972907935,111.75703149008838,Curvy,XL
61.76916470271563,55,165.2225080391019,68.21009975434647,77.95200251418159,Regular,S
69.50634405720663,55,163.50929602846236,93.78564559001144,118.18365648387352,Regular,XXXL
61.66179103205486,67,169.34056084640793,84.86748692646849,98.43267377344817,Regular,XL
69.81795140204788,39,165.80123759464166,65.16920539998141,69.10604857353997,Slim,S
71.24408689867225,28,164.08891104765047,72.30554109850189,88.97936675445864,Curvy,M
58.06991728995374,26,167.45702894640414,93.84408553340512,113.88327622340012,Regular,XXL
69.09112797345443,24,160.7298426335362,91.09999307834819,115.32128612245317,Regular,XXL
47.57380869681626,48,155.89976827760898,87.98833000612693,94.25017205635541,Slim,XXL
74.87837753169502,19,168.82286862345867,57.46825767274457,69.53705569320208,Regular,XXS
80.6016836675031,47,173.864434251728,95.04608694199554,116.16687115262691,Regular,XXXL
54.885074247694064,57,161.18768016176546,77.04886575412884,102.51146112510844,Curvy,L
61.93294908255513,24,163.81139209274733,82.15389063863913,99.8365067870382,Regular,XL
63.371322579756615,28,175.40780080571693,90.88389700912377,114.37030079452252,Regular,XXL
54.09056282430601,61,153.80824307110296,60.32910764195004,63.65588470885045,Slim,XXS
64.9922717931804,49,170.73460171163973,63.61243100567407,71.01292882822474,Slim,S
66.84762984987833,37,166.22489382966185,88.28479879840386,101.11248912336697,Slim,XXL
77.67456689672643,33,175.80832575484757,70.74050445395427,82.32643008806784,Regular,M
75.38181374521949,46,173.27719998465898,76.46819624706384,107.89911824290027,Curvy,L
59.57391060452458,60,165.0130525999753,88.03055381152978,119.05118790809817,Curvy,XXL
67.99557035938227,67,167.84164524383434,76.20263597147107,101.97135716685891,Regular,L
58.76484164683202,19,162.30830244733036,83.39283216338947,103.5422190192878,Regular,XL
63.940070032853235,66,157.79453872003415,77.81476623707113,95.94023188554678,Regular,L
63.67814422923759,66,164.1310628835565,72.33437261363643,76.91110659131724,Slim,M
61.29766437926975,34,166.8659395677797,81.07495950095118,100.89500776042254,Regular,L
51.53313124461004,29,162.0324629881952,72.5415853241823,82.2847483083375,Slim,M
75.9450559352058,18,168.10434699501562,72.79340768901945,95.83616647823865,Regular,M
57.50669101284424,30,159.55488408161122,76.28130682309235,96.84953027211965,Regular,L
61.10820320461881,66,166.41903625763229,77.8144309044918,106.07213063024842,Curvy,L
58.84397894361188,59,167.49141168651101,90.18604500534593,122.32483897652004,Curvy,XXL
67.02678187215862,23,167.78991365384118,95.72560994353701,128.77233419778102,Curvy,XXL
57.73380697985799,43,167.9777111146648,62.866367610372464,76.68119397848722,Regular,S
65.75254533260895,39,169.54703561539327,80.22543946115084,97.74644966584916,Regular,L
74.7862767616563,35,177.4891637923384,70.8631544851808,79.77676085516596,Slim,M
57.16592505991932,30,171.06122841181994,81.91986930699458,96.29169571668864,Slim,XL
53.995122142362995,59,166.28899865956288,88.63323217211567,106.23433118165762,Regular,XL
64.74046326524045,38,168.3015725849914,79.6777124178043,101.8768046837914,Curvy,L
69.1783438761809,42,166.65292062021717,73.7795196974891,82.11273899331569,Slim,M
73.0900161921187,66,171.81320832640446,91.68209715770718,111.6996600541335,Regular,XXL
59.367715736395134,43,161.7392112206513,73.05531799906866,94.65533614571682,Curvy,M
51.91761503932461,54,163.52362971768426,73.723167221939,89.30935149176294,Regular,M
63.57438708073327,21,166.952593558991,71.30447478480069,90.81283242571352,Regular,M
66.5686668758777,58,162.62790234415564,104.54531242975825,116.65820744815038,Slim,XXXL
55.45264815952903,59,154.15789815612524,80.23109041522714,94.63007531612497,Regular,L
56.27583442821363,43,168.1608517349528,65.57244281423974,93.72880378243312,Curvy,S
63.86141946175835,23,163.4864305611161,71.47513200243964,87.80995512780582,Regular,M
63.52628982908593,64,154.02826619536773,78.80833391016237,110.49750700217925,Curvy,L
72.51206455532119,49,167.160258339491,58.8321050751373,65.3894420878149,Slim,XXS
44.36406923339226,31,151.31366048875998,77.70871298733995,107.61806859425478,Curvy,L
71.60007925941417,33,174.85389937176367,67.44593297674257,94.96758805944295,Curvy,S
52.305921704717036,52,165.90593367823124,54.38668667210084,66.81499320819815,Regular,XXS
70.28526732168241,39,164.4163092924002,69.17220333181729,89.93418354554673,Regular,M
67.95999009126157,23,168.3443269668031,68.31356558164332,94.41440011705537,Curvy,M
64.8781799313979,21,168.16333733770335,74.94223451281512,106.64802572179796,Curvy,L
64.56794491095816,22,169.61824326096976,69.54962687901379,74.5858954291337,Slim,S
65.21605736606722,32,172.56336938688636,60.998374812507414,81.18889932453119,Curvy,XXS
68.90917500236546,29,172.13315556748773,62.677168205239006,70.81516125529751,Slim,XXS
86.81496804117283,27,183.10749551691404,56.15943352812504,65.48702174275667,Slim,XXS
55.04995329359948,66,157.57724189180203,102.52995132408212,125.87205198373177,Regular,XXXL
54.023836874730726,33,167.14422824113217,78.93734060133227,94.44856118260978,Regular,L
64.72449705651275,54,169.11598236917968,78.62104708294373,90.12266961036491,Slim,L
75.02027612495118,21,177.4174797054747,70.90334019150984,89.22385499530544,Regular,M
65.74984022370643,39,179.53553921562082,61.95513001018644,77.05981723446274,Regular,S
54.35738566254176,51,168.26975243920842,77.27482198134881,89.72293948360301,Slim,L
58.62062821813389,19,154.60424431637404,83.66393697770633,93.5412016042721,Slim,XL
52.678474035296404,38,152.7626024522763,71.53418028964074,89.67791064194829,Regular,M
62.027743752396184,20,158.4275365710665,72.3450680258538,89.81522542398523,Regular,M
72.72083536354062,51,172.8986577120201,69.82034273795153,85.93274876216394,Regular,M
53.15558147805987,31,162.94850378013453,70.47205380461246,77.41401107108558,Slim,M
52.89774404848494,51,162.91567120947553,66.29614900659622,80.18349391956637,Regular,S
61.605390130604746,28,171.0462245709204,75.84835608165467,91.0295798440041,Slim,L
48.68111429958394,49,149.87158324680573,90.47298669304024,111.41736573882704,Regular,XXL
59.206945134955916,52,176.05384056981651,81.66510066499093,106.72414747701617,Curvy,XL
74.24727471239467,38,166.7842609414717,70.60164597620987,87.75677960449529,Regular,M
50.74112013704499,62,160.7889945608226,80.80228845557001,86.59446213603499,Slim,L
64.81819162452905,38,173.16712336220715,78.67850786745753,88.4015656300895,Slim,L
59.48860302147186,31,168.65591051059775,81.999879489637,114.9813819287171,Curvy,L
60.06822272679842,50,168.8233391241859,76.59483806155654,100.38842229560105,Regular,L
75.32625780312378,58,185.851991288222,56.42636247050044,64.34494890413623,Slim,XXS
58.92232131713828,60,154.66589274568642,61.042984244050075,79.28834624684067,Regular,S
70.20924925629721,26,174.47675548777508,99.63653552281203,126.5566007540479,Regular,XXXL
62.25318981297088,65,178.9446348039088,85.96572722169334,100.32733042306401,Slim,XL
57.43656414971208,16,168.00604405963676,82.28141109815918,99.9342931891758,Regular,XL
81.5999420669011,38,181.22647709742824,93.83343305504197,116.49896822617309,Regular,XXL
78.85398031714413,22,171.14330808438572,76.09037900200805,88.27761736839457,Slim,L
52.97451377248778,34,160.01354579767155,81.04676153966942,100.99295798412138,Regular,L
62.80248699607048,33,158.6377543488258,69.18765556459995,90.54375108056959,Curvy,M
63.215245602157495,64,167.53023658316297,92.71395378646638,109.18623194467371,Slim,XXL
68.95831843308419,33,169.55466770670586,92.99803552000988,115.99534811601066,Regular,XXL
55.03510315580558,33,152.27555286818796,69.37162153453585,78.37126478782193,Slim,M
69.19446261863972,54,168.5546972937228,57.016449942830434,66.2922944302189,Slim,XXS
84.55680018758274,50,185.61611139727694,58.922940500254626,78.10829469723521,Curvy,XXS
61.318142662999385,43,161.1116026226754,90.81458304858856,124.79674221880748,Curvy,XXL
72.88459144807824,32,168.39462532635875,78.76147799183356,88.85556843551383,Slim,L
76.61427941889416,38,176.7777615328515,61.38970072858375,70.36744290224689,Slim,XXS
64.03882492229273,45,157.7731789695814,103.81036433663729,129.81356593689293,Regular,XXXL
76.93679274079065,45,170.56173262359064,57.884370251310386,64.6869729601838,Slim,XXS
57.436332070952375,65,166.69837038744726,90.9800810052287,110.2383896823112,Regular,XXL
62.64588879347149,41,162.2554817310539,74.39776621185402,91.88869508565776,Regular,L
74.15696156425281,29,172.2736628989974,71.6021408736181,82.94877259841097,Slim,M
63.0527499910758,37,159.75179779882154,72.87611423238177,96.79650459056582,Curvy,M
67.9431467449909,29,177.37448114619076,72.56586685679176,84.32089796025154,Slim,M
54.50182076665671,40,168.27846032399864,68.70704901783581,87.96100410456754,Regular,M
68.24538448450953,39,167.86745272141985,74.86530002287527,82.0576955410432,Slim,M
57.796288934005545,18,170.06080685918502,80.57702393006952,104.89721443269066,Curvy,XL
69.8575212038591,28,173.796734229785,69.16363961904713,74.26552861258574,Slim,M
64.0628057838691,38,160.65584750688828,72.64178484265727,98.4880255230509,Curvy,M
81.57518073103176,27,177.08758276755057,99.51452971899927,118.02067891423216,Regular,XXXL
55.808560931399235,46,157.43605245275975,66.16312157954839,80.74661150645986,Regular,S
59.95307844312491,58,167.51121993595305,84.59595686321448,116.97042163682234,Curvy,XL
52.29597477575044,18,159.38895050078352,77.16812931976945,92.7377258155202,Regular,L
59.12784821555281,51,163.58190998309914,67.23413659682019,91.4898283996571,Curvy,M
85.61237357571437,21,182.9396960332908,76.44923314445829,84.9204387832004,Slim,L
69.52393745862496,42,164.18758861424607,69.33542430463183,79.74502414137221,Slim,M
81.42878672473938,30,178.96081482888297,76.23150471057416,91.66631473031687,Slim,L
60.804884686798154,16,170.32962204110427,71.01700914582678,94.64365768107055,Curvy,M
55.70023580071983,25,168.42021094572252,77.32665112135298,86.29130014611977,Slim,L
63.04509977252348,43,163.1607458885746,87.09747460637165,104.13240528680656,Regular,XL
67.71491588593778,49,165.13737653246986,70.1480277218858,88.27223006826702,Regular,M
71.31760868579912,52,166.73729992127792,96.66073387412501,114.2832649568435,Regular,XXXL
59.452723982198236,48,175.75015916545084,62.60189143121608,81.4138371824089,Curvy,S
76.99279031063207,65,175.28172626931797,103.24286061220677,119.29854200211021,Slim,XXXL
71.66830492336763,39,168.45393346637456,84.86143612151706,95.86364380165857,Slim,XL
58.42637773624342,22,166.06855548220005,88.71118074356615,103.19471124645271,Regular,XL
66.63221966538218,21,158.92783851252034,66.15488769170852,85.84787773886988,Curvy,S
48.253137270912845,50,152.42126020687348,84.34702484641049,98.19663612406386,Regular,XL
81.25976815874928,42,177.69703363386787,80.7822074424719,98.72749729693425,Regular,L
65.6328025579425,35,164.89699374510025,66.3007383737247,87.00983790832196,Curvy,S
76.3983936778932,34,168.88903500237208,63.930130098395516,80.97642022489401,Curvy,S
63.30265028988158,67,160.5928807688708,75.0506494277738,97.48341644601788,Curvy,L
58.50042890619272,50,166.67935547997564,87.42058375633117,99.63452334241887,Regular,XL
48.1245808072122,60,151.38304116980902,71.64165878191781,89.20158853817172,Regular,M
62.168354828243,27,176.9982137598865,77.5261140054655,95.819067355802,Regular,L
83.94239940571687,47,176.95115678344536,106.1502942826156,121.98420778410672,Slim,XXXL
84.09219199135286,60,176.78787900841456,82.90130438277386,86.24553576925676,Slim,L
57.58431545974506,42,163.87863280726387,85.27665199769352,97.75376752009147,Slim,XL
70.3894857766079,25,174.03967012913571,102.7086619246008,126.59948037098276,Regular,XXXL
73.13136479866733,58,175.04052770365874,64.38160908640617,70.84344038681061,Slim,S
63.04794193635426,45,172.03416598430707,100.69745400178596,118.68965648794445,Regular,XXXL
61.39878770087956,33,170.91649181884367,76.4274241100051,99.84912121590575,Curvy,L
60.96547625811972,54,166.16735175262633,79.28210601912238,94.64154177515557,Slim,L
78.29458213297441,18,178.8224042791738,96.5233095251466,117.00493792332473,Regular,XXXL
52.70555489231762,50,157.28424180033795,67.3891584788329,96.8114992007413,Curvy,M
80.45012198570522,29,174.27317133082798,54.58574662565281,59.818715297391975,Slim,XXS
58.13549673656516,36,164.30986359601354,75.87081751629208,102.14156006082622,Curvy,L
52.888414711791675,51,158.54414403145424,76.59052140480757,84.24617702096998,Slim,L
70.05277640201736,16,172.79282665490877,63.458771048052334,74.12520563343158,Regular,S
74.81038424717411,21,169.03494405363054,74.02331924011548,88.30298866982034,Slim,L
65.63258182296312,26,170.3577540232184,72.65167258066015,89.38433306493357,Regular,M
71.5851156307354,54,171.2181446176104,67.0993131822091,80.96086471586538,Regular,S
74.2653615750441,65,171.05140494027472,58.40852882223691,70.12070234592305,Regular,XXS
76.55558760973844,49,176.52301017807682,74.07652231595706,91.84367979849068,Regular,M
72.02481054320278,43,179.39702185661795,71.17859057562086,78.96844791076663,Slim,M
52.25437110803848,39,165.2147408254615,74.26620907780483,100.2841450320887,Curvy,M
70.02640060716148,49,170.26442529806923,59.267463427726426,81.34762866678402,Curvy,XXS
60.92570598256442,38,162.51460065927895,77.27348568796074,83.15178968853922,Slim,L
63.784723830081184,62,159.81397421299533,68.22872407733063,78.7503511816726,Slim,M
67.50774977580139,56,167.87021505923246,67.71741843591138,74.39998873142734,Slim,S
79.10918741721922,40,176.8968049537707,84.28050505817788,114.43181678533531,Curvy,XL
55.88257587293124,60,169.7471119003534,66.61930638051425,93.36736364389704,Curvy,S
54.67451404670917,18,164.24188428530292,92.36909084495223,99.66095763226622,Slim,XXL
54.649445579986974,49,165.69675138505664,65.28758472800136,83.80207810467569,Regular,S
57.30150773185803,25,165.91970999855644,62.69536582821906,83.40447430154613,Regular,S
51.30081530743951,68,153.8768993037602,78.11319439572979,96.10026080584234,Regular,L
53.8659902339748,47,154.38667313370067,76.35926629177965,91.25942882623455,Regular,L
81.4071722612523,40,174.13983475643303,78.22824813697572,90.3813770976839,Regular,L
58.06017477160089,57,169.5412122611842,71.66133805625478,79.43481904117091,Slim,M
57.277844306380665,26,155.4548454926396,63.11204875372243,68.36280530425324,Slim,S
60.63323284584673,50,164.85110734373592,60.56050051310668,80.17370460737058,Curvy,XXS
65.68225575467977,22,161.17203615950928,76.6939778898337,90.69684317210283,Slim,L
62.24916747066478,67,169.60558955431102,74.16691629467685,94.96058691903285,Regular,L
62.141101417057776,39,174.66526213303547,97.90198837313571,120.46880904962183,Regular,XXXL
54.126347777075196,16,160.60749754127147,93.52474208814388,106.76609020061218,Slim,XXL
81.63648355237662,41,175.48844934348813,66.25864113479811,71.2633536956848,Slim,S
62.16705501001751,38,170.14440342071802,67.25987745480148,90.77704566113833,Curvy,S
72.31237353492112,54,171.7851636261423,58.32978496016916,78.90815157748897,Curvy,XXS
56.876420043564856,40,159.36373718267168,71.44252323273142,98.44667746828382,Curvy,M
52.75711737485461,65,166.00504299862016,73.7393747842306,96.13886531322457,Regular,L
78.53536799650405,47,179.43008129629416,80.98217295583449,96.53505710713796,Regular,L
58.735434771637955,65,172.54618701722228,72.88545715701892,94.15783590419238,Curvy,M
70.79485109221392,57,166.2122199581045,77.65592447328369,95.66978685273216,Regular,L
67.29658933872697,37,174.49364457290613,72.15050220783267,98.31677960272137,Curvy,M
52.97485631800035,34,164.8552783943883,68.96593590365772,91.20575693540415,Curvy,M
74.75207919330865,43,175.15386219600748,89.02033945762767,110.87838027795898,Regular,XXL
64.39248334315093,44,171.9361142445352,81.91867586706815,106.14370605136912,Regular,XL
71.93469005299703,53,185.08469384061894,73.12335994140425,91.4145309230121,Curvy,M
59.99802904135586,17,158.6545773771984,81.70725345383639,102.03806813071935,Regular,L
76.65435378177109,31,173.47560382109143,72.11509574175595,87.16791216442085,Regular,M
57.060922685103336,30,164.368868670775,84.13210475693137,106.6256478229827,Regular,XL
52.690287100532444,28,149.19635317900511,71.05426587681649,82.38758581816032,Regular,M
57.058723365672016,17,157.5614648765364,68.83602708983322,83.23561642722844,Regular,M
73.09195278989127,19,183.93629308767447,78.26556686517532,86.07358243361386,Slim,L
66.7671322805176,34,167.90161240553553,66.867796014971,77.5476257408584,Regular,S
63.3007501093353,67,163.37509233027487,63.22471187219779,82.81469407412672,Regular,S
67.74984211093766,30,171.49701423784842,70.59590825266255,99.29456604381501,Curvy,M
72.86489336475636,64,168.17871391454887,62.09732146317627,78.07895304416583,Curvy,XXS
73.85326880643132,27,182.771167364794,80.46279147755435,105.5947480928447,Curvy,L
66.3932633961417,29,171.27251950667247,70.58842047459842,85.15963597209333,Regular,M
58.75125846226706,48,162.13214346657375,74.60881812841791,87.15581501675909,Regular,M
54.12643077729527,29,162.93381836231782,77.91232472845785,83.214224623825,Slim,L
71.76289052706201,17,171.5986177098121,106.13316865525634,115.94376967284096,Slim,XXXL
65.06208691507601,29,175.57446053209497,66.98860437657628,85.10643457834364,Curvy,S
70.52851331073869,23,165.13607652469332,76.64461908677826,102.27525817769914,Curvy,L
60.664049394471654,64,176.55033857115433,76.28733820852545,97.92514139937452,Regular,L
60.576984232134016,22,162.9532287764225,66.46678694928187,79.38557700235579,Regular,S
52.27669613774725,18,161.74116861998405,75.47589418407685,96.28739549550421,Regular,M
59.01955748150735,47,164.32112590147887,66.27072043209826,87.40719762108374,Curvy,S
50.8318283918042,51,153.29185101382345,63.02736863624892,66.80211683062944,Slim,XXS
58.283548163772295,66,173.62026651147085,70.18611091320695,88.27278120421592,Regular,M
89.11641361763567,17,189.33524177856006,88.93611734804277,113.13727160735465,Regular,XXL
66.96461584728995,17,165.2628107909821,92.70166865786341,111.12668024095923,Regular,XXL
60.84422152186569,62,159.47174262697857,62.79284809217797,80.10206064222585,Regular,S
56.78253908710586,65,168.19545472142428,58.28807802177434,75.99256390038371,Regular,XXS
67.38574565003616,59,165.78488515384956,68.97973548682758,85.40450191960849,Regular,M
64.41925713015603,68,167.53639566589825,86.96059799307363,101.59095927615643,Regular,XL
72.94102817777191,48,174.28148065848302,59.470283936124936,79.37515614009351,Regular,XXS
62.90285621281808,63,174.21545353883863,79.8197088219675,101.81968173984157,Regular,L
72.08061866584362,49,167.71922826572325,78.95037118954744,98.10084109104909,Regular,L
68.91322829482057,25,168.26111069352697,64.13189734401423,77.8892215370066,Regular,S
86.45039909695704,62,180.84284769889445,62.723465697574525,70.77146600976076,Regular,XXS
66.94960318534416,30,161.73926909961494,74.2365715370989,101.63346388717366,Curvy,M
65.43130642861718,30,168.09735745826325,70.32465284079525,90.68719878141623,Regular,M
56.85064048370747,46,170.59726588402015,70.41314281507002,86.34481609828943,Regular,M
62.52361361351209,50,169.88978917011386,67.85088409048377,87.026214398424,Regular,M
61.0600898367047,60,160.50563812032493,86.3869863807981,105.65456444729391,Regular,XL
58.84741695059419,55,161.76499739791907,70.57714136244245,80.82225562166069,Slim,M
67.11833993912127,31,174.922318049082,80.29640878337536,95.27054179583864,Regular,L
59.26366328902799,42,166.2398557787226,66.81821798279871,77.69164547840033,Slim,S
69.79066239406637,35,164.89896133869402,78.86863809210114,90.66638429288702,Regular,L
69.76102033446881,68,182.0255584165247,66.71547238471526,80.00938448069283,Regular,S
60.79778327153785,60,161.26840388696795,68.70781814504453,85.90373138926863,Regular,M
72.3630189350739,65,167.4052373619318,80.48210206496361,104.90184488130089,Curvy,L
53.3550767606631,17,163.1105827838454,84.09390441949775,100.56380995486266,Regular,XL
59.973857941898636,55,170.47781423308803,72.1738045639011,90.82547502115506,Regular,M
81.19202788511285,37,173.92859024545828,70.29368045461639,88.93607037275193,Regular,M
58.511627118451244,31,172.38453539765737,67.31876016606157,87.80043553640724,Regular,M
60.42404254694621,23,168.30844135027453,92.38276948642354,113.08750530991546,Regular,XXL
66.30750190608617,33,170.51555672699882,66.01496949251336,86.86211545445158,Curvy,S
89.50834324165024,51,184.97305045864164,80.81767617753697,114.82587146840962,Curvy,L
62.27583485873406,44,171.60124507157317,71.98126585303359,93.15997179820376,Regular,M
53.52881380712322,37,161.2491689806008,87.93034205796255,102.586444823394,Regular,XL
64.93746287647117,45,168.11203973897105,84.84835220812266,104.40997307594373,Regular,XL
49.851106604549805,51,149.8030317503504,65.42119506017667,72.26284655867961,Slim,S
61.48540427103694,30,169.96091427498095,84.7678089043623,116.63750047714394,Curvy,XL
73.54880135219166,28,170.22042010794826,72.60786126762048,79.11861273293965,Slim,M
53.0275754653896,55,167.0587605471827,70.96534286144667,83.00522577122145,Slim,M
69.62017842874818,67,175.73445683400436,106.54061198780981,138.22843840142755,Curvy,XXXL
70.78456495141698,65,163.32479218723176,91.93739461941826,111.70695158813275,Regular,XXL
64.05607330140835,61,178.87438079491844,58.86538147799788,64.46415505433089,Slim,XXS
71.4922048976903,36,169.46395559716208,75.59714023689858,109.34807557636098,Curvy,L
54.699902505038615,17,166.19354600739166,68.30554355016632,95.07512458645941,Curvy,M
76.30176436623594,42,183.73533570006603,72.62595792270389,92.16492275618657,Regular,M
60.92359117439014,57,167.87549528903764,63.202568568741825,71.80606727748142,Slim,S
51.250586476920425,59,162.71179956298005,81.72516422921525,102.8715190710263,Regular,XL
71.03463016109698,51,179.49094427395002,70.4495169613882,74.90495741623064,Slim,M
50.80757508969778,54,160.57424026121586,73.23924226886567,79.01235644408955,Slim,M
65.28025561820093,43,167.05866158245718,84.60919410240953,108.15212211171881,Regular,XL
80.53383347923912,61,186.95429840649197,108.45259118734191,148.60138358892937,Curvy,XXXL
51.76378112661792,30,154.097563073228,81.86167594690555,93.49870337262807,Slim,XL
67.42438530178492,27,160.7964123089758,77.30293807928386,102.64910030830475,Curvy,L
77.94656765839872,34,174.91255985711157,76.66074322920582,92.08325833526246,Slim,L
70.52066226285967,32,176.3041002185277,73.71591341985963,87.75390215343235,Regular,M
73.36488816663653,51,168.46570181668045,78.93597206012105,109.09912697662217,Curvy,L
67.0889191645705,62,165.49858264277378,88.8555721812243,103.59965114929406,Slim,XXL
73.98098721690096,44,170.51470946505145,80.03437623757623,93.1761110140338,Regular,L
65.17475745237094,53,171.05082267664227,84.38515923394039,96.4304700036833,Slim,XL
72.13694704845304,44,166.52730506387263,88.18685980033844,102.16083642095133,Slim,XXL
52.65196322896722,36,166.1844602708966,72.27486409818498,103.10785037764386,Curvy,M
55.28825498048493,46,160.70706158276877,56.862956678602444,70.37945559234001,Regular,XXS
54.38658101531122,56,165.38771317972342,64.03629550048649,74.69570609054513,Slim,S
60.33906883330483,65,160.605141330957,71.04312677059018,87.34249765267235,Regular,M
48.48914028562881,60,153.75499461674008,107.01810505956183,124.37011726538016,Slim,XXXL
68.09426603292012,16,165.96419138683726,75.6522300697492,86.29690596499256,Slim,L
63.84357036951892,40,163.06579710784234,67.14982530303519,93.14469243540272,Curvy,M
54.797532197221756,51,158.78655112772526,64.6768855162737,83.15064375582322,Curvy,S
68.57595673081805,41,167.23727127042653,89.78153091587063,120.05881753215505,Curvy,XL
61.32673580048775,22,169.56322577026657,89.17485598683882,124.78764655665857,Curvy,XXL
61.18315030082067,43,177.8308524016045,93.10769063715573,101.28665869860266,Slim,XXL
54.24210826214318,67,161.80636945317679,66.24650011983123,85.0593411473544,Regular,M
67.04017930878719,31,181.80555034251816,80.72033867125974,99.12167864938715,Regular,L
64.82267260311414,41,161.79514716318087,76.781189879338,90.6117970013968,Slim,L
43.84080988329194,64,148.9680316739742,72.96642280604294,99.04462126467686,Curvy,M
58.88162126434605,38,161.67383264731717,108.58249208884403,125.36880692312793,Slim,XXXL
62.982281543198276,34,178.0867961599945,59.89208874045528,65.28343962906212,Slim,XXS
58.4324794280906,50,151.0393022790386,63.637816657236705,81.97356642132446,Regular,S
61.37802176406292,36,168.09490143344627,77.34397706034511,101.81441785607633,Curvy,L
65.2448088328748,19,183.33807318740898,79.3044017408316,101.11417583448345,Regular,L
48.68247011944546,23,155.73852823261012,84.9740309525852,95.68803378509381,Slim,XL
47.62886713122122,43,154.23137983231624,106.96437624576758,117.4125823800877,Slim,XXXL
66.80121482681584,17,162.8787643453231,72.53348442436877,85.07328000274143,Regular,M
61.03396568076107,27,156.5687631479062,62.70761392024382,80.93721976555803,Regular,S
52.334696411501085,55,159.68623868807387,90.15999233088301,125.48309598365422,Curvy,XXL
74.50938385965517,48,169.3579821437653,67.04143103750238,84.8692174249215,Regular,M
53.38256916600312,66,166.96898097048998,65.7135358126514,74.69321595802782,Slim,S
64.69081483948659,36,162.9001005213999,67.66058128547463,83.83444036720473,Regular,M
67.36306797924007,44,169.3023729447993,77.99773459843092,82.32903225522429,Slim,L
50.77859224115356,30,162.1451415326729,96.01712494268669,124.17171992417026,Regular,XXXL
63.234344136769494,36,176.58343691605876,55.51098760868688,73.9141649531367,Regular,XXS
52.03314410810795,43,164.65773589989104,69.49775606270161,92.96106101353656,Curvy,M
69.37841516430167,68,175.56249416988692,77.04041174155408,87.89124914069824,Slim,L
69.28447587165304,44,164.92408703166785,74.49104933926287,89.6259994832175,Regular,M
61.98332020007207,35,162.61675734392477,87.49576296330987,103.79683516651794,Regular,XL
59.52938634838189,27,167.6699227787995,66.97071531474406,68.72703028000348,Slim,S
59.36427157024335,26,172.262265674581,83.53850321447271,105.18528291177459,Regular,XL
56.87100171726022,53,172.3442582343172,67.35692257416943,86.00447816576533,Regular,S
66.64838308834942,58,176.2532301966014,53.540135682549526,77.32236529202079,Curvy,XXS
53.54729889401739,27,159.09364132708296,63.42050484421651,73.18823316857574,Regular,XXS
73.06736134501239,50,170.6617546366815,87.85505008753292,125.99707329226878,Curvy,XXL
66.17265888375205,58,170.66584427992018,97.39587973096016,127.90997191566012,Curvy,XXXL
72.09680130603165,45,169.3219204005194,72.20743076545118,88.58162365032692,Regular,M
60.547618078303415,16,169.331945016921,56.61935516417664,64.24954590455468,Regular,XXS
87.81336353937631,23,189.68265315467914,93.31859177285125,117.05680588276054,Regular,XXL
76.51549698874325,22,172.79560549057362,79.76430826815434,99.55163153085594,Regular,L
76.13937245509742,50,174.48021790804893,103.3401106239942,125.65447542080902,Regular,XXXL
60.342837322319525,57,157.61516877050275,79.30904808725087,93.35019297361978,Regular,L
78.1740613648576,55,175.13075121284197,67.730113595272,73.07932841918843,Slim,S
64.57420996126703,61,171.55316136869806,94.67203735686871,107.87439879468612,Slim,XXL
66.96554026998743,20,168.86387136580183,83.96559733210589,91.85735446998918,Slim,L
63.9168389249185,65,177.02230421689316,67.82106434238788,93.46023957435742,Curvy,M
67.0650068220131,54,169.15448015548063,67.55874114251941,82.69536763111154,Regular,M
68.0309934737053,64,163.5577111791917,72.08069579678592,90.96847467427449,Regular,M
65.22459368098798,54,163.3683859412086,80.97211757728476,112.53770450382517,Curvy,XL
64.16491316514934,65,170.2707565384219,81.99972279627072,89.637535399141,Slim,XL
67.36035271931227,17,173.1355770355496,65.51093264685424,83.45010156533743,Regular,S
73.59137210672704,40,165.1062093112529,72.64958341551652,91.62053267736825,Regular,M
56.07418244112965,33,162.79474702931043,72.17078785561708,98.99053271815576,Curvy,M
56.608686062754174,24,161.15923620472637,75.94136805213607,95.87509482916728,Regular,L
71.94361765922008,42,174.88146110716124,77.37648110509166,98.81504445372718,Regular,L
66.28694638213283,42,160.78405880445442,80.6284906383376,97.76987449115303,Regular,XL
61.06533485281896,33,169.13276629391908,72.69026371952836,91.91314570507623,Regular,M
80.54498512183292,22,176.47960135809902,62.307264770431644,73.43170570860089,Regular,XXS
59.74142581949067,17,157.27900083476172,69.91465808389836,82.08729838364862,Slim,M
53.578747392090555,43,167.4310376733573,86.18215509581948,120.27436688760412,Curvy,XL
71.86689781444367,65,165.80285000506962,62.10819788942953,79.23924626134603,Curvy,S
62.91945337026409,64,171.74152083087108,77.5255264956691,95.07365719361573,Slim,L
49.116733232265155,28,160.75027734362232,89.5853838721617,102.47116638311425,Slim,XXL
72.91826136047723,44,178.7674800627065,87.67621542627921,119.45485228911019,Curvy,XL
78.47558156977766,23,179.96366596194366,76.55875212704689,81.176716640325,Slim,L
62.37641516378511,69,171.5588283004599,77.81430047324955,102.40095511167989,Regular,L
65.72543715978698,17,165.83702880691368,60.18172508087134,76.3652107660197,Regular,XXS
88.47921660156646,36,185.27296923682633,83.5378722919853,109.77306521219832,Curvy,XL
58.91324082578734,68,164.76163696463766,80.68426353545927,87.12454007348776,Slim,L
56.10920797067943,30,170.56744049540526,75.22091004029454,85.59391522808058,Slim,L
58.84584976580869,17,167.41713848927157,65.7114515168115,72.73736175534629,Slim,S
66.72582782190806,48,165.18329802036897,94.62153034446332,108.23812926883717,Slim,XXL
59.967993355128115,17,162.3404836415025,57.75312128941821,65.56534714128517,Slim,XXS
75.4344042366653,62,184.62222068158755,91.20641500068533,116.82947478956098,Regular,XXL
70.48063889671859,64,165.69549761318976,69.33595129480707,91.00674660911547,Curvy,M
59.52905983187214,42,162.07814197961034,76.52227759741986,94.51831349074897,Regular,L
62.64239805586713,49,158.86446544670952,76.52639919147899,82.44418635835554,Slim,L
84.24689853072334,61,180.01562372150877,77.72246459467122,98.13803522154251,Regular,L
57.78370661382612,26,166.3812887450393,76.58746019652254,91.2071364808631,Slim,L
61.795459046448585,58,174.31260161119928,75.52417025560636,91.4288954656456,Regular,L
61.19745188997633,49,168.63238241720222,99.29438544617567,113.45265359284615,Slim,XXXL
72.50117932058632,54,169.20481994275707,75.58866911410813,94.0801818765482,Regular,L
57.589619885071045,57,163.05307983964695,76.02973248341797,104.18364388711504,Curvy,L
85.35252957511511,30,178.6738335533815,80.90309452134655,99.65761568232634,Regular,XL
56.175059604635166,66,171.5228319510233,95.12360628527365,115.24995209369072,Regular,XXXL
71.4510687270166,52,164.08343482375463,79.39258229130981,102.51198271799998,Curvy,L
56.79781212582718,49,148.83134169335668,70.39324393516883,87.04654237464041,Regular,M
61.3910871372111,49,174.55012776679052,70.01589981088499,86.30144733168913,Regular,M
71.11942020684057,18,166.14181197760422,72.57579919612516,92.22291189394323,Regular,M
64.02182670202059,65,175.08205056692768,94.88889504269214,109.28491276951173,Slim,XXL
57.15633116564733,41,165.81594601581932,99.71777585350128,127.90419528219041,Curvy,XXXL
69.60523224070116,38,182.66048992284811,75.38879883105983,90.67802159441992,Regular,L
69.7217240576862,29,176.6760042423274,85.23952645324285,98.70986498398042,Slim,XL
60.19279272677361,64,163.64563082948567,74.1760206437077,82.56833997168026,Slim,M
66.90448360646964,58,174.32607449786025,77.89915454127704,96.19325469747132,Regular,L
66.58947913290814,48,167.09126270638427,65.42087859853814,94.34466232585334,Curvy,S
76.38995043998823,59,174.05625652043182,77.48555539306184,105.02481433178238,Curvy,L
66.39982717140622,23,157.38990270440675,86.01715037848713,100.54974398792095,Slim,XL
65.39595334576165,43,168.86159559285295,79.47003829996792,93.67886970514027,Slim,L
57.536192921258404,48,168.6371966609114,64.76764920540279,68.06931433100739,Slim,S
70.24321810783456,38,172.98355224330646,64.85751463863825,88.6804081855962,Curvy,S
74.228951274683,33,169.9189820182778,65.61879569099445,79.45995145423903,Regular,S
67.88971832835165,53,164.53889986933177,93.48360651465761,99.61235855044316,Slim,XXL
71.92773816371516,41,163.36812624048076,96.762614918764,107.75236731294295,Slim,XXL
72.98178983971259,68,166.6090094374833,72.32823161865787,85.15152945770257,Slim,M
77.65759399511725,46,173.4120598115198,64.66678399466835,80.61151813937524,Regular,S
67.19390914125437,29,165.41465867438012,84.65290966555781,88.17483837884895,Slim,XL
52.83169319445856,29,166.43652122781788,81.3191432054696,98.3775061919812,Slim,XL
60.20266892505976,59,163.74284887861518,75.53299166697336,92.86755681405577,Regular,L
70.68315903602863,33,177.08496468393182,71.75928434163146,84.88323445211182,Regular,M
62.85357439773922,63,167.29301369978884,80.91802768390068,100.8390811047296,Regular,L
56.83628952553874,67,171.0181060747378,74.08327236543228,87.9569519856535,Regular,M
61.653123455312425,55,156.60665919849922,71.33583864227042,85.13995014442101,Regular,M
57.72156098405381,39,161.19219935454748,90.17120946928002,126.99256438776715,Curvy,XXL
82.03458397528074,18,182.4610464453655,86.78399901660325,98.63885227225856,Slim,XL
60.204337644577436,32,166.05271757945673,92.55911866213667,125.02072649181437,Curvy,XXL
74.8988002545514,20,169.19024507845845,74.23930056988571,88.98297628541476,Regular,M
71.65065461340565,62,170.65901466815689,80.59825308917712,111.86615978420679,Curvy,XL
71.13492871554044,37,185.54759640230708,66.25340345034819,72.6546482452218,Slim,S
63.00358171624028,23,170.05597956468665,82.17883915963253,101.9918581403212,Regular,L
75.77939673376073,49,169.9968756656777,91.25408282371404,101.29823910037739,Slim,XXL
64.30434281589028,45,160.57387329075203,103.8181519247347,138.13300997723172,Curvy,XXXL
69.73372867775888,46,163.28597015363945,72.75255551249296,91.97383505975472,Regular,M
81.23841695517973,36,175.16636974588744,74.45134316526638,82.40189108749524,Slim,M
64.31533586216831,47,178.8189003674092,69.05108343641137,84.95402620635235,Regular,M
63.38924098535602,27,176.05128832021245,56.639303943748054,67.62810157304801,Regular,XXS
62.01320207017926,39,170.29818011221943,65.20148759008208,82.9616032445781,Regular,S
53.0895539128422,67,160.75362229303082,68.58145999034038,90.8003976028312,Curvy,M
76.94161505555853,24,169.26107646752754,101.7075793727165,123.14581689974712,Regular,XXXL
52.8367118936931,45,157.50760689681056,64.79677796912,81.60991325415262,Regular,S
57.372109737554766,53,160.9142896016025,55.94647856960287,69.72275529405029,Regular,XXS
67.56071661710261,56,168.18708171726806,72.42074543624992,80.87772890005657,Slim,M
58.1909571878187,28,158.32912908303422,83.98253458637117,93.80418341144811,Slim,XL
63.66334872914528,39,163.38217019431542,71.59156215058145,100.8268705330512,Curvy,M
75.26643883430135,18,183.86963308383002,66.96455522861646,78.19806729870827,Slim,S
61.049997299552636,42,160.23150376713812,74.22537296813917,106.08201728848164,Curvy,L
69.17514842678844,58,183.16118889687175,69.39784556398038,76.90349635384939,Slim,M
49.61375487964627,27,161.29458814134776,101.26127349553013,140.6968844181162,Curvy,XXXL
56.18729292492378,38,160.58101595443253,85.24920577659474,107.9290811173991,Curvy,XL
60.747296499533995,57,159.87203655065576,81.07183113495303,101.6258125280391,Regular,XL
71.19683625077086,26,178.1306421436503,67.93457131078313,83.52861297186651,Regular,S
79.16098290741525,17,173.16903740819336,75.404248207504,100.66952516829745,Curvy,L
74.29127507719615,47,168.65021734072855,64.5835380315713,76.94331766334375,Regular,S
72.99044235982555,22,168.06048144315307,77.3700281116696,105.85183118804864,Curvy,L
72.17764826134666,31,175.4241252732135,89.09877490210512,110.01852676948717,Regular,XXL
68.3715126565453,21,172.21984666422185,75.63274639083909,104.0737608192987,Curvy,L
52.50527446074568,40,149.953669351242,59.87238009977135,71.30740608169188,Regular,XXS
73.03232607212524,43,172.45499777894517,69.37268086465096,77.89140972558641,Regular,S
56.55700501617624,49,167.23199470612914,81.78163725478116,105.38553648985145,Curvy,XL
75.44548749809765,58,176.38493407415325,59.614737638961614,63.42652361968955,Slim,XXS
48.118006288891415,62,156.62920043745163,73.08987526728752,93.4773872906824,Curvy,M
53.34083036946499,33,166.66548207441286,66.05589109240009,81.13345204523658,Regular,S
65.87680781663009,27,161.67986322547833,85.06326494271376,106.23734291424698,Regular,XL
66.54754565250605,32,175.68745742886608,71.47074853977188,92.80638970389609,Curvy,M
62.387032708540936,28,178.1974707974359,60.141051383129884,73.33643414627738,Slim,XXS
61.665872843792044,33,163.07143027730942,95.4539170209878,117.90218532227479,Regular,XXL
60.08881673423934,37,150.37669317435424,89.31352738198571,100.27927506470715,Slim,XXL
70.0832206092476,40,172.49178103860908,66.25797041757345,81.24266548699704,Regular,S
72.72102887796005,51,174.37144293313688,92.81655984059233,100.60488804420302,Slim,XXL
71.50525705387415,29,174.3885333848847,84.87072157424919,113.24269832838026,Curvy,XL
55.25870646637089,52,159.0070251291138,77.01176347008277,91.6412399660953,Slim,L
77.50359960889224,37,170.6173644230223,79.66712301622454,104.29986212720662,Curvy,L
74.72065219398641,59,167.72348608124958,72.98566075647464,83.41198852680255,Slim,M
65.86342185420828,65,163.2980962454408,78.62093453760912,107.25757618018417,Curvy,L
70.00480158911611,69,179.31872530260443,56.65586980879709,70.71611269707086,Regular,XXS
75.92171979389136,62,172.5328171871418,80.25145793777806,93.14657040750448,Slim,L
64.75597490928546,32,166.89331774386898,77.74117828637138,90.90093360475477,Slim,L
61.70144475841633,54,166.95359525018435,71.91680058591494,79.27677441108654,Slim,M
61.4878562735344,41,169.04895459740118,73.44184761832082,100.54883660968527,Curvy,M
60.210194861076175,57,165.82058479255303,80.7005147024411,101.69719510558289,Regular,L
60.44838924379579,17,164.02146282913864,85.31304736336803,95.54712480158409,Slim,XL
61.50568450421521,56,172.63127854455308,79.80950087629132,111.02694670093264,Curvy,L
68.62343687443449,57,179.47066270927877,58.404474585246156,81.96510807199209,Curvy,XXS
74.65369834942874,53,166.62803519689407,73.32850215445825,86.36520729417182,Regular,M
67.15329192752893,35,173.43435055985879,58.84315622377588,72.60532135002614,Regular,XXS
59.36732539579396,29,165.79328032082836,85.02139544222634,110.77970744461092,Curvy,XL
73.1798815699004,61,171.97307691983917,72.46585929552711,77.63649757957525,Slim,M
54.167252576450345,50,167.76248967771218,104.54377510633944,141.5208480411317,Curvy,XXXL
71.25650130417202,31,171.8767310307142,85.61588673874293,109.49157966090768,Regular,XL
57.29827994827261,61,162.80801183621475,75.46136001546488,85.80473234253024,Slim,L
66.55273354751793,17,173.65204370837802,64.61999647964461,80.10140234031556,Regular,S
73.49640245297437,39,173.75679598099913,65.80779062944839,79.65604670848494,Regular,S
63.50372821464508,53,154.67899762956765,55.40801664384851,78.99901053204427,Curvy,XXS
54.37223052881143,26,153.48092936414875,71.47444416749033,95.86147459821247,Curvy,M
78.4291206014783,26,176.46368571071034,70.2748677348508,81.512150506455,Slim,M
65.61020685350871,64,158.20478234362182,72.6924441254891,89.97676635303363,Regular,M
65.58874933531838,49,170.71006529824294,57.48377100801203,74.58882684043769,Curvy,XXS
50.10012555594424,24,159.3928493702059,87.17703356092633,105.14055844834967,Regular,XL
53.78949697293504,30,160.18703747309155,64.34249027217632,74.00555203965821,Slim,S
74.20238440121967,39,173.47588906842398,95.41952702972243,125.69537262801424,Curvy,XXXL
49.29944058053778,51,154.27856023437263,80.3753496058141,84.19226243272904,Slim,L
64.34956811025849,21,167.0088610941184,69.24641560868031,83.30338382235594,Regular,M
70.74222868550176,48,173.01501650823218,105.18658924956908,129.69210750299712,Regular,XXXL
53.4605551861777,61,166.77391557280555,61.57123461676459,82.86442810567578,Curvy,S
61.55307255385318,62,166.40749956992104,93.465314583031,104.57118951008033,Slim,XXL
53.97494764421465,67,163.62873904429063,70.0718188286511,87.88290564322858,Regular,M
76.27745621872293,21,170.0542660585978,68.25207684112661,77.55870240717749,Slim,M
72.07970238856382,29,170.37258141355446,84.54273881306591,116.34333005244237,Curvy,XL
65.66799081022026,65,170.45631389801457,73.96888152054777,96.80462190769538,Curvy,M
78.48794992089728,48,178.95275666210281,86.36470877690377,92.31590368548554,Slim,XL
58.48705867288881,58,166.76280234751334,58.54677474528625,82.93486991576019,Curvy,XXS
73.04821482497321,63,180.7075774099209,85.78538922087054,104.40294112374134,Regular,XL
57.49079832779628,19,170.44120668699978,67.07379338551534,79.81940730664252,Regular,S
54.09166437338871,54,160.18443408494494,70.55864618969235,96.13682554620387,Curvy,M
68.09695615844561,26,168.37838994502982,84.70639995653704,96.21519275192684,Slim,XL
69.74937531796338,64,166.0835531285032,102.23386365789334,136.8609786769123,Curvy,XXXL
75.91782860855065,16,171.2263968333346,62.75075224445843,81.74180659218831,Regular,S
79.64481979380297,64,175.17437865626587,63.826911335069894,72.79212521531375,Slim,S
71.71896492385828,27,166.53167742386827,76.88027115351206,91.72983355673975,Regular,L
64.8637247393321,48,161.69538996877063,55.4324712307224,76.61702949104695,Curvy,XXS
68.3082694162449,34,175.38382052112345,76.70998132981542,95.21167690544364,Regular,L
58.92133344529593,45,158.76292529016925,86.28721600569843,111.20838069421326,Curvy,XL
71.70046380691623,45,166.95110929055613,73.80296962016364,92.75960617932641,Regular,M
70.06777688570774,62,178.24990922818384,89.67123533364293,107.91208864859283,Regular,XXL
77.7092778817207,21,173.86543453938046,71.00013001355092,90.05337223636477,Regular,M
67.69084564639768,64,171.36429364723256,80.41441500995676,101.74083929226148,Curvy,L
86.92209488408476,43,180.90382536474442,83.16490694116773,107.58758301287762,Curvy,XL
57.69203776999574,48,156.622123987945,81.40364853287446,94.51337017130413,Slim,L
60.96601439621011,59,169.9527875480191,67.49592541788644,80.67172216980356,Regular,S
66.26011595759874,20,176.40255641821085,57.95336965260941,64.99919414649692,Slim,XXS
66.38556019560802,64,163.87215208520738,81.00480279193505,101.08188478180423,Regular,L
70.71791885078838,41,164.29714971428496,79.78782178263153,95.15338502192736,Regular,L
64.11084940770725,36,157.96781878057186,92.4816961044387,112.71446037436847,Regular,XXL
55.68768321990809,17,158.79018673994284,104.33851098647547,132.21213819951763,Regular,XXXL
55.61659427636257,65,166.27198862741508,68.23477249843715,78.33424217376593,Slim,S
62.67553248847991,34,167.47110084838394,76.53728128734728,85.57393825768796,Slim,L
76.47637735956921,69,172.94454795144034,71.2024883780253,84.21150842773915,Regular,M
68.91414065216296,16,164.334215765948,71.51867849491562,76.86556295934959,Slim,M
84.00063032929441,62,176.420378485878,54.01345351375687,74.58241412128899,Curvy,XXS
49.44577949603497,53,160.60585277923943,81.21868720321429,106.4786645854751,Curvy,L
53.64173312866097,44,160.7987181770107,66.98405368203615,75.77026269091742,Slim,S
60.25192511228819,19,155.7618073591253,63.739083060677736,77.99721677982684,Regular,S
83.152563517608,41,177.41600509432268,70.34950168626166,100.15028330270763,Curvy,M
60.36170455931407,24,158.2987429390135,88.72457662553467,99.47995187393012,Slim,XXL
78.38543573189766,20,178.6383549216406,87.25280693362758,108.3277077382434,Regular,XXL
55.26475414631393,46,157.4809706847647,73.6904821970204,81.70505149722325,Slim,M
73.73567061211442,40,172.88856724088456,62.15154612930971,75.37092576657588,Regular,S
62.58723625606402,32,152.5921774524392,78.08464591385477,92.57000451557758,Regular,L
56.15242194725414,55,164.60321467182285,55.77664787986241,62.070815475763176,Slim,XXS
56.72089578318942,53,168.85195184232074,71.57151061268469,101.32334997737328,Curvy,M
51.83812460120597,69,155.46432503066117,72.7928115099189,77.32626451920693,Slim,M
65.40783797845705,54,162.31987645686758,66.14181064906721,87.406007214456,Curvy,S
69.58284643430133,28,174.64129097877043,92.71049833453252,116.40695714479095,Regular,XXL
64.73142778153702,28,167.31026321594038,64.13422972485945,71.58927466022702,Slim,S
52.184109416128834,60,156.4358548180374,83.94639272599386,116.68972137236683,Curvy,XL
72.20988147639409,57,165.52231350554743,75.78548048271875,80.03902382759053,Slim,M
62.78382359656348,63,160.52324884081224,79.76347615350294,87.46616668711911,Slim,L
69.64736015992295,63,166.70586175067464,97.01900725331473,133.72463312031502,Curvy,XXXL
49.03161328057072,20,159.94244009978416,77.34265418335004,106.33519966962422,Curvy,L
76.99432119823113,60,170.47237468019227,80.11112928484064,102.97467126831766,Curvy,L
58.508733863295795,29,165.41539405858381,81.74048050694081,95.41420514283364,Regular,L
62.22107596817001,34,170.6483112225377,77.3850579240056,90.14696165440586,Regular,L
60.0555629405425,58,162.21465248936485,62.26403523043527,77.07405859133377,Regular,XXS
63.45713060327488,60,174.46687639732568,69.33045820041698,92.84331912057152,Curvy,M
61.26706838026582,20,173.72189267112986,54.675152300749765,67.3253976186627,Regular,XXS
66.67598517038576,20,182.44333477135825,69.57169458318224,91.79943136542732,Curvy,M
59.647860416450925,69,172.46956226337454,93.3851090166093,115.92593285499092,Regular,XXL
77.00089421002639,43,171.0736737731957,60.21109381681569,83.88649592004104,Curvy,XXS
55.33112042012886,21,160.1764893155789,76.9831810332001,101.8616830079528,Curvy,L
55.1989978828516,41,161.3594360389661,73.22776913622708,84.07501892922613,Slim,M
55.284618905914215,66,160.2227022564534,72.13112602329039,78.48827360882885,Slim,M
78.5206072425637,39,173.92100531284194,76.41782516236343,87.43691703153313,Slim,L
75.17481158646125,19,171.0499572412968,99.56548134143677,140.13217759277498,Curvy,XXXL
58.72137528669555,56,158.00348070460797,62.06770632593503,77.69641718502632,Regular,S
60.52127802533972,28,153.13366809419915,76.42284467267453,104.64762810641854,Curvy,L
61.467136137092204,55,176.35220103553903,76.04657170641718,94.48447070860497,Regular,L
66.44334529071128,56,169.6747908586775,82.48556227377193,93.72931176810158,Slim,XL
67.75672591799241,66,173.81734391113682,86.55865576804861,97.33491377305799,Slim,XL
63.483060292310995,26,164.77037252801674,71.98544761611824,84.93820017223536,Slim,M
64.840009495418,49,166.00275569424863,60.108721124845765,74.38082198224228,Regular,XXS
80.15093191958158,25,175.63008204649083,72.57320818494247,79.72169491561517,Slim,M
62.898515316951894,56,171.53408519719582,86.7702663323326,102.77336895588417,Regular,XL
62.359466624905465,58,157.68399944220815,66.11329541126901,79.35749602698057,Slim,S
75.05117165070163,30,166.9940296200338,71.89011076720047,90.64019850197184,Regular,M
64.62038479789278,57,164.55657840959427,79.04535462741927,83.16057509689588,Slim,L
63.14437125974465,41,161.57252580662995,66.00357228844842,86.51198222050475,Regular,S
53.4135767843153,16,164.99213136518506,70.75133588538152,79.53289489492921,Slim,M
72.41796444724079,34,174.02551959786038,67.5847282254768,86.68518293685831,Regular,M
69.93634902858362,18,171.26151789469742,77.87095743785295,99.73034783897496,Regular,L
77.5034657066926,19,177.09164459459876,66.49767223504996,82.72367807758408,Slim,M
69.09181346049138,32,174.85726710738632,79.43227272902354,93.57429624305668,Regular,L
75.2007948957958,23,173.0858122115244,83.78297690699456,93.7921093135749,Slim,XL
70.23836237421595,42,169.4573650216968,70.96582098326743,84.73968512553661,Regular,M
77.74657860840694,58,184.32107108797535,64.22409336955974,67.81208540321512,Slim,S
71.1662857316814,41,163.11131950018626,76.3387423541122,97.5832972624947,Regular,L
63.887880103696084,57,165.65793664982036,88.68660250007332,112.73922326554467,Regular,XL
58.13710447029244,57,171.36214823245248,73.4326158791589,90.6426095315168,Regular,M
56.87321620773514,65,170.2507867799166,82.80429894909288,94.0786620142549,Slim,XL
77.33591892049185,42,169.49685680100075,71.31061162266758,86.31807409431559,Regular,M
62.349091097189095,20,180.71553026849358,63.86244101498661,76.42774077093007,Slim,S
51.60494172142886,21,152.9361324266262,99.54420857341918,122.31250048838105,Slim,XXXL
73.64722356959655,43,166.17685952987333,102.57362289616599,128.4914241224382,Regular,XXXL
60.90280525696457,38,172.33939175625682,78.10729411533285,94.22381420704451,Regular,L
76.15371028611611,26,173.4237597671722,62.10106653912173,77.30361991574297,Regular,XXS
62.93461449426669,26,165.40304260481648,90.05037078030814,113.64441848929684,Regular,XXL
69.92237304290671,41,165.60360471040647,83.999534602315,98.12269119154703,Regular,XL
60.75378837670667,45,171.34811647325643,55.762395899165334,70.09987742542043,Regular,XXS
48.85122224402555,50,158.6783840002777,85.7101484349089,99.19290771111363,Slim,XL
54.06140233445614,35,159.3947961314009,84.21432116782395,97.37278515171892,Slim,XL
63.140468896384434,32,163.59107007967498,94.50071448472389,107.62065552070412,Slim,XXL
67.91870997393772,66,167.15642677972292,66.99695020711385,86.34110551569881,Regular,S
63.03062602835365,28,158.94301735657874,94.02858686737056,114.59693786744815,Regular,XXL
44.25117107394915,68,148.22043473524522,75.42995178814466,80.37350227464758,Slim,M
58.975810490609284,39,170.85303692881283,63.32047716655074,79.336636212148,Regular,S
77.24233966495088,67,183.79118862754066,84.03173080855717,99.56401433803109,Regular,XL
58.52390142510337,28,171.1935097350517,70.49560408225925,81.26557135758344,Slim,M
58.75557661696597,24,168.02803865334894,103.92284732338331,131.21692361974243,Regular,XXXL
63.72520558587797,29,175.2820134522629,70.18264050245344,79.43131692247286,Slim,M
59.29579752286933,34,169.24523357679786,77.91099770806441,97.64376603874686,Regular,L
62.8681232885811,19,158.86308210465108,69.65235544380538,82.32130595010427,Slim,M
52.784904348555614,23,164.1346136406007,55.01434019335299,77.87432547521922,Curvy,XXS
51.93644907747628,16,159.19075887100462,104.17128634015054,130.95806348397252,Regular,XXXL
50.82450848700105,69,158.38013041134965,105.61669180879842,135.20914528750762,Curvy,XXXL
59.23586419520928,48,174.57633603143154,79.7109682318604,98.22185715567065,Regular,L
57.108617884958555,51,171.44275870536845,69.78973058868068,80.26153269936677,Regular,M
52.70292544436649,20,163.85627692404412,68.24809412013218,87.77741186844385,Regular,M
68.52684888947493,62,173.01913659266947,63.78737539360392,74.541202613328,Slim,S
83.51205257496794,50,179.04645270764007,66.44751780326493,80.05682659609367,Regular,S
75.97594376081197,19,179.2270292535887,66.74994517536699,89.43695202999753,Curvy,S
59.1717980937669,34,175.1912256789529,68.11034441750735,86.39993830426724,Curvy,S
46.542087201460326,30,150.06222673004777,67.90956789505643,91.95965265790754,Curvy,S
58.45846934790373,38,172.69000300424202,86.12834069487228,113.53364674494063,Regular,XL
78.9094060718791,40,181.9742990928156,74.1925169969477,95.83560565997077,Regular,L
53.33140260201459,51,164.72901305276727,94.69635272959329,123.66291376486738,Curvy,XXL
75.63239320954087,65,179.0150870894068,95.52950800772854,104.07497075392031,Slim,XXL
61.70038366893356,27,157.81005691707347,86.81627252500971,92.46588438939885,Slim,XL
66.92165511612183,27,165.11354804928658,85.65291913045485,103.93708383491109,Regular,XL
68.17189858547623,28,165.50410812743743,88.90400283525224,100.36643212184218,Slim,XXL
72.62355214556442,34,168.14297685174165,82.96143273491067,102.73535429691431,Regular,XL
73.40324361684841,18,183.93892531076756,83.79668166953917,89.59929009426658,Slim,XL
60.36382079549123,27,161.4075270504957,87.56303925225961,98.64070186105658,Slim,XL
74.63241190447485,55,179.6692601835013,94.92157463191747,104.1454731545098,Slim,XXL
74.69991363628388,29,172.73325667148356,76.90822037785573,107.04874086180152,Curvy,L
51.20825477639588,33,158.9596466466851,82.17035369318378,109.69985986325486,Curvy,XL
69.34800234459526,19,171.84937246063382,74.54701112953818,83.63976975168083,Slim,L
64.2392411090378,32,175.98302252635403,61.64045318541092,86.34361552361867,Curvy,XXS
76.0237069154647,56,176.7627935551898,62.154897504886954,78.03773091433466,Regular,S
58.45148389668765,56,169.25062332416883,77.51318894666578,90.8153775865913,Slim,L
56.83704256010349,63,165.6759726481842,63.35794930288152,72.09054662570898,Slim,S
74.90118942852098,45,176.58281192496793,71.05497357138867,85.70448702579613,Regular,M
56.7105254003002,38,166.62419405080942,73.25324377076603,86.33089579613437,Regular,M
43.356760757386354,59,149.9207890603322,93.78882253845416,114.19366209428043,Regular,XXL
72.0122780360016,67,167.7509156934778,70.65738535884475,81.28435079260755,Slim,M
75.83455655028584,18,172.32622015167183,72.72219250517517,89.15418340624167,Regular,M
50.99491330367549,18,163.7403281274528,72.17754336201799,83.83319198256719,Regular,M
61.02144236335144,45,173.9905694494462,65.44439568257437,89.63729930201366,Curvy,S
65.9339853694336,25,173.17181428958682,66.90423548468884,74.0911075246336,Slim,S
67.45486624752287,30,161.5948706843849,68.7956228915888,88.80902393219634,Regular,M
63.84467217402756,38,156.65787045496876,67.68265445147802,73.98722402129499,Slim,S
61.71778856544555,27,168.7469508864253,76.3104178386175,92.71542448158473,Slim,L
69.88505526145903,51,168.2009126722081,72.31834304501443,95.58516603319568,Curvy,M
58.43011578658185,51,158.1136687079486,93.31233878282886,105.31667122485115,Slim,XXL
79.9054262221573,32,173.22423642636423,84.18908187787619,101.01564797640447,Regular,XL
60.93852371817041,21,162.94870690596696,85.72575655267855,102.9725791649902,Regular,XL
62.757436752723756,49,179.6379962829647,88.86792546806,113.899739742218,Curvy,XL
63.549182952858025,35,167.96910176966512,80.09421160549793,91.07251501301513,Slim,L
81.34676717622759,54,186.1939212096909,84.84087491838888,116.2603645441181,Curvy,XL
57.83072387664282,32,157.80383300891896,55.20853884272336,63.60799252255754,Slim,XXS
78.07582299104794,54,170.72756898813546,57.80837861666207,78.4289111635817,Curvy,XXS
57.30583322066089,55,154.54035175250465,90.22057683945044,113.92723240686654,Curvy,XXL
57.53764087029647,17,168.16012440088738,91.8706015184165,119.41776482119829,Regular,XXL
76.04588471618752,65,169.21231104660217,82.42031651676974,99.2742678222092,Regular,XL
69.1768292246831,66,167.88584657924355,61.12505932402523,72.4753538250171,Regular,XXS
64.61175225352977,50,161.03575795017593,91.19873737253326,105.08153527924766,Slim,XXL
59.85608193572954,16,176.01464969009226,77.96626463377461,106.30707055615014,Curvy,L
65.11146900389272,21,183.49021690115651,62.26120889490634,67.76428067900656,Slim,S
65.84032745030817,61,171.4132464847398,74.69200752472462,97.53052438275118,Curvy,M
77.15776956546945,37,169.07612537275693,77.00770112041593,97.26848907623082,Regular,L
55.097612530283506,31,163.72377928050042,76.75844974485615,90.37320507623964,Slim,L
58.87938116517954,52,162.74708374843075,101.01841779502477,124.30722903040525,Regular,XXXL
58.386171742619474,67,166.01886295454153,81.04095119238484,103.30605959381138,Regular,L
59.93457707079817,35,171.5787644744507,63.65070359686982,77.76518752228742,Regular,S
61.44979901394187,50,166.75784556716994,69.24144697241535,84.79156475548614,Regular,M
72.97482430464107,39,175.64314397165887,93.73197577516869,104.58419013901538,Slim,XXL
46.78628821183236,17,151.5449098926274,81.07501835644959,91.08367247189281,Slim,L
69.19760687618282,38,168.99166346004716,79.7269318265119,89.07837982940067,Slim,L
55.127491668023374,57,161.6281550520131,61.349809399131466,82.70890082843403,Regular,S
70.8599522680659,48,174.21131934910744,55.15526066592125,64.54600909253466,Regular,XXS
60.63404991461557,39,165.6438232734989,56.98766509624477,66.11355784887313,Slim,XXS
66.34005855779768,41,183.29538590855861,80.89585023581026,103.12252409652272,Regular,XL
66.35555179171602,46,168.14624068607057,81.38860262183327,116.43831241242228,Curvy,XL
63.784562084135956,60,166.39813331687978,91.47438115660007,107.56441759716273,Regular,XL
55.48781151963882,66,169.74474245169333,83.31492585086396,112.70079454409216,Curvy,XL
68.24259624236353,69,164.32880729767297,69.1847494567177,86.10299448431795,Regular,M
67.94283600226873,17,166.86063411929948,65.87378248279826,78.9953785625364,Regular,S
59.72662035869739,52,165.9464397750049,91.30590199488478,116.44312047007023,Regular,XXL
57.34518894953265,30,170.36090213661714,71.42498521824076,87.02923361149051,Regular,M
62.484838257455486,54,162.54608052708105,70.13661951138248,77.51096023492032,Slim,M
62.07713041688424,53,166.58114761088072,69.76686948444468,87.63095405972403,Regular,M
60.538809341971636,67,152.49620362226761,93.91412448791854,104.50941719374799,Slim,XXL
55.69260187980586,21,155.15636240768737,64.5465021204078,72.9672423311511,Slim,S
84.1947618276946,66,178.39670782132166,66.24443698446689,92.65557386636883,Curvy,S
60.69479351562765,41,152.49287150990227,69.77171036926943,85.54277456210589,Regular,M
64.28107057086696,18,167.37255823772279,81.47146538385468,96.85982698718114,Regular,L
66.01814719799468,56,159.805989514977,96.34108311828308,120.00646256553739,Regular,XXXL
73.24971756532801,52,176.4621491784179,70.7568069720756,89.21560429842087,Regular,M
61.87975597617997,50,179.69899321138743,62.07025520060847,83.30049711747628,Regular,S
59.37455340670537,36,164.84700423553767,80.48384127695168,113.29838685419047,Curvy,XL
46.703273574310025,29,156.20565555593174,74.742738768948,107.66636055817244,Curvy,L
55.1044944891093,57,167.37329686899108,77.84690578657909,99.16861403556483,Regular,L
57.716852776444554,25,171.99503728492638,70.30394816566778,89.00835724449624,Regular,M
48.816720626856544,41,158.76515283961493,70.11980063446585,88.05994353317169,Curvy,M
50.06007326272616,61,158.3179056732245,71.81318178009535,87.10249240643036,Regular,M
74.40514728228543,67,169.06286946133798,61.73633954187003,73.35649726343121,Slim,S
59.09978400453306,33,172.49155568687962,79.65798665942467,105.45969204985899,Curvy,L
79.00699760162802,58,174.8471464432417,90.26854679433093,110.62792310347426,Regular,XXL
59.219279490002144,47,151.9411131819276,86.1606111534449,114.31085053287325,Curvy,XL
58.71621712204751,60,175.08581083105483,66.46115249961352,82.98208810709352,Regular,S
54.52459770241695,39,164.11646904716721,84.44418899324046,105.06978983738976,Regular,XL
73.30466126443821,62,172.7725787590684,75.68124441410585,96.56874793361898,Regular,L
60.33618462471645,25,169.00436223439812,101.92211422210461,124.63184993474304,Regular,XXXL
57.6337907395024,54,166.42728482444534,72.48113728420257,91.47702949338263,Regular,M
58.81822632873777,48,160.05662015975943,56.40213310475103,74.88328687281091,Curvy,XXS
65.70767214851028,66,176.64115333216077,102.90767134871857,127.84611737266991,Regular,XXXL
62.249726146817494,31,163.1656845471268,61.32785399632006,86.13600312827376,Curvy,S
63.326364998174164,29,169.66513410626112,60.958834558620886,72.06984590219935,Regular,XXS
69.91700125237567,52,171.90172340958947,71.83927333800662,91.45220403903402,Curvy,M
74.01845719030631,27,170.62900892300883,81.78295562358484,89.60018356499283,Slim,L
55.56417141509301,46,158.07272747592154,81.61043759765728,99.1581157993962,Regular,XL
63.27540156772261,17,154.6163071237029,69.77267186530031,89.20362067785534,Regular,M
73.04542674341965,23,188.1497127943557,85.68222827726427,105.31460185883036,Regular,XL
77.64021799745204,38,171.61094425156372,82.49866490260875,96.82737657761565,Slim,XL
53.439184769406204,42,167.06065180971234,73.06952669975911,77.75814257998162,Slim,M
53.071703058473176,63,156.71788377460803,66.42162326940871,74.58863238131313,Regular,S
72.48185663307825,32,167.7391699167932,80.87766447455613,97.1301025078551,Regular,XL
67.12001197112755,61,163.80574712273364,79.22929157526313,97.45590944250439,Regular,L
84.97385196879159,49,185.2779385013451,76.92105670494917,100.1820903194343,Regular,L
66.60085005342009,68,174.42104561058895,80.5912816390971,97.73563294929818,Regular,L
56.153394200179,63,157.801555077817,59.86653548610036,68.47390679833342,Slim,XXS
76.23246080959304,63,183.55862913254484,71.4148661515384,97.67846967485298,Curvy,M
62.44128503663814,69,171.10560490841564,86.78877289925627,109.94002338870074,Regular,XL
66.2618249325897,20,157.9048817381858,85.20269485406702,96.30350735644565,Slim,XL
60.26295477674366,21,160.20937331273436,66.81321755047196,79.72943956508959,Regular,S
57.45268567098166,22,167.34891444572702,68.36491118457964,90.05414572249272,Curvy,S
77.04107199786252,27,170.255641585484,81.8273699242273,92.89439624192144,Slim,XL
80.47607246092889,33,173.76674881704548,107.12862046569992,139.234709164796,Curvy,XXXL
72.99574379902188,20,173.48099470732245,68.56333976173049,87.36631542803809,Curvy,S
58.79838889580401,27,173.0691757125711,76.96422132057681,98.02672133466679,Regular,L
49.19890606646395,41,160.45592476816077,62.55473681515165,76.4025820196473,Regular,S
73.90598335483463,47,171.69659404718013,67.78953435108143,95.69643873757026,Curvy,M
73.47310639106887,46,170.3284152082109,84.90992157306026,121.1493698203241,Curvy,XL
74.01054456368655,28,173.1952201265797,79.80706075445396,88.98376985753804,Slim,L
76.86279242052699,62,169.60843989848456,76.09017350530439,88.15846286230013,Slim,L
64.57927036423116,22,170.68207995959497,82.16413673814894,112.86536700249758,Curvy,L
54.30122251603354,29,160.52846474065592,65.70231908016801,74.87392918853931,Slim,S
57.46306666816064,29,158.32600996430716,74.27952942028416,77.06040196247547,Slim,M
50.38889867883727,60,148.9614857405571,65.40071992183407,89.10574790845504,Curvy,S
70.1137489523265,23,168.85181043603862,82.02421851741478,97.67700972465711,Regular,XL
64.7492216132227,62,181.85747661742053,60.34816432960031,80.46785541782444,Regular,S
66.48611485080507,63,163.76611439581592,90.64747833074932,109.65154284889917,Regular,XXL
69.227920459509,63,176.5208229498563,72.93437427164604,92.40511188641014,Regular,M
59.733883711265825,41,156.99066386865653,58.587843665696134,74.06290717417791,Regular,XXS
58.64756973998493,61,165.7883899707213,92.3209976268439,103.82300940646398,Slim,XXL
72.54764146472974,59,174.0483822078465,91.66864604925273,113.34838989053267,Regular,XXL
67.09598014281387,23,168.46451064019547,75.5283277475185,87.13658597547196,Slim,M
55.176672719262726,40,164.52138566985812,91.92298331486057,115.67084052826816,Regular,XXL
56.174979693409846,64,169.46092626932318,61.364851195203215,70.31874855678649,Slim,S
63.32487049553282,62,177.0306619755476,102.7194524253056,120.72428135883932,Slim,XXXL
72.64997160434733,64,164.09075682710613,63.49398211097507,84.03669085649987,Curvy,S
53.081615073894554,37,148.18654755175982,87.26172485487605,124.57615067477526,Curvy,XL
62.363524674752604,45,157.55462922371007,79.56889087462093,91.08521994434717,Slim,L
60.027604638813635,61,168.79646078079975,93.35481925733222,106.46919465063009,Slim,XXL
69.8825700043707,38,162.92805229394787,62.494217990037676,76.85723985140775,Regular,S
69.03623365511329,42,165.1118358591817,77.69684221120725,98.83003677430303,Curvy,L
58.49145751699328,57,166.40269060650868,78.89761529673353,108.6064164665987,Curvy,L
63.6235649998231,30,170.81452360731117,68.06392595113815,79.13553944609612,Slim,S
76.64741627588903,59,171.34971647100636,70.78010287233555,78.43870422879567,Slim,M
49.75632903855987,23,160.94766982340934,66.44929540571938,82.94933563563627,Curvy,S
60.79884330573554,47,171.01783669275878,55.088916582789174,69.24160273151227,Regular,XXS
63.838245891766974,41,159.6584207265337,84.71713480422275,114.02097758984395,Curvy,XL
67.20448096053451,22,176.35732988540326,64.76434062101434,74.84731613427358,Slim,S
82.6693120774786,40,181.91038688760696,75.40032802832884,106.97495275379008,Curvy,L
73.09880540724352,68,172.69319656270935,71.08436063299614,98.54433953343415,Curvy,M
77.53481365299625,32,181.63288416693445,94.24896797312438,111.45209457253725,Regular,XXL
65.88036520992821,33,173.7912957340719,66.37505541575311,77.72896565412992,Regular,S
71.10152726162032,35,170.73930864614658,63.64987913211853,69.02763883450113,Slim,XXS
75.76260311902185,41,175.35553933140034,67.4402238180248,69.30792835598416,Slim,S
54.10328561588533,54,152.38578813123857,68.08853198399517,82.15447886588905,Slim,M
69.8880438869069,63,177.1263315804363,75.24223904202267,87.00571435578777,Slim,L
50.76395121326745,16,159.88627992962537,67.88862640858567,93.99893403395424,Curvy,S
72.93708243077752,35,170.149643623575,57.85663177168671,70.63356623864567,Regular,XXS
56.09717206044801,47,169.09831023590132,59.26935039750691,85.37218695667048,Curvy,XXS
57.99013605504072,68,164.73374389148515,73.45877402149867,89.02596508697651,Regular,M
50.80644843766736,46,149.4543992740092,78.45974420746758,88.9013336912061,Slim,L
56.910620814620394,22,170.21064674400844,87.26902734492447,105.95487428724421,Regular,XL
71.50844149971384,43,175.6601422211466,63.83348393058305,80.27800927484368,Regular,S
83.99164294897534,64,178.27026086660618,58.436420854057424,58.55485851108202,Slim,XXS
77.46848080448325,63,173.24707192553112,107.79423262788428,120.54812914367893,Slim,XXXL
82.98650991741148,60,180.26800672784248,62.247320001079835,83.92018197849649,Curvy,S
71.63519698124144,60,177.30302154997725,90.2782348989726,116.4726689065741,Curvy,XXL
60.47851963130016,38,172.28807380473094,68.64097781453917,79.22160469089431,Slim,S
60.80313253132458,46,152.49767875054803,71.38221044412171,76.45374088469181,Slim,M
80.8584186680737,29,179.3259728612809,78.9219306852796,92.78931790829554,Regular,L
67.99871713369751,16,171.906918081716,57.375528327542206,66.32400160124169,Slim,XXS
53.84566760524435,26,161.53518683579432,76.08108199040745,83.73736337559303,Slim,L
58.680865357211395,54,171.23820686218826,65.51353006169282,78.89188817230577,Regular,S
57.03042005307161,24,168.42432627416358,80.68442205756914,106.06339706458166,Curvy,L
56.74931248907108,69,160.68268141468468,63.23074309572617,70.87189741471492,Slim,S
46.46644395685389,35,152.29975604383262,62.718542205133716,87.82362393011994,Curvy,S
71.24031463771482,33,165.49343301737895,70.49111894939293,83.34791149815878,Regular,M
75.03149832270375,54,172.95107854292075,90.34167495192897,114.43529632062123,Regular,XXL
76.96857584148384,17,170.47266893963567,79.09657092235554,114.2174699617311,Curvy,L
45.60271337227182,32,154.64567576044425,67.9170013994066,91.52534093173576,Curvy,S
80.99904925538071,17,179.32901025665205,83.01603776807272,101.05156283791781,Regular,XL
61.87191944357077,39,162.47968571205905,84.80915266408292,93.92154424844313,Slim,XL
78.79207535736121,49,171.61190785979957,87.13562189149319,98.68742702809139,Slim,XL
91.24897951894701,20,183.94961654519003,65.12658873005913,89.15665500142578,Curvy,S
64.83389165260832,39,163.53777216123137,90.23309221063994,123.53363850584839,Curvy,XXL
58.13405474462045,42,157.77361588921065,67.99296651507898,93.50772312960623,Curvy,M
56.80054559777859,36,166.2119115278745,106.4874313997624,120.60062606017331,Slim,XXXL
68.93444825882385,64,170.6160858398049,87.16878168784856,113.4502577630603,Curvy,XL
66.78435245508395,44,159.29662097125075,67.02356299189441,88.59267828197521,Curvy,S
71.34612772652665,33,165.77905040690786,68.98263073108642,80.94432616053952,Regular,M
64.54207334430895,40,172.191614991504,84.57441164670922,94.64473319690771,Slim,XL
86.63357526807756,35,180.9470278151305,88.44224230054557,106.61996475978131,Regular,XXL
64.28970413080114,25,167.33680007426273,79.95392017350036,102.27426435386793,Curvy,L
66.26969392884624,34,172.7794362842311,73.16877189965821,102.67264413415353,Curvy,M
58.325462615818175,24,156.2429915908279,75.31584453930296,90.42555082871793,Regular,M
68.80631359872713,35,172.2183193506986,70.0256799261392,83.4999654770621,Regular,M
50.50837239579713,61,154.8792499543213,78.81892232538759,94.17470391326728,Regular,L
63.571111046762404,60,167.68039361917232,75.8438900377577,90.89204248476439,Slim,L
61.23093308237708,66,162.25261408252126,66.41868140395651,93.74421007127845,Curvy,S
61.55712592331052,18,164.67347032097078,75.52668540261449,88.70816455966684,Regular,M
60.4295046534784,20,155.87578830891528,73.59706223342818,91.69103833017276,Regular,M
65.81546461242097,30,161.7897881282562,90.98450222894463,116.43939032909931,Curvy,XL
67.531918809385,61,166.3044085654085,92.59767933373232,117.51932220480448,Regular,XXL
63.99490393651445,34,170.72987497346742,92.39202859100686,114.87313006522255,Regular,XXL
73.34850041368827,22,167.85089395524528,92.58925964304515,109.12019604400822,Regular,XXL
61.7394816462991,50,162.92826699495998,79.302637857607,89.5319006785045,Slim,L
67.0965256086024,49,161.96046507056198,87.37227978936363,108.27118538634024,Regular,XL
50.5797323224669,52,156.17544727525967,77.5182026774805,95.53631448998313,Regular,L
62.03981694636712,45,175.39345272819148,104.67891744469303,140.7728763833159,Curvy,XXXL
69.48832829711704,17,184.17989524800464,72.35679096629559,91.7918783698733,Curvy,M
64.23363038467872,25,171.79722916605877,84.37920050626214,113.45702992267879,Curvy,XL
64.46345193848416,36,176.77290546769643,66.42587441764866,79.15875604719297,Regular,S
63.41230303719832,43,164.7961020410629,81.94890256507489,92.04234129877517,Slim,L
62.849658754640025,23,154.11609971865883,57.60514487637608,66.17386444163584,Slim,XXS
61.40526747170025,29,152.7304982978334,89.418710647395,110.29338903812304,Regular,XXL
56.35161641722027,16,170.01320532543713,81.91778566101752,114.77303373117864,Curvy,L
67.16359182515183,39,183.68006015052475,95.68109737587416,120.07023755081039,Regular,XXL
54.957224109763466,45,156.2219410921362,72.8914721527081,99.58422753270476,Curvy,L
47.00030941867795,63,156.7073945189995,84.92922590276608,105.67784846413971,Regular,XL
77.54389138620805,43,173.7487721860003,71.06054350619856,93.06670111810816,Curvy,M
77.8676087301681,57,176.77336709996905,81.4763706110516,97.02921934827893,Slim,XL
55.32923813546247,61,161.09752589113515,91.557116094747,112.07056763970542,Regular,XXL
73.09463055393037,60,173.16590280302324,62.623979804159376,83.36363967424361,Regular,S
62.48512432637982,16,170.62298885048367,61.23659131167302,77.39641802153031,Regular,S
65.53881398661535,59,170.23182481532518,72.03797402799627,82.30235565032456,Slim,M
66.62758129357402,34,179.00472608521926,72.81112539185312,87.83313941315282,Regular,M
70.48885495310157,69,172.27441639784132,69.18986181428554,89.86955749918627,Regular,M
74.37997088260205,52,177.14220213334042,85.95914433353943,97.34388112027324,Slim,XL
76.54730040432422,18,177.09802597313347,84.67614034470839,100.73937511075374,Regular,XL
49.13001203175301,48,160.04135206904581,69.39446965091453,86.16189111183385,Regular,M
67.63967288070393,41,173.9311527320159,93.38449636932894,106.00410671799023,Slim,XXL
54.51957411599333,58,166.76535699296232,62.77869149375388,83.44164455379995,Curvy,XXS
54.98988431483598,24,167.43416880383194,57.478215010022794,63.168029538106,Slim,XXS
74.82244754823286,45,173.28989078491887,83.35552689949469,99.75811483635448,Regular,XL
69.05223910825868,43,166.4976669747509,78.97209813668732,88.41245057757718,Slim,L
72.80003181584557,43,176.04447077604942,77.79580152307973,86.84684504958277,Regular,M
63.44001850402954,57,166.50425256425646,68.43565800629715,97.26588131481942,Curvy,M
64.53858161683118,32,165.47120572759158,69.02341753641856,86.61345077137489,Curvy,M
54.3902106619667,61,150.96151852912107,67.52941906964742,83.28584089519265,Regular,S
63.33478181908979,33,168.56229653671306,84.26663936655751,96.99509304708594,Slim,XL
79.28652795513676,27,179.66447821319284,83.0038515001352,100.57467737489115,Regular,L
63.09644779150362,57,160.99926595699984,75.49383482860239,95.64283813659809,Regular,M
56.386852841662225,51,166.16351861597025,96.31929126952242,113.03938102734645,Regular,XXL
65.83350669230542,46,169.06754623235184,71.10525662484507,87.31860779687875,Regular,M
60.13460068989412,61,161.37266455639752,64.19141156727044,73.94897164591016,Slim,S
55.36849413112155,63,160.72499801976736,77.36839860357702,98.54924171479199,Curvy,L
63.48953377802437,59,169.6055530019434,78.1547610351016,98.08385534812795,Regular,L
62.94387010149593,47,176.7572065272822,71.60768233666307,80.61825021109311,Slim,M
69.8192033592422,64,175.0920704166042,70.54872503115088,89.55909368962723,Regular,M
51.128500200765366,53,163.0480830844171,76.92117139405036,89.75879440296224,Regular,L
72.99832992130472,17,166.1147727958784,76.50984390179603,104.99245033773097,Curvy,L
55.84377312815287,22,163.22880075216153,68.99711338230736,82.52569921670421,Regular,M
60.350038775278186,50,163.2100815015495,65.53090688419613,75.2703150264927,Slim,S
66.70150713040188,19,180.4195803834265,74.81747291215565,95.7424883192496,Regular,L
67.86193791944494,23,164.35140581830694,82.27524355140991,100.90607685212446,Curvy,L
67.81916089320627,17,171.3142017401088,56.817817209838694,79.7320441358722,Curvy,XXS
71.24877784223692,34,183.61378536322894,77.52135702631112,86.96365584636607,Slim,L
63.54282786078386,69,160.45405789884978,85.00879080090957,121.35997256220588,Curvy,XL
55.34115930902078,52,162.41422214129202,87.62352128233154,98.56061801799362,Slim,XL
47.24025548077845,24,156.132272383154,71.88690934027841,84.29502595024323,Regular,M
74.64992498558348,32,167.48501907188754,66.05266945006638,84.96277563775713,Curvy,S
49.0010555553003,43,160.23666736349978,73.08277886575632,78.99913782828064,Slim,M
56.56844729983078,19,163.07587320005092,77.9997629693489,93.2218488227108,Regular,L
58.66775955365582,44,161.57456043361623,72.4235629186576,99.23956901478171,Curvy,M
78.92899166076101,20,173.35152255036616,64.56008764325766,82.66722487152946,Regular,S
81.35682920436223,37,177.14264271644987,58.821707553489205,73.96193662323874,Regular,XXS
55.9347715590913,64,165.20394498432984,96.18798716912096,120.91109279474811,Curvy,XXL
81.39214868864201,16,173.77844387026192,69.36977684812754,81.79392065011216,Regular,M
85.95461819156547,30,183.9800007454374,78.45891997210983,100.55772633132288,Curvy,L
59.81313741343125,50,156.72360895673913,85.76268193785957,119.7921404504605,Curvy,XL
55.97347301679378,49,163.76523581064535,84.15024323098851,105.13827923040031,Regular,XL
63.739459355982135,68,155.1207743892505,85.4566636699212,100.52510351791287,Regular,XL
79.08623510720163,64,178.82683938070562,88.5209856287234,109.52453191516643,Regular,XL
79.74840339465189,37,172.1284401182045,77.99842374747013,109.05273765465465,Curvy,L
64.27896227282044,66,157.8338496893637,70.08010637158142,85.93984463570095,Regular,M
65.63774662434376,47,161.19217256597636,56.79987649321727,73.24401078415131,Curvy,XXS
70.09906302596403,25,161.69958824829422,84.27252603387919,108.47218709108442,Curvy,XL
65.01242000387649,20,162.41042451792953,92.28829198642381,113.43458134563883,Regular,XXL
49.483398752264925,46,154.16075442058565,69.70594237979608,82.50519734746386,Slim,M
90.05653473170652,33,185.76384497216952,90.76884884848283,123.81479632708104,Curvy,XXL
61.776395417869566,37,173.61754329319703,55.8179215225573,65.13187109245892,Slim,XXS
84.57113510391787,26,179.96931621413503,69.98837709144337,88.10518174369497,Regular,M
67.4662235572879,29,172.27302495035738,67.1462986131997,97.86397221993141,Curvy,M
64.21667809702284,52,163.63472805430854,88.50451041175337,106.627707660258,Regular,XL
69.21328503989737,31,179.24574914715413,68.15831499091213,77.42893785341609,Slim,S
71.39240706425225,37,176.7110769677205,79.29621804211239,99.36957171586971,Regular,L
70.37834122221308,46,171.63191251503636,70.83713400482853,84.87429889493578,Regular,M
68.93381474606421,48,174.41455432160842,101.14946323515838,126.13475781676959,Regular,XXXL
67.32362448910418,28,158.17320987809677,72.40765873525079,84.33396111423293,Regular,M
53.95730174695702,60,156.7823592773055,73.70327704976229,82.71611318058251,Slim,M
55.81959901573515,61,169.46050392556273,75.10892251120575,94.39829562717053,Regular,M
70.86148699831898,25,172.3759657990211,60.153596827486155,68.46085407145,Slim,XXS
61.73891710661447,20,168.4955522798255,66.29490237512884,82.95876216004628,Regular,S
54.8582796000896,17,167.88016635656498,67.91912454184784,79.32699731415356,Regular,S
79.72491177152342,61,178.12639267493077,94.95924333516528,115.97514122899527,Regular,XXL
52.78120787524075,20,164.70907609582275,61.304778845365874,89.67053256930991,Curvy,S
84.11128811895892,23,182.0441998405607,71.42627832069293,85.94390943709513,Regular,M
61.428765888501715,64,169.9235800411201,77.73156551167698,95.62972290818662,Regular,L
67.63950932589353,56,164.58939306846554,77.96353739434946,95.40247171195186,Regular,L
68.46407681386293,19,177.2529442713201,64.27262988241975,83.51948657456927,Curvy,S
69.57685691952061,27,165.55762419422473,87.54353195988494,124.57478442263735,Curvy,XL
68.67244970786116,46,162.43583427914842,64.30598682543982,79.68243075607687,Regular,S
73.96124199844036,56,166.9426378306332,64.75097136701397,78.67760453979697,Regular,S
60.22213723533871,17,157.57352253113586,75.12250741469975,81.93885670943823,Slim,L
68.88972899356375,61,166.08197340188687,78.40936029375601,93.8282824785379,Regular,L
65.1951760994802,53,163.30054388568806,101.60114846935303,136.51818753463857,Curvy,XXXL
61.92326085824345,32,162.77703171277116,79.43702521256647,94.08372900664614,Regular,L
60.834010243779986,63,152.75691465685628,84.67819989462829,107.84667990681514,Regular,XL
56.66999351368314,17,155.21349452168135,63.79635251228461,85.41211718583912,Regular,S
52.91419832785128,23,165.97488040431756,75.82643544886297,80.91140250993168,Slim,M
62.04494559902145,69,172.05732607372443,66.02391931967017,74.79175741849313,Slim,S
58.41184496204241,17,156.16553803053287,64.0911049487637,81.73560848450532,Regular,S
83.91494084101595,47,178.56194373802134,58.61476049268944,72.5692818096396,Regular,XXS
63.07916877911818,64,175.76708711270527,54.372655857870136,75.84640984301991,Curvy,XXS
64.92623284499686,54,164.56224488720667,79.59685176213702,86.7698696291247,Slim,L
55.322810194123676,18,152.7438089114414,64.7048226803748,68.41854566538854,Slim,S
53.5537661783223,55,155.26801476778127,74.6380493636742,99.58515145916911,Curvy,L
59.260533379180906,35,167.75987414361677,83.2738225084982,97.3398277646206,Slim,XL
50.64623078211696,52,149.13056953055727,84.25061037255865,102.49959895748636,Regular,XL
78.58567766594396,36,172.93925673494397,57.13703475171921,61.86810292303427,Slim,XXS
61.82168522110009,19,175.4213192909803,86.35878133247311,91.01013028752345,Slim,XL
79.14223834418728,64,171.72473740316158,76.95453548677614,87.20513664861281,Slim,L
66.4979752028757,37,165.87792173504184,79.15435685401029,96.50216630540412,Regular,L
48.89864461023025,59,155.36597618054003,70.06678258944163,96.08788302546482,Curvy,M
65.24713071993904,30,166.4511808319408,64.4928140792227,82.17917504348799,Curvy,S
54.18799184523902,18,150.68091352870354,61.34404605597165,88.21319882721322,Curvy,S
54.00694408101385,47,165.70296115016103,84.29394048174399,105.59559525920307,Regular,XL
65.46809875135935,22,160.48106223982816,75.28433540347609,87.6152730666172,Slim,L
50.76514048923652,66,153.35914809025928,80.62752720384589,103.84987370104527,Regular,L
54.801603921759735,51,164.4518046815968,79.17421552802419,101.28832619520483,Curvy,L
54.370795998348974,42,166.23046228304614,89.48974401695818,104.80158190344599,Slim,XXL
68.60445611583874,17,168.33250234106845,72.15703433548316,81.45501147182267,Slim,M
62.93618605589471,25,158.6625259692187,75.36931534666904,101.40092034701684,Curvy,L
63.58214436985786,47,173.11967752529227,70.36115358871355,93.7449418037404,Curvy,M
59.61249819180618,28,168.00700468992497,72.32933944209564,92.54949698407171,Curvy,M
68.1133377085529,21,162.82833432383754,66.92589117228897,75.57196471725707,Slim,S
62.838048062250266,66,173.3750105319408,70.47830300334451,88.8108607171681,Regular,M
71.85936452078498,33,165.90671131166033,89.45546163581827,118.10131367194894,Curvy,XXL
62.79027062889534,63,167.0963482781671,57.2012642394438,63.55548660299213,Slim,XXS
79.5595205862333,57,172.9895765404638,62.03163582940942,76.80772003095213,Regular,S
79.04927871961146,42,184.18353661045268,65.04904950424502,77.95199888161835,Regular,S
62.744379633085785,42,168.68987900237758,84.40874138458423,98.76476174107452,Slim,XL
51.9062564102941,62,151.09319365409385,89.53214060914343,102.5341562827291,Slim,XL
73.07805479252981,33,165.0069385480717,66.58259049301742,93.47032106795452,Curvy,S
91.1756285963639,46,185.48021542915544,73.47421610695957,90.39302270622296,Regular,M
65.53547412465421,19,168.15715564768678,86.18329047633358,110.34818245434609,Curvy,XL
65.45044588043477,58,155.84812333155668,69.11832801334349,83.87826296574457,Regular,M
59.284260871006,56,167.90872736915867,76.2755786679596,98.25226236973228,Regular,L
62.54469728164806,45,168.39995541696246,93.31406373052053,105.97648667476382,Slim,XXL
76.94992622818764,50,170.79945595795553,70.69805024729062,88.32506771530439,Curvy,M
79.21656192115692,56,175.47009660199936,68.36755622555594,91.65709198239001,Curvy,S
51.68801266721034,53,162.42636186160976,102.43056538726432,112.46350551712538,Slim,XXXL
72.94321197230596,63,167.47245113333634,63.59873837553346,69.85263597480417,Slim,S
67.03044740105297,69,163.56691243031742,59.533029674915255,67.42248817948928,Slim,XXS
64.00726509142832,48,161.5641860954272,85.1342451517947,116.99326135987528,Curvy,XL
71.87654866998528,18,175.49621385127077,101.35507308575846,125.36609336158268,Regular,XXXL
66.99196145595926,28,175.69093190439943,60.04987641218895,72.5113482696651,Regular,XXS
64.97625105830181,44,157.7521805244918,65.86070810248454,80.91481950277544,Regular,S
59.03247276894139,50,149.09067567996698,70.78813741958723,91.44780606538866,Regular,M
60.91673688243551,53,167.01988608124157,66.2339285056328,91.08537887691875,Curvy,S
59.00508253092097,39,165.98163459297217,95.68180434768061,114.76753737827715,Regular,XXL
64.04329583724676,61,167.5619875529538,65.36623841813676,79.28582420264034,Regular,S
63.243025109429276,66,153.10765177470682,102.12858793374902,120.30116014336407,Regular,XXXL
59.96169950857163,31,172.60406982205348,69.88702350836364,83.62742936828315,Slim,M
80.98127541001986,18,174.9586054511681,77.84777166088524,108.60668028099974,Curvy,L
89.83350686471925,68,182.53556660164693,59.809803186308734,81.44280854449507,Curvy,XXS
69.38702623671354,21,173.75826361333833,61.78302172478644,70.6238383184183,Slim,XXS
50.817787756611324,35,153.38755392696615,74.87983490023113,97.41369260430315,Regular,L
71.96668842286002,18,170.50073784122824,74.87223063418,98.33240620713208,Curvy,L
66.20947930400366,48,175.80376253390008,74.4536917722288,101.63764528658336,Curvy,L
71.85214637713943,18,181.92416983869913,66.93504137251169,81.46875063103377,Regular,S
68.52839140101595,58,161.1512240270304,62.55916270149736,86.12647984623028,Curvy,S
72.78876875345111,34,181.6795364079968,78.23113614734092,108.78511617448086,Curvy,L
61.794694283797455,50,170.19520964041885,79.91971529759452,85.84912033967626,Slim,L
61.61123596136862,16,169.034914706238,86.28555050808895,104.09099732499658,Regular,XL
66.21818340197241,51,172.2281030464476,82.56470555299568,100.12748764621618,Regular,XL
67.36963665654368,24,175.19776298423628,75.3564882559652,97.21714339785589,Regular,L
69.73616304046469,55,182.49360967185197,87.30251825572455,93.3537863485982,Slim,XXL
58.59337280972438,28,168.73094207285322,80.59479953718413,113.81248594478572,Curvy,L
60.632874181981016,36,178.5858155821993,93.58688118925949,124.02704201186327,Curvy,XXL
53.869763744678856,16,151.40575343736327,83.72538302801732,105.44560041282557,Regular,XL
73.12315340757469,30,168.1549386198985,96.92424632590193,116.29145226907826,Regular,XXXL
73.53099778379485,19,176.12362278539743,68.0753124910258,83.06598604065108,Regular,M
52.666948137266374,67,163.9826279451794,70.81132347462801,79.77747390483165,Slim,M
49.90748156566303,16,154.120194424433,76.75166917981933,101.00929597727828,Regular,L
69.12446453857302,58,175.4987678247656,62.93616798934171,79.56344475420033,Regular,S
64.31670859390493,64,172.6425534180764,73.75454330234275,94.76003154811782,Curvy,M
77.63073216250726,34,178.51792211857048,86.31770565265299,110.94900883175048,Regular,XL
68.09022988344222,48,173.7620692706622,68.60384525870326,87.57156297381265,Regular,M
58.941065534469416,54,155.22678671799386,87.62690127455036,98.19376396365485,Slim,XL
79.68987743426311,66,176.38725305787978,70.16567938409332,78.06636543068137,Slim,M
60.554926891603934,52,176.92200394625425,62.266235620021014,79.58509947395727,Curvy,S
75.62781029088295,25,174.50338480711957,82.563224562356,98.17880877918334,Regular,XL
57.847628776771664,45,162.23141921603425,75.26827738695437,95.57648572001763,Regular,L
63.37206176509092,43,153.50164176601234,82.09569425189147,99.73129663826401,Regular,XL
58.408353314036965,63,165.14458516964118,67.71688597631572,83.29459783819425,Regular,M
54.70367182655709,34,162.48828195317202,86.95140142385596,100.28894788198986,Regular,XL
69.40622700265692,22,184.35459041899838,79.0659598652341,98.82731185122208,Regular,L
58.10211615786713,52,171.00961854288093,85.81511581543514,110.42911449760754,Regular,XL
46.9828870265947,59,156.38785505257303,65.99531399769714,82.7151484477414,Regular,S
55.66718717147853,18,155.8163964049182,73.35292888335093,90.9724721845984,Regular,M
48.31463591724974,49,159.45548921949728,106.89967784343719,135.53287244436174,Regular,XXXL
77.16941340057252,48,169.14711797088367,86.41732453800655,111.03658290636831,Regular,XL
62.03596845123478,45,159.6696419085512,65.99391789747804,83.15780403009697,Regular,S
68.68557369244266,59,168.3838617635729,82.32954534530903,107.08585830237918,Curvy,XL
82.46089380891279,55,183.56534002042622,55.29065382251605,69.2607502318529,Regular,XXS
66.90620281329733,44,179.10469511565103,95.62485007507392,122.25568415677226,Regular,XXXL
63.743891992558844,59,168.74902289164245,68.8912145271763,82.61924502885917,Regular,M
60.12812667643441,30,172.68200660433814,92.20228545013028,115.0968758295143,Regular,XXL
66.63704395196034,60,165.98289877880472,67.64349597398467,81.33838424653824,Regular,S
51.20291961165509,33,163.11774150817712,72.43744828232437,89.9232459214956,Regular,M
67.41618852766142,24,167.5276813472745,106.06699323803927,129.69961133002863,Regular,XXXL
71.86838893750306,38,173.2445391873747,93.94703503639968,117.52729413535873,Regular,XXL
59.497939599757295,29,166.8323818189318,74.02400628331839,87.53351917226603,Regular,M
75.16499829920905,25,172.49751624548193,79.53428116650127,96.94299427623037,Regular,L
83.58725691544997,20,178.05203294352089,73.85016685759379,86.84463717533498,Slim,M
78.87470202642217,65,172.05172049542472,102.9771029283349,126.17109440504014,Regular,XXXL
69.2537630616063,57,166.82361548241562,64.45438909616105,79.82859168686599,Regular,S
51.3044132109372,18,156.14518157512785,84.652632566271,96.25345220021211,Slim,XL
78.10605328459269,64,175.63663664884942,92.19396342679788,117.84950390046286,Regular,XXL
82.8316434579943,59,186.18104610717438,64.71630624318449,85.4848403016408,Curvy,S
73.59442405987528,19,167.0359915342134,77.13837358918421,101.64154623296575,Regular,L
62.451533320046885,46,155.43889588449167,80.76584577474168,89.23786260104154,Slim,L
64.13876283104993,32,170.32975297409772,85.9969808321262,105.63998484064024,Regular,XL
79.42374285237581,49,174.6922790446433,66.80712385083284,86.4786904453328,Regular,M
73.01414627588007,53,168.80009499297105,62.43842019039309,75.12116098016952,Regular,XXS
80.69445612145248,53,175.34079416207703,87.48438760420687,116.29519204542238,Curvy,XL
65.1345760850412,44,177.67830550275048,55.15202655524006,64.12566683013975,Slim,XXS
70.16819519734887,17,172.47798422071924,67.94746282090438,76.17431232321147,Slim,S
71.22799195866493,56,172.0324027018821,66.6795816629769,78.27540019855358,Regular,S
71.49117660080053,16,170.50690520913415,80.82093938253827,96.44211041945164,Regular,L
59.85851401189412,32,168.23791224764923,104.17300848474835,120.37382514640001,Slim,XXXL
57.79004769296958,52,154.01572370291194,69.60732685238521,88.23409996208765,Regular,M
70.88907100177126,59,168.55910396695526,76.95798587542644,90.90625402424104,Regular,L
57.042412349747494,28,154.5195288206596,76.31400954512146,100.51715272741326,Regular,L
58.70718792781878,62,166.0793014402624,86.09015441377164,103.02326353964891,Regular,XL
72.61928447221344,19,166.54576613775913,64.85657591370428,81.57964984304515,Regular,S
71.56825789707011,60,171.6416659848132,62.927389041957106,77.28506068937591,Regular,S
66.96323372331878,58,167.12725433378998,66.32384776417732,81.2009983622745,Regular,S
64.2043433338905,43,160.78988619536094,55.57187884656373,68.51703273829625,Regular,XXS
65.81462290781741,20,165.08607614358976,57.986207425500005,68.81208821075576,Regular,XXS
63.98749475784499,51,158.04221762464988,67.26535724312137,93.15738512549731,Curvy,S
75.13573582093834,59,174.8589709214051,75.96835760629803,89.9161100742475,Slim,L
53.3129210989877,61,157.9962068511721,90.02205251868841,112.86902057568822,Regular,XXL
61.36557990107075,21,166.9375151295802,60.127127851230284,64.45764530109662,Slim,XXS
76.5341514678582,40,171.07340705070132,76.88215429711711,93.0732940188097,Slim,L
69.5090093907745,59,170.62965118900073,91.79106649241392,116.59102693335561,Regular,XXL
62.091017121327205,32,165.2010367734165,98.71931271565838,113.12546600872574,Slim,XXXL
71.60713785057682,33,175.94840821850124,61.21865981889606,78.21239348488116,Regular,XXS
48.059719868384256,44,152.29063900911143,83.8359061618017,110.02661734315029,Curvy,XL
84.18226394797738,23,188.93818671177567,82.11642649739913,102.7957574959125,Regular,XL
72.06828632089037,17,168.11456321763887,57.679629351225486,81.53541107635287,Curvy,XXS
69.52824388951143,45,170.47887955494144,77.79110986347645,109.84230857293488,Curvy,L
59.83983282216607,50,173.7385879514143,61.102337908750876,79.23130414558848,Regular,S
60.191991879463636,67,174.72220363207808,92.43686959267457,125.75104715901166,Curvy,XXL
73.36534339637555,17,169.11729702149196,73.73505255079236,100.93224852774661,Curvy,M
62.63016568124027,65,158.77377877270874,86.60807607905043,103.07055009614008,Regular,XL
69.28419093745435,31,172.2563987078867,78.41503914146013,105.20503657057105,Curvy,L
55.94950935054083,46,166.51279443859465,69.73851289302799,85.71771875566036,Regular,M
65.83568676872287,53,160.95928010143083,84.44546877637895,98.8822219371956,Slim,XL
74.22375304664257,52,172.778883837864,87.24849900832417,117.91317674768351,Curvy,XL
68.10592060204027,34,162.94038884839307,63.71451004595916,85.49343393663847,Regular,S
77.50568688667002,65,172.0405013302684,80.59644172079693,92.5207388830806,Slim,L
70.90079668569619,32,168.09028978528255,105.94407350954741,118.06211141858634,Slim,XXXL
73.19245124168009,27,181.27535599086568,86.61526073419195,106.63145402990035,Regular,XL
53.015175343324515,44,163.69991783323965,83.16438073641977,98.80339480840205,Regular,XL
63.94447877525323,44,166.3202083090118,84.21453724404526,103.72385097135415,Regular,XL
66.0730185751589,36,181.48749243165867,86.11182275128066,99.01577552630289,Slim,XL
71.96815006916859,48,163.95323464597635,93.45576933925494,109.52995068999998,Regular,XXL
72.40706330226753,57,169.62185350591753,83.62118540119567,98.87372661931184,Slim,XL
69.59197692175347,28,173.77097342231008,73.98053064204784,96.49777384453229,Regular,L
57.31290993874354,58,172.84302844650819,98.39439749618782,120.65178316812597,Regular,XXXL
61.20956497967007,36,152.87791842650262,107.32152949846441,145.50636240621154,Curvy,XXXL
56.12233268369697,35,163.54812183888978,75.87725841511558,94.66052915842124,Regular,L
69.54960888537713,35,177.2627748116766,70.92107496977793,83.40104054145712,Regular,M
55.61274985999498,59,162.93571679550655,80.0114365362606,87.56469458539347,Slim,L
75.08445745051736,56,182.8128726163156,92.61215423111844,118.61551047750999,Regular,XXL
66.45583177344277,48,162.33715002076056,60.89787374674849,67.6442737902125,Slim,XXS
53.02719102153218,37,154.96725369095478,79.07321480761092,96.34530960381562,Regular,L
57.48790021043065,48,168.03496201266373,84.48004940622987,99.95617026857498,Slim,XL
64.18706333253155,16,160.68762143327587,88.82678082848287,114.07849851355545,Curvy,XXL
78.16642102006175,22,175.95177651260383,71.95517143170706,88.55536062407212,Regular,M
81.87593081922238,28,179.38872760816224,83.93741195189922,93.81473578631217,Slim,XL
58.66528793612167,33,175.4538404077668,69.9100310478413,77.35224140854663,Slim,S
65.85990949566295,29,163.05993847815748,77.24714629820434,101.88156889221946,Curvy,L
65.48894212011481,28,161.75676577831592,77.95752853814659,107.68196081445122,Curvy,L
56.554204479954166,50,166.95771000572867,94.16315520534236,126.21116981091838,Curvy,XXL
61.48562788602248,34,174.0324342787657,77.61908516721826,88.98714120766743,Regular,L
73.17396218582044,49,166.56425313859222,63.87261169004139,81.70546420333977,Curvy,S
63.63366264886345,69,163.51837846127816,99.08342357000286,110.19642938410081,Slim,XXXL
64.47092907384412,66,166.42167928703944,54.15071060226514,70.91392255650939,Regular,XXS
80.46436134538565,38,173.08101675000614,64.135934768806,66.72411746879432,Slim,S
55.83972252153694,37,169.13754508113047,66.27247348815143,72.85923780868747,Slim,S
68.55168281861268,17,159.6838025942322,65.50568827519807,72.23659205398137,Slim,S
73.21232196057998,17,182.92234879431183,71.2604784748257,88.12605098458889,Regular,M
75.1483976370387,44,170.6537755729863,66.56568171630929,89.9647682609147,Curvy,S
53.61566191778005,48,153.22862672757998,91.21533721392285,113.92732951117901,Slim,XXL
58.8465092397881,62,171.01891492908197,59.02371014324826,71.58322912232985,Regular,XXS
69.70761495351283,41,172.26691767148145,69.84635383601754,86.087094269978,Regular,M
54.903561564781214,37,155.36502473969972,84.72685870312613,106.9096590404157,Regular,XL
67.17986257271427,58,169.08956690244398,94.91023289383227,119.50042480137922,Curvy,XXL
62.40703945587885,21,167.86351450287628,86.87996996269668,106.29839377744428,Regular,XL
75.93841648891454,67,177.4081415342725,88.05046010574723,96.32052044491897,Slim,XL
81.59418409087326,58,175.7454092230034,62.649451107837166,75.15418326047329,Regular,XXS
57.278948209663305,35,169.89189556917265,102.77668230013614,118.34152418523385,Slim,XXXL
53.914474007776164,58,160.86464587076262,73.80271396412957,86.06387661273942,Regular,M
60.96808354530052,51,174.626130854312,65.97231388835121,81.71159288633936,Regular,S
68.10319735030181,35,164.87836395231795,68.95591386149178,83.38592483837253,Regular,M
53.99722841340932,21,167.42498776331468,73.51917329200269,89.1032546229201,Regular,M
74.19960110597087,63,172.38028975425595,101.70999791918675,129.4626454663152,Regular,XXXL
70.01096033001318,25,174.81890507840285,77.36150837024068,95.26938226049126,Regular,L
57.27107628810233,69,163.51822697788106,78.05005000212326,89.26871923451206,Slim,L
62.534278136199234,65,178.3993518244945,65.25865313999508,85.98435391659588,Curvy,S
65.12191658255429,44,167.8461059114875,75.38002778010225,101.94865450312656,Curvy,M
62.09898010311307,46,159.33732749933563,75.32632023034517,92.51927833825658,Regular,L
58.37237191573806,68,169.76439125516177,70.67462478681074,98.98608824861873,Curvy,M
50.12921176100275,35,160.3179766046483,93.69598344511256,122.38790047896865,Curvy,XXL
57.35501906772725,57,160.2346578609378,85.98366715215005,118.67064833469182,Curvy,XL
55.24878811770255,44,161.00717149709862,105.45765274777168,122.89675653019508,Slim,XXXL
61.7446465159853,61,157.36253914085898,68.44741571776404,87.4340877879652,Regular,M
54.55133254096485,48,163.35407105373224,89.08084699438717,105.16333713018085,Slim,XXL
83.30168911243277,17,184.96666396267227,72.24850293493363,86.92508477215188,Regular,M
59.56381257611159,35,154.63857446067018,83.0921318876264,98.21515787201785,Slim,XL
72.16576102309315,24,172.9514209087619,67.15766446112106,85.29351047393546,Regular,M
71.43763476380482,60,170.1788199007357,83.15054403703226,102.38384988630239,Regular,XL
60.113644338995414,46,163.69932755849632,68.8348994418065,85.29235388458747,Regular,S
75.05608211029487,30,169.30084276040031,55.07047080093288,62.82702471815348,Slim,XXS
59.69377521020415,57,149.32262041347434,86.55862308690352,95.95572598633254,Slim,XL
65.68628404575718,54,175.71096415199526,97.09663638735398,115.8867695883545,Slim,XXXL
76.88011797048365,49,172.65621882893814,62.42551845605147,71.57815166535757,Slim,S
52.80885440643388,54,159.56109256141127,65.82717380822841,76.62632731645107,Slim,S
52.39223649743604,28,164.21234992276243,75.10718755725466,78.77623356533329,Slim,L
55.86426055940748,35,159.9116890981264,73.00018150360525,90.22566106666766,Regular,M
65.72617287397566,53,171.8564058264025,103.97243022214528,122.68079605574319,Regular,XXXL
55.8826310293607,19,168.62556105354741,81.13294050351647,88.75539034593237,Slim,L
59.741314527969074,47,169.06985541276276,66.48972445901056,98.64979772341323,Curvy,M
52.92503891506096,51,160.6214075498581,71.34642218068065,88.4720359915504,Regular,M
46.83309684775217,49,152.31319361733685,80.11810806573563,106.47171337806681,Curvy,L
75.10600202263247,36,169.22875685388408,74.93821921350158,102.05210875998986,Curvy,L
67.25656379649101,17,167.82779083448946,90.57838884065443,110.82964406414203,Regular,XXL
54.129727926523366,63,166.86819037227522,88.45844897611784,100.85465853178113,Slim,XXL
71.29902679101355,62,168.74453421025248,78.016811412704,100.43662587958036,Curvy,L
71.57424271640319,41,163.6798852914395,79.18194946820111,93.018477726465,Slim,L
65.27119463765392,46,170.60580027394903,73.2339021148707,86.85615476452884,Regular,M
51.68415211539662,56,154.73653605023233,74.09704850394868,86.27108250618622,Regular,M
54.56466734763674,24,167.79329484227094,71.50458293245187,98.21222208332792,Curvy,M
52.32831007500998,25,152.4690149681386,75.60672910414159,90.92199709968001,Regular,L
68.44273293605082,61,166.5671715709388,68.17175065900571,72.56433380954249,Slim,S
62.72511799416219,49,158.132128720639,59.13439742622818,73.71192198573341,Curvy,XXS
66.94872184902076,30,175.49922168377626,87.0190539288289,106.1426759795599,Regular,XL
67.85616710414588,63,170.9982282468694,91.30586623541654,106.76865384672763,Slim,XXL
61.90371112846328,63,165.41382448227785,59.21926154158338,67.28166962854456,Slim,XXS
73.12583650741381,29,169.41989132382253,88.73738304902425,108.43192261489934,Regular,XL
72.35561265813813,19,167.60736636618546,80.18514051851926,97.86006731588971,Regular,L
62.181675979000715,54,176.10551843608312,80.67215203876067,87.44003048078994,Slim,L
73.24986710242979,52,173.98624517718878,71.36742485929916,83.19485391053294,Regular,M
58.33089292346431,36,173.16729612335362,94.30432622531893,133.24014038532266,Curvy,XXL
55.33162499385076,28,158.6640945428747,74.03864984109688,98.04906101682006,Curvy,M
49.58752256713123,44,160.35678507914758,68.63274725927148,77.82293694758087,Regular,S
58.61109312418195,24,159.46585956252272,57.94080625124645,67.53532224706883,Regular,XXS
58.90417517855476,65,154.1358896920693,55.1301384868723,65.3562434602529,Regular,XXS
65.65243763139317,69,169.91862830338857,105.284811875185,128.62254747212594,Regular,XXXL
66.87295623848675,56,160.3936726517378,81.95937791796025,103.56320441081732,Regular,XL
68.00379431542024,36,165.687005625724,91.20793135956056,113.21137874207815,Regular,XXL
60.10088383842459,24,166.99467691781982,72.09056529002301,91.96553845507721,Regular,M
80.70312986218741,58,181.65169964597447,56.561080298639,79.81214949579434,Curvy,XXS
60.99882573060256,65,172.794173366982,75.63559602561838,87.6514280264285,Regular,M
53.91319858793666,22,166.1675462228665,72.97157571314592,90.8496730999493,Regular,M
60.906372197972644,28,160.6559338790824,81.22157906514691,110.98616570559294,Curvy,XL
75.8667396938747,54,180.0498658831751,86.26735638591266,110.04890654962834,Regular,XL
56.34864180265197,33,153.51965501977585,85.46484236543917,91.48737986576002,Slim,XL
65.1319565208059,57,160.52060734848925,81.70600904110759,106.9228828108635,Curvy,L
59.8078504823296,54,167.18478102579658,62.742530354560905,79.24289492751373,Regular,S
54.51885953004012,51,165.98586538343704,71.769933594903,84.7466291097451,Regular,M
68.65101681450878,41,163.60369761137642,75.95570461228418,82.33427406558464,Slim,L
75.48812715041106,58,176.37318688673423,70.03619883212701,84.40634194013703,Regular,M
73.7583542969979,58,173.57880595710455,77.70317570444975,88.51391742461702,Regular,L
66.89706548989201,41,160.85817623170175,69.28106746984503,87.09398159625792,Regular,M
70.9258179547792,40,166.20099697637949,72.73410280593133,103.8672884160866,Curvy,L
60.261826950285354,62,164.175727898946,97.55486543802597,120.38589426387476,Regular,XXXL
61.60335124446177,62,164.5758459543304,76.95278942084981,93.72331323206038,Regular,L
53.46525642717535,25,164.18416488541808,78.93872201912082,89.34428079228029,Slim,L
60.36735137161054,67,154.94503533493614,77.2999458465909,95.10720178020259,Regular,L
67.24394799474784,62,163.97623191274698,77.15656889526814,99.25954848045276,Regular,L
63.650627546267955,66,180.64581633918814,88.0298530454215,97.64110629294281,Slim,XL
55.26779089481431,21,160.02327100587723,76.3646299505941,79.94540887499022,Slim,L
76.85643884943399,54,178.6239247054716,68.20301385968398,83.62747708022162,Regular,S
76.82264236167175,57,181.98544366455408,76.49988958275841,85.23767885064332,Slim,L
65.93124411849222,48,173.10064110225449,58.94965030051052,71.80970241271528,Regular,XXS
81.12654471337765,18,176.4211951091821,60.018406130122564,76.54678936185988,Regular,XXS
70.45038483885935,60,168.98554929091839,83.65486815342997,103.09237667181745,Regular,XL
62.55357655798275,36,168.62379569454987,59.78944763674367,73.41426071342022,Regular,XXS
52.718882578266324,16,154.95237429366156,68.60428043766088,87.92254217148167,Curvy,S
55.5092843756787,23,160.18928544596184,86.9124227853367,100.44734167665885,Slim,XL
66.75962669763992,19,160.33519349070244,71.97294005606558,84.33072720117643,Regular,M
58.82044954171811,23,163.54296089121274,77.04603837797478,93.51400794864524,Regular,L
71.03687042118818,61,177.72390977299827,85.32655605399398,92.750320032308,Slim,XL
79.79271118223151,69,174.99877461695726,78.22450939571473,86.61342361911605,Slim,L
83.55631265768153,40,179.06792131550017,86.2277750329288,100.76825317272497,Regular,XL
70.37094550528693,36,168.2244864510713,76.68073126191015,111.37146488549,Curvy,L
61.069856784885204,38,161.66620580888724,71.22545737367942,98.17116407993518,Curvy,M
60.2107396685433,34,175.4150700044398,93.73695118472638,115.38525442341795,Regular,XXL
62.00834592756669,26,163.65570804056284,71.03256237261627,94.77564736817749,Curvy,M
58.52552794115696,64,165.59317800829967,65.14294006844106,79.47657523203267,Regular,S
64.33781318321589,52,168.3265485311155,84.69743684982747,118.49221315473923,Curvy,XL
62.31023256304503,69,176.99839981582312,60.936994295211754,79.24888935115139,Curvy,XXS
55.89766769792268,36,166.71815373227585,78.08483289082803,110.34591754843328,Curvy,L
59.07790511561826,55,170.67070095261892,86.35145758345682,101.18313371964736,Regular,XL
54.07950088611805,53,164.80914882311285,77.79405006628522,92.72220838101596,Regular,L
64.98294808328224,28,172.15132034276516,67.24047950757998,82.7700086069062,Regular,S
53.958478122170064,45,165.0006426235954,85.1852426393574,109.32007274367473,Curvy,XL
58.71282089316282,27,156.94418100261873,81.35741345438902,95.06632937507746,Slim,L
67.733473222932,27,168.47004310351267,72.88132420800903,91.03774562047194,Regular,M
63.83507349467608,32,160.00205558683834,76.7003868580003,89.06765874325129,Regular,M
74.41118259342265,60,169.81217232193333,84.97278935950062,103.55162480848607,Regular,XL
60.88774695612504,53,167.55658681796427,75.18181394143778,86.79470629462693,Regular,M
67.29691388242003,56,168.18940045064213,75.52567548232479,103.79302921369676,Curvy,M
63.09380664087239,69,166.92387897741375,76.46257431871258,93.86906500833656,Regular,L
59.069740954947356,59,170.11632492588936,90.07415096596282,115.28536173605507,Regular,XXL
71.05468504144216,35,174.2412617380533,64.880213864049,72.59007158524943,Slim,S
53.183251806327206,33,158.85628756865154,80.34107862701562,96.58603377234591,Regular,L
70.10810495443299,60,161.93185762893762,85.21054382339298,96.70506545872334,Regular,XL
52.998753304730435,16,158.82343883446998,73.8098090015857,96.48473163078488,Regular,M
63.103960167316586,64,166.97899057079613,79.86409684614725,109.41802793550032,Curvy,L
58.34349612550897,69,174.30070778688895,75.43100589851886,89.16136549528171,Regular,M
52.85365377448214,27,159.44705871440942,81.30334819076992,99.51305634520556,Regular,XL
70.21904868971782,33,164.10768772354947,71.52980156789626,82.8169415407281,Regular,M
63.87497729193937,46,172.373994831713,74.20347923630018,100.16039782758662,Curvy,M
60.189892790471,26,174.3626421743084,82.71139740320744,117.34596393838079,Curvy,XL
73.7085115773654,57,172.08246405010746,76.2507794978033,110.58056120796543,Curvy,L
55.173286891478,60,156.87854011686974,96.94885327436687,121.72575203664458,Regular,XXXL
50.89256681395509,67,155.60816270664634,87.32235277800844,96.10309608092594,Slim,XL
83.77980493941918,21,177.36744622876333,58.06192562278648,64.00018186117815,Slim,XXS
57.43272051153628,44,164.5220554944614,90.84346343468691,117.39396148970022,Regular,XXL
77.01073650457933,29,170.36809642510514,92.70054773914981,118.10771647385815,Curvy,XXL
68.42691633366496,58,183.6652178153017,94.56147878329378,116.31418381679313,Regular,XXL
64.45782231875414,24,160.67932999511308,98.65914183462172,120.24437242680754,Regular,XXXL
69.71094528293733,20,163.40851669853774,81.290102657251,99.0476733416346,Regular,XL
65.69381701089216,33,159.90004823837108,91.2834467242934,116.01761072782404,Curvy,XXL
55.28584623329007,45,160.7123345964538,89.1934260964623,97.03882895586905,Slim,XL
70.78237918051884,65,176.02490513125866,78.30037335649504,85.14676163958954,Slim,L
67.93866920256151,69,167.71393884501188,86.22942853529133,107.96930520262615,Regular,XL
48.37050953890629,40,157.3198700348158,78.19608731695543,98.31319266124227,Regular,L
72.46829280519465,38,165.76027093754777,70.75772824237151,86.94818540680915,Regular,M
61.73308722572748,17,165.34724976854764,79.85755797964003,92.03780770147183,Slim,L
61.04202112506812,47,162.895758674781,74.49170281517276,94.95524721554996,Regular,M
70.64208768875407,39,166.3964401385822,97.64625833253282,133.31889976305308,Curvy,XXXL
64.42636289565436,17,176.4404363915404,75.44523140382262,89.15865102267965,Regular,L
71.30496572101241,35,165.44793575621716,79.26133093586009,95.39324790282795,Regular,L
77.42757550662675,51,178.808711570696,69.59973911989613,95.11628577457199,Curvy,M
59.97204680970546,64,160.72278379333568,89.23963519087958,106.32617341152174,Regular,XXL
64.20599691583972,55,162.02226153210606,72.30158184457008,87.51967715395327,Regular,M
69.36668659012405,16,180.43970182180612,62.46018508616109,87.09848200475071,Curvy,S
61.36544805590862,27,160.0806774958116,67.17782025980861,87.83617281132136,Regular,S
56.04437255168861,33,158.86867366218223,62.25404043528051,85.69755238939746,Curvy,S
59.768084826533794,43,172.45623697990243,90.75817813825174,107.61912936796064,Regular,XXL
48.38415975356142,52,157.3144678264554,64.97747646695589,78.44541472533396,Regular,S
70.15681149811056,25,176.3202137589015,91.88457488585648,99.00587869442973,Slim,XXL
70.79934975732608,27,166.2006436835572,73.20928570283382,88.79365798661888,Regular,M
60.79491768917534,47,169.6634375356934,68.20470904584599,92.83819484522523,Curvy,S
57.38752956792828,40,164.15712262006915,76.61190731424715,91.66224779511698,Slim,L
62.73909086519883,35,166.20554537645083,103.22665286048813,122.52559872771572,Regular,XXXL
68.19776801780446,66,173.85774458472795,69.9936333330214,89.7405728802099,Regular,M
61.73068145338142,22,173.47088891145594,70.71442985957425,90.63148890106447,Regular,M
70.75581360412717,21,182.8953190252014,76.02287261993176,86.85108370577692,Slim,M
65.13279838882123,59,160.53641223861584,63.029611043887996,76.6231677146307,Regular,S
64.82427344039743,28,169.1730607011694,58.22646265105954,67.26838754224562,Slim,XXS
72.81844831676058,64,164.25661022133403,73.94412454258259,92.16355718489815,Regular,L
81.57562514683238,54,174.1970050822012,94.24777555643026,125.7541777328183,Curvy,XXL
51.59810644918032,17,154.21563176567014,81.24976895759973,88.08153783086125,Slim,L
71.55229035104223,17,169.28780398069725,89.49086896889453,111.37701550879788,Regular,XXL
66.9742606960455,27,157.68494328717287,76.65909603877547,99.20462442468848,Curvy,L
72.81796611098235,25,171.12695926241568,83.39057688048334,99.35527598546867,Slim,XL
66.81947624155394,65,159.00275449333606,71.28717369435489,86.58370985307864,Regular,M
63.30153907821806,59,168.64308031010924,75.2568970381867,94.11058375848457,Regular,L
70.77129540562672,65,164.8053598167983,62.11284583266001,82.43445549517644,Curvy,S
57.47272018135141,18,165.92732752735495,60.577860306345684,75.73122830811958,Regular,XXS
61.295760438310225,48,159.52913592913603,89.52261808130336,103.96603438561228,Slim,XXL
75.52407791436107,56,167.33334239500522,86.9568467011097,105.03769443990025,Regular,XL
73.22051958814622,57,171.94087589450442,97.93249010352885,121.97782691487676,Regular,XXXL
64.09571988891021,64,164.23208151788796,97.68113592397238,121.22973664312855,Regular,XXXL
55.14979372030624,37,169.43543617035945,65.89942931586447,83.01645710085812,Regular,S
72.84259552869318,20,167.78078167306796,67.45537089156751,76.20600244912654,Slim,S
73.85440550099804,61,174.85332095895527,81.05899999287755,99.71105335573962,Regular,L
96.74067218264668,52,189.36540299890453,87.05240044498937,97.18413801985521,Slim,XL
71.66108555878262,19,166.60509730869973,86.11562521524044,109.53529197455292,Regular,XL
68.65333944662788,18,165.91197208518656,85.16873222922663,106.36493298413333,Regular,XL
60.33131388367635,47,177.7190722414643,77.09906699611729,107.96717006495699,Curvy,L
58.365082122990195,38,160.71841035017673,92.53710523383853,124.79087327157502,Curvy,XXL
63.06183657465174,34,169.40292192524268,66.14527797783185,90.79872273049966,Curvy,S
64.39167179426106,23,173.73009997174825,83.87389694953534,107.37700661871469,Regular,XL
59.69340275994945,31,150.84826534702404,75.44365298277094,88.00354713059485,Regular,L
70.39811746868025,16,176.70352202614842,62.53436356678342,89.12195325850774,Curvy,S
62.02682390855297,39,179.65681460981924,87.70896072379577,111.30818346792056,Regular,XXL
61.874139501230566,28,166.0296788591296,86.69309850344396,107.18486145678987,Regular,XL
59.310579177792626,46,168.3189136599327,64.90364427472993,76.36176330248966,Regular,S
60.22034901225312,54,158.77678445082094,56.554421216125284,59.05289142583618,Slim,XXS
52.93750868945937,33,164.35470001589073,91.97948202951724,110.59781559665831,Regular,XXL
69.81949497442135,50,160.88860152752184,61.75808727627192,72.67717646019402,Slim,S
54.84699928316322,37,161.84683776154705,96.61389699190583,116.81612470008301,Regular,XXXL
68.19545806096335,50,175.73022991387737,94.16078890245767,115.82149822414794,Regular,XXL
54.72466051388212,61,169.36831594109717,104.65130691925035,127.84916382486047,Regular,XXXL
78.27579591749799,55,177.19581648662825,64.0071046988284,89.35136383675898,Curvy,S
55.93281306270896,18,155.61133573102887,93.04124537489416,121.90029156083945,Curvy,XXL
56.06025327851268,21,165.18932051635431,73.15950585481903,81.57731787751139,Slim,M
56.83093407545962,66,157.31338523879583,95.62578785345057,110.10002971707479,Regular,XXL
63.56036231668096,23,176.14236775228767,74.41525920793691,91.05214541098253,Regular,L
68.36750247960788,61,173.7799661555435,72.46618692169532,83.61125824299215,Slim,M
64.5932253330788,54,167.87240218418583,81.32006142454142,97.27433956871441,Regular,XL
57.69220882756291,56,168.8064309636782,62.13317552716774,86.90625844641123,Curvy,XXS
57.25735972144867,27,171.49614097658736,64.01303807306894,78.83033738220662,Regular,S
65.5164271548581,18,182.70353623993822,100.48921058414895,134.59863341927235,Curvy,XXXL
83.26857855735048,59,181.10624946509137,55.737924590280926,70.12221977686163,Regular,XXS
69.2616109587945,53,169.1058018920147,75.19623816030911,82.17770218780448,Slim,M
51.35388557408858,26,159.99888863008036,71.03223809394046,90.83293702540558,Curvy,M
63.10432717005255,22,156.79464116090762,66.82668115961704,83.20067393715165,Regular,S
69.82178549860883,44,168.8935530408534,74.59268559485373,86.79955385895883,Slim,L
62.531006419686804,41,176.82466622634695,91.37258654436305,120.65919144709481,Curvy,XXL
71.38128169900928,26,178.40877354772496,68.39018561353222,94.86672042680803,Curvy,S
67.21959693980538,21,170.8658767521156,63.93547088446245,82.23715986779412,Curvy,XXS
59.29192981293839,54,169.53153637875687,70.83747635687953,93.83339249090736,Curvy,M
71.71224022709964,68,178.86685733144483,73.37946880260473,90.12931428913426,Regular,M
46.12634475403476,41,155.6999742541222,70.34499132765507,80.39968669500745,Slim,M
58.252158648686716,42,160.92808080862397,60.50707388815062,76.91805426511523,Curvy,XXS
66.10342397974621,42,170.48831252294463,73.56207772220067,80.63800112362365,Slim,M
63.03064014803075,36,164.50147642490953,78.02924089227344,95.90111018880019,Regular,L
45.84992569422317,24,153.6550017253126,74.26577297720671,93.92053392446836,Regular,M
75.8729525830334,68,170.25281403169905,69.82756218940632,88.57175599223933,Regular,M
66.77112622734231,35,160.13485498986518,70.7401995711656,85.38950779782394,Regular,M
51.840833015572784,16,148.7740816721495,77.48008850464034,89.34837750114848,Regular,L
69.74961610700883,43,174.22660419316406,76.4712627696441,91.08729391325008,Slim,L
65.5264252686417,19,169.1953709655414,85.6309270015702,101.38629304793693,Slim,XL
57.196115826398135,42,166.75726756707192,76.54411818551111,104.29116748518595,Curvy,L
77.40290257186943,37,170.88158509066574,70.96928814192187,97.29975079306314,Curvy,M
82.27510238608177,52,179.2268892589847,78.39269013051256,93.54360604276657,Regular,L
78.39050670684745,63,170.62689916266822,97.42420620624007,110.88108404939608,Slim,XXXL
53.20601356535013,29,165.11086052310537,78.59844424863358,107.40136289171764,Curvy,L
49.00678240155501,66,153.96813743406256,81.82962732994262,116.76777044449838,Curvy,XL
75.7202903482344,49,175.30199823931076,107.62016573439615,128.80783138772316,Regular,XXXL
73.36410523920225,19,166.1622752524391,69.26627760813324,76.47338403375912,Slim,M
52.86643723829832,56,149.65042199817955,86.69091943356676,98.39230850305223,Slim,XL
73.08172463207897,49,166.57224804468441,60.04946392999764,64.01228006916428,Slim,XXS
79.84808872600449,54,175.37341055582053,67.60535458166542,75.25510480917318,Slim,M
74.42133795313293,27,169.2775036896803,68.18487897078052,78.24984764590302,Regular,S
82.11392641973575,48,175.62385196018232,90.49785543720661,112.42456608868734,Regular,XXL
72.52209907850056,29,171.25759932645184,98.58006954420564,131.07520663525537,Curvy,XXXL
67.46762109307899,60,173.21466985735242,84.2582424161361,91.39242054856358,Slim,XL
47.38862162409909,48,153.8365287797102,65.50433392566023,80.46103797498905,Regular,S
72.72003096690707,26,172.22769513458968,109.37697337861191,141.2129387013053,Curvy,XXXL
72.31716108708197,62,169.71839211983442,71.79556126792421,87.8875146565922,Regular,M
82.2807494955024,41,178.59059690176727,89.78834993351073,96.30442940745645,Slim,XXL
49.570654330580226,57,158.56288452524254,89.74290370642002,119.99761294778291,Curvy,XXL
74.21445559148073,25,172.84967820814083,79.77640525048295,100.72033632157634,Curvy,L
59.90034431792338,28,163.83560706357267,76.60750731248493,99.92834333564755,Regular,L
63.09578630230518,68,162.84689473717188,56.2757501758425,68.60611963263254,Regular,XXS
54.37096314318476,17,161.87037527723706,69.08103376470602,85.31068655369876,Regular,M
64.55828317811098,59,165.26443350534998,66.00354625627243,76.73132223011213,Slim,S
62.90579069980991,62,171.01308300943853,56.11014903638165,77.35579642304843,Curvy,XXS
69.45079682220417,38,166.83237601736772,65.82573061914205,86.2658647098993,Curvy,S
58.901259618162264,50,162.42712252646206,81.75112512201642,109.39305929987692,Curvy,L
54.092309792537215,42,163.14943531809794,78.70407291278015,88.30474138690337,Slim,L
73.77325299742694,19,179.00454712957867,72.18730053427193,85.32366397706143,Regular,M
63.897398412715724,47,168.9990983192081,81.35461888645514,97.45785242324155,Regular,L
77.67514372765767,23,172.6489675613098,67.63331974338203,76.25309987260285,Slim,S
57.606641862689436,53,156.44983955538765,85.73523320237513,111.09890317142946,Regular,XL
58.296551016190236,26,154.05842638568828,70.05678740535953,89.35556030674167,Regular,M
65.71993984448929,20,176.84528582226537,56.50756140977972,68.75672620707239,Regular,XXS
78.31897423368218,48,172.24367031951232,72.58096713745874,84.41611771524003,Slim,M
72.31932727007215,26,178.60656573578228,63.58976563339085,85.31271008610574,Curvy,S
55.618523257607656,30,156.75727642316056,72.94325133432548,98.33517295590553,Curvy,M
82.19260277694691,23,177.91786646382897,84.0514019744971,118.23855399881346,Curvy,XL
58.11208615785183,18,173.0256640943707,102.02381010460867,112.91259428782048,Slim,XXXL
65.18313460094427,21,160.26889392534977,79.03497541618574,98.05531076578976,Regular,L
57.04836608278946,26,165.74829459960523,64.3328887673361,79.36141338751945,Slim,S
83.1751560902189,39,181.39166487732845,58.26568213665309,70.57417280244252,Regular,XXS
72.51815181941538,69,170.6419847146802,86.91401739018544,103.2179278823289,Regular,XL
69.44502548188368,58,161.87585202525136,72.20868339106453,95.43443771102942,Curvy,M
75.77321297457681,36,172.06621144952078,67.00419924298168,77.58779761151389,Slim,S
69.97791196911604,43,164.96277128726743,71.26132962393775,85.36362490964402,Regular,M
63.169486511868485,33,168.54184314892902,90.25625658311165,100.55795040250463,Slim,XXL
58.67315568657094,34,150.96080441274194,84.2285766524057,117.30552669375759,Curvy,XL
72.78188912083522,61,170.05397808831623,64.597057243789,88.7543944468212,Curvy,S
62.531251921900086,45,155.57154221641727,85.45258954941643,111.30727732554523,Curvy,XL
66.71789294021224,60,175.79687289137738,57.705948957208335,72.41356093482332,Regular,XXS
58.21391082493416,69,156.1842491074025,69.29968506060351,93.93795147100776,Curvy,M
45.915106352413815,48,148.76204962776154,90.10486058488148,99.1950261420522,Slim,XXL
75.48066576714731,17,179.56574489713861,81.07687695088383,99.21089489817066,Regular,L
57.13709288978932,34,164.30243853389635,59.04776439259935,71.76877870602345,Regular,XXS
77.64979193279557,29,170.00354074812762,80.23217210856917,110.18072109857474,Curvy,L
50.57190388839943,36,159.44444810883556,95.74634488935178,136.90673360157274,Curvy,XXXL
60.606923533751875,62,168.02620725682385,75.74411130826344,91.76267954780926,Regular,M
76.25548401134911,47,170.08334885416878,71.79536272127774,87.39990909325921,Regular,M
72.25758238700769,38,167.6423774740657,56.20451228089857,63.303673896438866,Slim,XXS
79.20522979792007,47,179.2500814333939,75.04359126414107,91.83504126888874,Regular,M
70.60544711929926,27,166.88495682992178,72.67571781593371,86.69726880994259,Regular,M
50.62694689508393,18,160.90081032887352,83.3452729869048,110.48054586666555,Regular,XL
56.46740811444018,32,148.31165293098732,92.99486070499455,117.56348041963889,Regular,XXL
71.16406540712389,62,163.1053694660808,71.54822396608456,84.46758184147254,Slim,M
63.72210963634212,36,168.1377566618445,79.22724619928239,96.4702677483172,Regular,L
50.98855796948674,42,159.33067333257526,68.9632857545052,90.0493668162688,Curvy,M
65.38111660966452,47,165.56747793547393,70.80654032245592,74.68508825422487,Slim,M
66.75502844156833,34,163.36555753136764,80.73771667842341,109.87325088962979,Curvy,XL
81.97666062968429,55,175.2647223860971,83.17490746650583,106.18323998002822,Curvy,XL
67.3956002836911,39,165.1825564150433,76.65355266031973,94.26366708936469,Regular,L
63.60766334956107,69,162.06742992885194,76.72269596829265,82.54993740638625,Slim,L
61.411720122762716,23,156.34181073440436,76.03764014395209,101.28131993012106,Curvy,M
62.0463682379826,29,161.95219766947992,82.30386135241339,117.81926227910317,Curvy,XL
47.36197748731405,68,157.13741434347645,72.0396789923544,79.86766456227906,Slim,M
67.44454779973782,18,169.42591795124045,78.69396761708181,106.47469930205646,Curvy,L
75.86654348534809,48,179.2967709974207,72.03860025841567,81.51990261249861,Slim,M
68.37793370578572,16,169.60838131425356,76.07378058668117,94.08121379969886,Regular,L
59.49719998570527,34,169.16988223217888,86.58268711868136,106.71773239983268,Regular,XL
77.39331440385689,44,172.9082890334815,73.86884732077257,91.57305643792321,Regular,M
83.06137239126875,68,184.07127535276902,56.12463755275964,68.4879441649803,Regular,XXS
70.30585297247539,35,174.81612027926795,73.26475229706026,81.1598634288556,Slim,M
75.33126742696606,42,169.97831999659402,70.13567669325828,79.79873551740543,Slim,M
60.3361242272243,48,173.364987944183,78.38632630566569,91.42637949804133,Slim,L
59.96381020106539,22,170.8394393871412,73.60865979257235,81.38983752293974,Slim,M
61.19524620489754,50,166.80007639376186,83.02103046376821,90.80247436501395,Slim,XL
62.32542195577037,45,173.39572339592877,81.32921541691233,100.0708318568059,Regular,XL
51.52381041430548,36,162.04503072156334,76.94982254276267,103.18724859365335,Curvy,M
69.05047414498446,18,180.5578203139286,71.60481794589317,81.80288164263212,Slim,M
65.76531976423796,33,160.149609893958,72.88366428437057,91.02273844135853,Regular,M
62.133146462123705,51,152.13094821682895,106.7116248797785,143.861954364049,Curvy,XXXL
65.75701075621672,68,161.54258039029997,80.54438183147441,98.51279794495007,Regular,L
64.41655995327261,56,180.03089348886004,89.09515894295632,102.07681176564539,Slim,XXL
54.683912880657786,27,168.2993224857077,73.73444991100205,92.5253798620185,Regular,M
63.33125544621413,40,170.91863031153733,68.56256795006286,81.60405755013691,Regular,S
74.94548920223401,48,172.76430657759948,78.21609212549575,85.46781749378127,Slim,L
60.93952406059607,46,168.99672606353653,99.8712238454399,112.79893354609929,Slim,XXXL
63.796500850857605,20,167.43224424123164,82.63972475196795,98.35811636410733,Slim,XL
67.75727433001865,22,162.2426786465954,69.18060137131667,92.96739421541976,Curvy,S
59.88887297013395,23,161.30702120270496,101.04464547396661,126.8422775438849,Regular,XXXL
69.96479477923249,58,162.57472765562383,89.65693630807209,123.08934779989367,Curvy,XXL
67.5496687730317,25,160.37623180049434,72.9910824137165,86.83266756373786,Regular,M
62.45703415423668,53,165.392819056913,87.040565492999,98.21658850498049,Regular,XL
72.91861079173853,32,165.15458122201565,74.16537287952075,83.94926915951851,Slim,M
65.05204373746847,37,173.2373117018521,104.58545041915767,134.78559826263682,Regular,XXXL
80.0284728551485,69,173.34364835936879,72.61640191852571,87.52867806689225,Regular,M
74.78273001255062,41,169.4078247120449,62.120242059034716,76.15576674941958,Regular,S
43.44827269239367,46,149.05648587653099,79.22365451943804,93.97731156878599,Regular,L
69.60313571595054,49,166.5474443664551,74.13668603759395,93.16285907910745,Regular,M
64.99989699261722,37,159.1514523763063,80.56349928232076,93.853113867241,Slim,L
65.75304222027138,43,160.12774866199643,90.72139588483444,104.31056370711234,Slim,XXL
67.60702975273027,22,165.5167116939202,64.50988925166784,85.82680354574504,Regular,S
74.42176885276193,33,167.9771818346148,78.6957577154491,96.24230835318905,Regular,L
73.0498656235154,47,174.20718039193173,92.15331822479266,96.73271098725002,Slim,XXL
68.35866463943258,51,165.74769111874096,61.96476079827397,80.4430672953771,Regular,S
73.15283019840783,68,172.56683651292082,74.88518967551818,85.4463911760001,Slim,M
68.79933119794256,34,166.80171026303918,74.06409398413315,87.67955207685078,Slim,M
60.34481301861312,65,168.11182898895748,70.96643939053155,93.50611007793118,Regular,M
68.65753069372728,57,161.55894409291264,90.04794831030962,105.34905795344797,Slim,XXL
72.98763996462965,17,170.5192810546552,63.0853451640926,75.67916514337215,Regular,XXS
71.110634756756,41,167.61269392630345,66.42315448336625,84.3375383218285,Regular,S
69.65217630530884,37,164.9338824933137,56.8387983921017,70.3050172025816,Regular,XXS
79.28617733985014,28,175.4054130848861,73.99241530476105,100.88180153146328,Curvy,L
69.16765551340521,61,182.62354777171888,82.7355306222673,103.03936822121508,Regular,XL
73.51853171994337,69,168.29754622896536,65.03350935983615,77.11175041316604,Slim,S
66.46860435776308,27,168.3125160858722,84.0522172035935,118.1549422834253,Curvy,XL
74.72655922930254,41,187.6135894072087,79.4578073566154,101.17434314133035,Regular,L
47.04887723909697,49,153.13619180085811,70.47261721067083,88.02783506153223,Regular,M
60.198533745483275,58,167.55026550297222,56.6055208014499,68.52937746911488,Regular,XXS
67.94417976607282,51,166.97441407318277,90.52282513374044,108.53207294294431,Slim,XXL
65.5462635708716,50,163.58499159051362,73.29489773033505,85.62384033904122,Slim,M
53.551398317560164,44,162.44069777955107,58.39434920532473,67.4466365857513,Regular,XXS
65.02974027161244,59,174.91730214288532,59.587035510158316,63.92263274724528,Slim,XXS
54.85355227991736,61,158.95999699126034,78.0708247123845,88.323342489658,Slim,L
71.18100148763385,25,163.04117897314248,88.42288333058075,100.55257961939584,Slim,XL
68.50340703696254,53,175.86836633926052,78.25818639475904,90.06996873045722,Slim,L
83.0258378055732,53,175.44029757778625,91.70257699511288,115.41866264318224,Regular,XXL
72.53687775814727,33,178.92180854144135,55.850694878736014,62.55064402279071,Slim,XXS
59.49197099335592,32,171.4764763753072,80.26237851950683,95.11683644596437,Regular,L
70.32290995705128,16,181.24346464722495,81.95104451924905,89.10966569669088,Slim,XL
68.69646706793503,56,166.4968462136909,71.85501677838464,90.36711539713693,Regular,M
67.89609723957012,20,166.143498491216,53.50031460744314,70.4468228801062,Regular,XXS
63.866181608655346,21,161.58515124365238,58.50963062546023,73.00901398201388,Regular,XXS
66.36193230188653,52,177.7474582510152,107.569613870062,141.917709558586,Curvy,XXXL
69.57211972432573,59,167.47988941777555,63.82370835354468,77.59581564890061,Regular,S
51.75873974706528,37,164.65962154187213,67.66496600656542,73.10267907786967,Slim,S
56.41059353240183,16,167.8712445027515,104.61242472996024,118.50581088665025,Slim,XXXL
53.645973727666345,68,163.80002938521403,76.59040402113462,82.687131805922,Slim,L
72.00977098437508,26,172.96367841969868,90.84339866401862,108.05983368157337,Regular,XXL
73.73381562948254,30,172.79836579271443,74.41575823700207,92.22751653327795,Regular,L
67.07722145097037,67,176.70181401071082,74.37356831583111,89.83933239927447,Regular,M
60.47521763244432,39,164.71251938740912,68.57437850498643,89.18971701199574,Curvy,M
76.43830551017903,69,178.8923056227849,86.70848328884261,102.1232862498758,Slim,XL
61.5827087354701,23,169.1679673145011,78.65360440721443,89.04409575093804,Slim,L
60.63357459546588,37,170.55822432901456,78.0685373767514,111.33227744835155,Curvy,L
68.08250689150667,26,168.21608443441525,66.20135345628309,81.40694111467529,Regular,S
83.97446627872375,26,185.31914071281165,73.91988260324979,103.01005326059787,Curvy,M
82.07445858245984,19,177.67269118411204,89.15300710687363,100.6997174225934,Slim,XXL
49.751192044633534,52,152.63189488941396,71.02861028873603,87.51850773920755,Regular,M
72.2401750983835,27,170.1185939397182,82.4824559492566,88.30306095491729,Slim,L
56.98238525203716,61,173.01918788497073,66.89270799259444,72.50915293866707,Slim,S
62.62551655237911,60,175.98643654862707,76.70252385434996,90.85590870062622,Regular,L
64.24455009680966,66,171.76773655828129,80.26550637748208,90.5848095668685,Slim,L
61.92602206347781,58,173.33906482512455,90.75546170006318,112.03759678946624,Regular,XXL
91.63703314858192,65,187.5904984459218,66.37319010367496,70.4101669364763,Slim,S
65.62386462647726,32,178.827480503262,72.30740984004,85.56567437853715,Regular,M
65.06449414447057,63,161.8761502364633,78.05789479131694,94.04340834087826,Regular,L
76.98158132104832,51,175.57238822173426,67.48755299901954,77.96534388423335,Regular,S
68.90745727544387,55,175.32423833379795,86.75491729290901,99.82411677836032,Slim,XL
59.28661031033831,33,167.80924985491106,55.927795427725215,75.26610317793232,Regular,XXS
48.97627336657849,56,156.95543186042403,59.74497598465963,83.89329690125072,Curvy,XXS
75.52004291771065,30,169.13923893302507,80.7334110310855,103.23103570825064,Regular,L
57.40717755352219,51,161.82197543293444,81.04680665204252,107.85450979779279,Curvy,XL
60.63230174624776,26,173.5740629017144,60.28345036965286,71.66472546068452,Slim,XXS
73.01613152978585,25,166.4631625549626,75.30157128752644,93.82007538219344,Regular,L
62.558724260138206,55,165.24523276053034,68.86384733501089,79.41481648489275,Regular,S
65.0736720440126,39,175.0096479333733,79.73987211311385,93.70183448516015,Regular,L
58.66512462075892,38,171.61604294865958,63.413496715553016,86.51252016186146,Curvy,S
69.48480573807358,68,170.5907141306196,75.0843973441869,95.91002316665956,Regular,L
67.31527257047792,25,169.2454031015071,71.30300870049255,85.47277600697176,Regular,M
84.3718684587092,51,179.57603694068047,77.62720119026697,91.809079848379,Regular,L
87.99981082194573,18,185.04083413056767,94.46646684318654,131.97050065674316,Curvy,XXL
61.98438016758524,35,178.87817514662652,70.83224864182658,89.16487461337452,Regular,M
63.65054972193519,50,176.2081130056584,58.62208096340359,65.865227051248,Slim,XXS
56.042658507689,30,169.37726935685154,80.6598632267256,110.49139521393589,Curvy,L
66.71140456010963,28,170.39346768651038,56.206140370509274,74.29451457013204,Curvy,XXS
54.0106523718629,42,168.25094732879768,59.7707097704733,71.33510564578388,Regular,XXS
73.79018925569011,19,169.36995238147998,105.46302339013376,115.96540320612095,Slim,XXXL
74.89773014055477,34,169.31161184715847,64.97304779325701,80.92076095168021,Regular,S
64.33678001779903,51,183.515708396561,59.32182809205375,75.92359443460899,Curvy,XXS
59.17135338696528,31,163.88459345390606,66.54397700273272,82.19147441718059,Regular,S
77.3603499228502,18,169.719876290662,68.92958858253117,85.55230039844506,Regular,S
61.10786297444493,58,166.10545725570512,87.24563433402463,115.95854732660952,Curvy,XL
64.72890699239271,40,167.16182390654774,81.73509448238678,104.31634236579623,Curvy,XL
44.812608007746974,54,152.12697546593913,67.359442856457,83.1732128294431,Regular,S
70.11085727411805,33,169.99780389642876,85.6819409950514,115.5785374502107,Regular,XL
57.57029521181843,21,165.23890215618727,56.763419760819595,69.71596053661057,Regular,XXS
51.92553045798365,19,153.91490845329997,59.462167723192394,77.8545717443076,Curvy,XXS
75.02262027612993,35,167.04918014383384,77.73285165014428,98.3358158386329,Regular,L
68.97744593991202,17,177.72593284466694,66.96468682662811,87.8087952554457,Regular,M
89.4696422286316,61,184.68804148417712,80.84720733409844,98.26998042643484,Regular,L
60.63808383568682,39,163.35883787827552,77.28339977756802,101.34634586824596,Curvy,L
51.430483384384225,46,161.2641877675032,62.028813499023116,69.78187423551682,Slim,S
58.10810916697415,19,164.90650942412807,80.30408854269061,105.43474026856107,Curvy,L
72.97526006744793,69,170.09233832340652,77.08736620731356,86.89678047169845,Slim,L
55.80329679226266,60,156.7204287848834,100.987353714672,126.42769988267617,Regular,XXXL
73.9562558139664,17,175.8966747339984,90.35199508025856,107.28226400795745,Regular,XXL
68.59365472016039,22,168.3139044385598,73.0936307232054,97.48163941003145,Curvy,M
69.34784325695138,25,170.78012638581527,94.80545039489226,124.04881265582964,Curvy,XXL
68.22627113951519,58,159.8556437007595,78.09967439247716,86.85161497748966,Slim,L
73.8713537990771,53,168.86889086433456,79.12300163395639,99.10575999458291,Regular,L
51.157211444956545,55,161.63300731333067,68.2174402988174,81.16591235099759,Slim,S
61.93352041906178,29,168.78607212054555,66.20425309826554,82.02826806706568,Regular,S
77.82132176504139,39,176.96332985345003,85.46507022037079,98.68171941013516,Slim,XL
55.246683869501204,31,168.79198446099838,69.60895200317448,93.60879578980054,Curvy,M
62.37140757261851,27,164.97342041607124,92.92170870805133,106.66336852901506,Slim,XXL
76.18458861091023,16,169.7011398586146,81.77848229357794,116.07830305010744,Curvy,XL
60.196128177725555,65,159.51049842207337,79.10343834274163,98.86168096429131,Regular,L
71.15360460970201,68,177.2928555237345,97.71067060456062,117.86268737033994,Regular,XXXL
71.40007787394573,69,171.98508981312102,87.90658621300368,105.45461985573627,Regular,XL
59.19648447714022,48,166.5687052630379,68.01815153474512,77.13802402672741,Slim,S
53.82238654621819,36,155.30777885073886,95.665269785015,117.44072577781805,Regular,XXL
57.13910032271117,16,158.24979013448655,71.77871349729436,93.32965719154049,Regular,M
71.32011627649949,59,162.99215397975823,85.7649474957304,107.82035199440315,Regular,XL
74.60104647952377,30,172.8941480555886,59.67945112218114,73.39715976910543,Regular,XXS
71.13006828324208,44,167.41853797436573,71.4716305708772,92.98814246647626,Curvy,M
81.74708681903844,47,181.55000499371803,108.31040302564372,131.62909418539863,Regular,XXXL
66.25174639891618,24,159.24087691458325,79.05837521434384,99.02620797478971,Regular,L
62.88352867363758,47,166.51452403097085,90.4281361056016,102.11175276204247,Slim,XXL
80.07765250660393,62,174.2763589805965,70.89565977995431,86.39884183101746,Regular,M
69.38392096831728,40,164.03471668864978,88.76280783082767,103.50104586401297,Slim,XXL
53.54931412630487,49,154.0144972220747,72.48173555505767,89.87466350800587,Regular,M
66.86616761140203,48,167.85539269315422,78.56531275954772,104.79810158906466,Curvy,L
53.28853358722672,54,164.6423093078928,78.98029850206886,94.20592970070224,Regular,L
70.39799467597045,59,163.24296233397286,78.71519884252754,88.01545085423517,Slim,L
80.60241968345012,16,173.96287179832214,107.23970450120122,136.8051306962244,Regular,XXXL
67.34529822505253,20,173.64226791981324,57.50629128197614,78.13487364089657,Curvy,XXS
63.0427206257698,65,165.30501237834733,71.15096701463895,83.18305015795815,Regular,M
62.59547992430788,40,161.36114585489992,87.22444270813904,108.23122153891521,Regular,XL
67.759137768705,46,172.039935719277,89.55395762541505,102.42154135522182,Slim,XL
55.85036304516431,44,161.31955019861854,67.09291566461401,76.55383074189064,Regular,S
71.12457121497566,18,165.6356415899279,68.18714926168231,82.7170552434518,Slim,M
47.91569681592308,53,151.12073730984426,86.85992216905147,107.6194608614761,Regular,XL
66.94331096216607,36,167.01062283185533,62.812422863316314,70.8286562631946,Slim,S
64.52939868839098,31,165.27194668964597,55.684903554825524,76.43637972603985,Curvy,XXS
51.665703359123945,66,162.9033024004905,78.53932315728035,93.50012703292306,Regular,L
79.41273903600433,57,175.0819064459215,99.78658812783864,114.79575937181133,Regular,XXXL
64.06409704009454,64,178.154245422921,70.32078032419739,79.64126649317127,Slim,M
77.07620328423472,54,174.60361720624928,94.00068998241106,109.36872971290543,Slim,XXL
54.99187256427394,53,166.40760307727388,59.222556578591345,82.03408924177954,Curvy,XXS
58.35462264804057,59,161.13844265653935,86.71743562561568,107.13397846291501,Regular,XL
73.50881007268052,69,173.40476412851456,65.59203968168909,84.93940078774611,Regular,S
82.59694381781445,54,178.7903009827213,71.35310479825615,93.7141351314753,Regular,M
60.241110037150285,54,170.8799411153654,69.769169762095,92.39964523987993,Curvy,M
72.25276195827286,17,164.2014097263162,85.58107143314524,104.62384138007134,Regular,XL
67.03160624309399,28,164.476826855104,78.00932856207805,92.52939620775346,Regular,L
80.51619984911028,46,183.46452180568633,64.09813514023634,86.66075004769267,Curvy,S
89.98921209086504,57,183.10488703050015,74.71409916638598,103.00534097208784,Curvy,L
54.4687998590931,57,165.63615412378712,72.34996730786828,83.36754966977956,Regular,M
72.55236768906911,23,164.22406261901332,94.14121176298971,129.07869140349976,Curvy,XXL
80.0364534905965,21,175.21121672129107,85.36753589568231,123.74580633263652,Curvy,XL
59.456222690990906,64,161.96646304963883,75.86776724347777,100.93458070531102,Curvy,L
57.21379764472856,24,157.87043272029067,97.88379236575662,107.19192281940578,Slim,XXXL
75.14955644243895,18,179.57261162801427,72.6001992857647,87.51289769951782,Slim,M
68.41113829914181,20,161.8430978957817,64.84458023153918,80.67316663930866,Regular,S
54.8473729109522,43,169.0631998922034,81.79147105714036,98.08483245672534,Slim,L
66.72107152457299,32,169.38822420907596,63.25100901544025,71.4295581137388,Slim,S
75.25800250655884,69,187.4533787402514,75.46001377747412,82.2882398171275,Slim,L
77.56208472842732,53,170.0706912485474,70.976188121936,87.74147510289203,Regular,M
56.84135431879957,47,163.7448420570937,83.85214558472609,102.37077589000333,Regular,XL
72.20797558536329,17,169.4440370711127,103.37025827895044,143.58465850734555,Curvy,XXXL
71.46216736694085,48,167.31550526612912,100.37051450700999,123.86241699959332,Regular,XXXL
61.944998824003,17,159.51752172958751,71.68642276537123,85.23524604485019,Slim,M
70.08871188627889,31,164.3186402516566,80.9838106586317,102.5607286848524,Regular,L
56.57359136151875,21,164.2103268949231,89.00249171088389,121.95495733782657,Curvy,XL
53.35394615330691,32,153.69402011292624,90.11866422083752,114.05497944514713,Regular,XXL
59.36101663442739,21,167.38832359328418,92.2726145781578,118.649176870498,Curvy,XXL
66.31566743858893,57,180.18694842503837,74.10467352611737,85.59515082401113,Slim,M
77.80015545186009,16,173.11325565631392,78.81945868841048,96.20943648208976,Regular,L
62.98303381489607,37,169.95206103719616,67.40125874860193,89.69699584365765,Curvy,S
83.44476772283238,40,180.72978559814592,79.34701050465385,92.96510388908858,Regular,L
79.02327563686725,69,184.01054365492928,78.49016991693253,98.67230854562315,Regular,L
49.242942150402556,57,158.0105088787427,71.61308682949314,90.35776569925457,Regular,M
67.89971384346704,68,171.90817743542613,83.44894287083538,102.5581339150441,Regular,XL
66.69489171413652,48,167.9711638550924,65.50106623820479,77.2843013333055,Slim,S
76.71064654524355,54,174.49044404558208,98.9966878824379,132.56856417015857,Curvy,XXXL
59.05825183083433,66,168.00501465469134,67.23727689421456,75.96828866636015,Slim,S
64.09297885470065,19,157.43528560392141,64.3309750371271,76.58963503477123,Regular,S
57.38739609892921,45,166.54650817419625,73.63758732086447,80.92447958364114,Slim,M
49.76320100143106,39,159.8412121001318,60.84020677358695,68.97363609463444,Slim,XXS
88.68087836424283,40,181.6540188377932,89.86118316377164,101.6035417625377,Slim,XXL
55.60167030945646,63,165.20616419667707,80.28423563456035,99.33909884527114,Regular,L
70.18697025792183,31,169.60951247520353,83.25816370025827,98.37886496101136,Regular,XL
62.95599148339359,64,166.7701867144215,86.62236230167655,98.97370488674974,Slim,XL
52.97012825490982,64,164.35119193750896,72.58856534861114,102.12126187938321,Curvy,M
74.65368456361854,69,172.2857499867316,92.26392127562042,118.89910521932909,Curvy,XXL
60.295714595036706,65,176.12305217907254,67.17685235900171,78.13142941644345,Slim,M
66.56848674199973,47,168.85531370215952,58.380941016439245,59.144938099706096,Slim,XXS
72.04036282776377,24,178.13474451440356,82.56286280021179,92.78116387904677,Slim,XL
61.484110390603334,21,159.02519339999617,67.02148189310721,76.81412286240946,Slim,S
68.96006730948254,65,163.4947022279286,76.65429883346742,84.36098337817754,Slim,M
68.68454055776084,65,162.31277369788444,89.53749722582215,111.47976187979125,Regular,XL
71.50773094898774,35,166.32126311992758,58.831562533113676,73.19084627112925,Regular,XXS
58.583132433002824,21,166.55262377872103,90.54666461388881,117.06280837783927,Regular,XXL
69.99084499024445,33,164.8016531640994,71.4639078272569,98.62342570729656,Curvy,M
85.93045456533552,53,180.69705961163507,91.53326871474812,108.10126727752738,Slim,XXL
65.76563977684363,51,169.95421303176423,74.10983898069595,90.74936347571978,Curvy,M
47.15463781144619,56,152.7688837269984,66.27937399483831,87.52528221893766,Curvy,S
56.56985452309003,51,169.25405908143705,83.78966241140351,102.11855800182107,Regular,XL
63.950108878135474,60,156.5290907790789,82.16784870047579,95.17094427754533,Slim,XL
72.7562258208485,57,173.3440069915314,64.22158457834092,78.63835383374142,Regular,S
62.80838597465732,32,177.81316905375294,62.7014206715859,76.11583709176884,Regular,S
80.855436520904,53,180.44762979253449,80.2899551673804,92.2284650780113,Slim,L
83.48812075333007,62,175.92769289914122,75.75327834010896,97.60646196160783,Regular,L
74.43089614498118,31,172.2638189271878,61.67356432595068,76.08273138849546,Regular,XXS
68.64056978303596,51,161.23093673160722,65.24542653950992,72.06056684487457,Slim,S
65.65822547627614,38,163.78271811762878,94.95453458614399,106.60975467493027,Slim,XXL
51.83904536872275,64,162.8582774231179,81.80157520962088,109.13821225493355,Curvy,L
66.15555273402906,19,159.48892070656078,68.11002298963858,89.7901420705806,Regular,M
60.74345516182885,38,167.73276655197697,92.16717507607954,120.46445077650426,Curvy,XXL
52.76482352150321,61,154.54548436906913,78.07461155550727,104.70295117978576,Curvy,L
49.29700540050714,31,159.01222624783668,77.10766111949175,95.22005902954494,Regular,L
59.234699433947576,37,159.41263246176865,101.4632853987241,130.55192546588825,Curvy,XXXL
73.30083791969739,57,171.7897202123114,83.04003279556612,100.97403660353169,Regular,XL
68.28262997105604,20,162.78762738419027,58.7444537009812,74.56542555903926,Curvy,XXS
65.02616430306874,43,161.66571091227377,92.70969983536088,104.50568546448679,Slim,XXL
55.70571602468978,58,165.75817454320995,90.61883966095749,126.77604703360504,Curvy,XXL
61.199376873269514,22,169.8413225760576,74.7537612710531,89.11588035103998,Regular,M
53.939349811392724,30,163.52520416156545,84.58195202016611,101.11757790755608,Regular,XL
71.87501465151684,64,163.99454880152902,67.94465461663195,96.08908971387861,Curvy,M
74.82219258256369,66,173.169208714849,83.88123692652569,100.60293321548203,Regular,XL
60.270473885717976,46,170.48650188839963,66.6036010227736,78.08605421773082,Regular,S
73.87426724915164,19,168.40907333298307,75.73658835629416,91.62091034968694,Regular,L
58.12282268337901,55,158.82457190131655,66.20267506258458,83.16175058462798,Regular,S
70.53820799198289,20,179.59057454229804,79.31323373322158,112.95216821779789,Curvy,L
48.630388599772054,64,152.92535984837724,73.47788134464601,91.54968170949113,Regular,M
62.1682415087428,24,167.47137253527754,77.1689370775606,98.1972360506927,Regular,L
67.49923383259902,27,161.3775289643352,78.9266816392884,109.95511638110668,Curvy,L
54.25301464004465,27,168.5554010727175,78.30427755590799,97.99405439077584,Regular,L
72.13879732197918,26,164.16378368013338,68.35009699356965,85.2256386168151,Regular,M
64.36244851969252,64,157.4878666913583,84.31445299381963,110.84854098191485,Curvy,XL
51.041931853165735,40,148.14789969611667,77.92681302821076,98.28220362281091,Regular,L
83.777410985055,54,181.87318419347548,91.06927947139681,112.95845845889701,Regular,XXL
66.27766229175798,30,163.063601694718,94.105469905924,121.54309523361496,Curvy,XXL
60.5021255675607,38,172.6559504353374,73.17687752334038,94.53140712864237,Regular,M
54.809624620092315,24,160.8922242666406,64.94203120100077,79.14287272115462,Regular,S
71.02860988621309,41,163.78954211460075,62.762635636886635,80.30812528839908,Regular,S
53.324409885292035,52,162.6088036127261,72.8326782584298,88.97536150803793,Regular,M
66.48662011098375,51,172.37189823262187,69.65361204419273,88.66432892377817,Regular,M
56.73347675414855,18,167.9607881845562,68.93410303606026,77.1901344152112,Slim,M
64.38105516216947,54,169.28104922208482,64.33183258309226,81.55160201574448,Regular,S
47.469572714416216,64,152.43080911268373,85.88447080390416,105.87115118440305,Regular,XL
64.48154034657523,63,175.1651131293045,74.26189682219943,85.80016455137361,Slim,M
69.7839323840769,25,167.2063960066443,55.834285117781974,70.00747716833777,Regular,XXS
54.918738356698015,59,165.4720268409335,64.98215714363214,88.72287397056715,Curvy,S
70.71573468749733,33,162.66056303461264,54.36376334411337,70.17847673225926,Regular,XXS
68.78729911180322,29,170.84351657888368,75.4643356740552,98.1462398001751,Regular,L
59.50769125297947,31,166.10082298587486,86.89865121391954,108.42933125196446,Regular,XL
56.09917445798666,54,168.3283546248306,74.56526566433307,83.19470887012012,Slim,M
68.68777159185048,31,169.29019675042483,64.22791775358274,90.16110029956472,Curvy,S
56.28085641943661,38,159.32910289554889,75.44791685774,89.82052563404687,Slim,L
75.33387099503736,60,179.63360009820659,79.31629305646803,102.24401646163979,Regular,L
56.88060650371112,28,162.550048412047,80.42506213760481,111.13034454015148,Curvy,L
48.7719694820546,64,159.8346581607856,76.55535808228883,94.0498706808998,Regular,L
47.734804684806214,45,155.88085200738962,55.60751053319234,64.01202457000673,Regular,XXS
77.85631500741808,65,171.846526185513,86.26906824744434,99.49957358334248,Slim,XL
62.64625932749083,30,167.9362558011103,67.10924914993925,77.60921634853747,Slim,S
68.71751136673386,60,172.33141704460164,75.18353952210478,81.98428296350549,Slim,M
71.1640643277844,65,173.64028085867702,82.17966802318124,100.859765436105,Regular,XL
61.613762001730976,19,165.914853311559,77.69824894959177,110.26744673659084,Curvy,L
74.85000449633587,42,172.7957113490014,89.52024912553958,105.83505267250095,Regular,XXL
75.34681903213836,51,167.77666460826015,57.35400142007047,68.83375365428282,Regular,XXS
59.92860478507789,60,169.07968845532343,78.26709406827132,100.38258602737196,Regular,L
63.16747264410061,19,159.56967362125962,86.02004510034764,93.15512967691363,Slim,XL
65.86781275795417,62,175.10540597610793,70.88659216635877,86.85913203953214,Regular,M
62.667669933952546,66,171.56014927926807,60.19015146000284,76.99596645678513,Curvy,XXS
66.73794192321758,27,164.32619111571813,70.87028822291997,92.00797410156471,Regular,M
54.927696952321,57,167.6726671171628,80.07240824651572,100.94327471578649,Regular,L
70.57263416055015,43,172.60802760010273,70.9393818875549,83.74275475207634,Regular,M
58.18416429415376,38,164.0812206149453,68.75061797646181,87.46305242209682,Curvy,S
68.47878290155712,67,161.8293908675411,94.64313414352557,119.37573805321256,Regular,XXXL
70.66805678121014,32,179.32962657667173,73.35314853705857,101.72393665629207,Curvy,M
58.74448263138118,65,164.37772038690412,77.4384631585659,86.95989844069648,Slim,L
83.43908851712091,47,176.33605595488214,79.55110848479205,99.47415549356076,Regular,L
75.47680592070591,69,173.6810402355078,90.05820035346176,110.79546167656824,Regular,XXL
61.54291299174805,53,168.32877881528358,72.68682584361612,78.46586306388845,Slim,M
59.91476330819083,31,168.07457070236853,74.14063644666932,83.43447203891431,Slim,L
43.91358930417244,39,151.39372187962724,91.17154903570454,115.30858447391529,Regular,XXL
81.4205202389647,59,178.35107713146942,66.7617362454722,81.96978345294181,Curvy,S
51.72741217969254,68,151.19117727797658,85.28084625246996,95.07463330398251,Slim,XL
62.7791036143273,45,173.149709837461,67.64693385138261,83.09503505962111,Regular,S
70.57064391438847,52,167.75021632940903,63.591861955134696,74.76439069920272,Regular,S
58.44262092820499,60,167.41519971468665,72.62213409764026,83.782522896998,Slim,M
82.41952858195886,62,188.74708596359483,73.34767955112707,89.85056870473882,Regular,M
72.65479729713476,41,167.2198141945444,88.6204969991596,113.71057082109658,Curvy,XL
51.78932917471106,30,163.38411785962322,60.49544636453383,83.31181353987695,Curvy,XXS
68.97729447069274,55,162.46174024491427,83.87083391594744,97.50743293366722,Slim,XL
56.66280151063612,68,167.63373507231773,67.65835240141178,85.37127965526619,Regular,S
66.30657459465876,21,165.67966649864428,99.85259876865916,125.86512787420608,Regular,XXXL
55.989181860272865,19,159.88257899768215,61.52792153488509,86.6779810118209,Curvy,S
70.73247651954854,60,175.1020820453971,70.52794658723631,97.493168510655,Curvy,M
83.58784125171356,25,178.5705988910398,71.69880664116049,77.40247150263208,Slim,M
67.84400779627657,53,161.92605854458782,64.21276122827578,70.1724462680129,Slim,S
63.82462487536617,35,161.78908782829956,74.98648492680816,86.08183415139128,Regular,M
63.3670062517724,54,174.2374121275431,70.01065997056097,89.89643408066247,Regular,M
59.93827023196617,39,164.05705741862477,102.30908624813027,124.31696886165466,Regular,XXXL
55.674837553263245,36,161.12144436534095,84.35756381453146,102.9120682523163,Regular,XL
68.31303693033509,27,175.7254396502084,76.46624046782895,94.08313350665613,Regular,L
70.91807277237379,59,179.42921424503115,86.78157780376384,111.45434015289199,Curvy,XL
63.289823830355395,52,158.85526904932505,87.85590432377982,113.00220312336391,Curvy,XL
71.83707916032398,53,167.59418658802338,58.6498734476721,62.050499421329334,Slim,XXS
65.06296929124292,32,174.1994796753764,73.28393877419738,87.44475780023345,Slim,M
74.57271873291329,25,171.58510981925366,72.56045792189683,82.4807373817041,Slim,M
80.8940410741853,62,178.66999238902014,68.40893491543615,80.34380674378347,Regular,M
72.80094939307665,52,181.59535993921352,76.52521863126731,98.38616956937607,Regular,L
82.59142479760132,36,179.88424583214268,89.86639226096402,117.46270472910733,Curvy,XXL
82.02774452281415,69,182.8701954285812,68.8408224117591,87.91541459164505,Regular,M
78.74093125742662,44,182.65888407491954,89.36244091037429,97.50042018749008,Slim,XXL
55.500695807595086,17,158.23587238329253,64.52736173840341,80.28262438420855,Regular,S
60.53259876514094,60,175.32177570003537,91.42875178551408,110.38831372272124,Regular,XXL
71.26790642531614,30,167.56423266321832,81.72546071083876,98.75615813077916,Regular,XL
65.04912830277793,58,162.67844505228362,100.22982948716266,110.55052828899679,Slim,XXXL
66.81511316641286,40,166.98562900703436,73.31036535070375,89.5804515480284,Regular,M
62.051197178370266,18,159.45112430092,63.036858890195006,75.65873195755235,Slim,S
46.10049915815528,61,153.43289619634288,77.00027450930422,101.44255130643529,Curvy,L
61.78870977384772,49,168.52315856347963,71.34806390520959,86.2697569440106,Regular,M
53.36315161109591,36,159.9785993945541,68.88788029002343,90.47408834178465,Curvy,M
65.7777351751192,40,174.60781645149606,81.47481037723483,92.00327984148993,Regular,L
58.91462020066848,57,167.33297688328074,80.6480699505883,102.58203288405393,Regular,XL
71.3564907417639,44,163.68810409299914,62.947061054381756,84.41723490299927,Regular,S
54.26378971946753,51,166.3052315556899,107.13015295777896,116.73876206236507,Slim,XXXL
57.45787846749943,36,167.1732017833318,55.68861187544193,79.10383541415102,Curvy,XXS
49.51560313058174,53,159.37340244659137,64.89060783034977,75.06426442383209,Regular,S
61.704744277896324,23,168.5655761733187,86.66102672903034,107.59646563132011,Regular,XL
59.49543705100817,25,168.03623432841246,97.44839571053853,113.5884412938399,Regular,XXXL
57.241506494209055,68,169.67483464150092,82.44965448592107,106.56623697248072,Curvy,XL
72.6055393722252,57,170.0912360203777,72.30627024239313,81.45716716246815,Slim,M
57.00611986069201,18,154.56291601834695,82.40643752859093,91.10555931166975,Slim,L
85.58337628496574,41,178.9489873815881,84.25559603339397,96.05638509484463,Slim,XL
73.52377394600614,32,174.6337886850969,69.99581213707235,80.14021419189042,Slim,M
85.17879004677545,34,178.52997837729018,68.02455358941339,78.39672300396231,Regular,S
67.66026272521417,57,168.17585242114882,68.82918707867508,75.86663484414547,Slim,S
72.20245857978259,24,174.38769071182307,70.0691200635872,76.00450487877357,Slim,M
79.31628628834999,69,171.9417547725362,83.43127299746074,100.29807251243498,Regular,XL
59.079798531677525,36,161.15113877874856,93.74073581525624,131.11245903375135,Curvy,XXL
85.6829297842387,34,188.49038221416885,80.66801037276852,103.70678508336454,Regular,L
64.29380093722439,46,161.46715050288333,74.33772127714954,86.26058886784675,Slim,M
82.43502414388888,18,175.9688383145368,69.513972063974,95.63619393283187,Curvy,M
63.06206289181475,19,164.30789491796074,105.17296779266651,130.17875161591147,Regular,XXXL
52.388310826906434,48,160.44095599100788,80.46223195761037,98.12282868079618,Regular,L
62.35758742442116,25,174.18673355715768,68.97545022937862,86.10139844779316,Regular,M
56.594025424029,40,157.73531650898846,74.43923072678517,99.04435681983577,Curvy,M
65.38117546752127,47,156.49963374844472,71.09072619353222,92.06711756237006,Regular,M
51.411317563206076,67,160.91223934020698,73.1258872328946,101.56263506710242,Curvy,M
47.970852733850776,24,152.89710210222123,73.00410168789693,97.03592818398684,Curvy,M
58.220964437644035,40,169.3207964119458,83.70982638903317,97.14069158189126,Regular,XL
61.78884656615494,34,162.28309750300562,57.48435326218153,67.79412497734067,Regular,XXS
58.915338447740595,32,154.067442797991,71.1332612153457,96.07716529465982,Curvy,M
58.36738349877396,21,158.42355996138872,83.06176737705877,106.97079274875834,Curvy,L
62.44730138970894,36,169.25631336157414,82.09095607229861,102.67138045169904,Regular,XL
68.01298309399562,58,161.37435435472563,66.50844302027123,80.44975357267792,Regular,S
61.20535706708457,57,159.0696786375909,74.16323254157703,89.83187842649407,Regular,L
73.52699191699548,57,180.68619654437072,66.21250216494937,79.76217257977108,Regular,S
60.0574767862081,25,175.3695123025965,78.67766093750961,104.14755355994083,Curvy,L
67.03117533601458,61,164.28962184280095,68.36742375727276,83.14893986711706,Regular,S
82.81598018137727,17,187.17619134560948,83.0842116157078,97.59729350020228,Regular,XL
66.82678945923028,16,164.9621509997293,61.288929729203815,80.63404766382789,Curvy,XXS
77.86228726268175,50,171.3876666546431,68.16113528742763,83.95560978076098,Regular,S
77.91547493049137,23,172.4054345810003,76.66431163699028,81.44034165239896,Slim,L
54.25675156683299,56,159.24985279819595,80.16804701884651,94.427611438867,Slim,XL
60.00267281496442,48,169.22554512446462,84.9520785129885,104.27640771939072,Regular,XL
70.04120424750116,24,173.54814131380326,66.0979934096444,84.00714033039891,Regular,S
54.19314379773708,39,163.8880297733733,71.70689010661359,81.44949350150144,Slim,M
51.62855494454426,45,163.82493269035965,63.75498426588871,83.66894525260493,Curvy,S
60.8884196819533,36,157.30984290758917,61.66839934463235,74.80977538760317,Regular,XXS
46.67149454101993,61,151.2504203989592,76.57833202717593,93.79941455008864,Regular,L
61.027623347625926,29,166.95943326973173,87.85881203408226,105.7147140295176,Regular,XL
76.72118924305843,28,169.34420481407625,95.29175530983412,109.33631710644532,Slim,XXL
77.89067760805969,35,179.3272851239414,68.61116253860789,85.72848860984377,Regular,S
82.50935725256608,61,176.34292327647688,70.65045389921423,83.9972137650051,Regular,M
65.10381075185767,41,163.72702686709684,88.85070164165087,122.09908465767478,Curvy,XL
71.2390595564684,35,167.01406448919093,57.3700364824921,69.57885774633247,Regular,XXS
56.09471119400028,42,170.3269695251527,72.49164864948582,89.318040717748,Regular,M
75.88296684101944,32,175.6124166246327,66.03849446386609,87.69001654531579,Curvy,S
61.6276240302566,37,165.39636536875994,74.85382697221237,97.33382221049108,Curvy,M
72.14777972791155,37,166.02541335618753,79.54168309899617,101.71192356938077,Regular,L
77.01687046489886,64,174.4142814746279,67.56195072474111,89.50839767768076,Regular,M
56.69508266528593,46,157.21852160042013,65.22913076098563,83.44881101006379,Regular,S
66.02878078529262,51,176.39954879620012,91.50758482082703,113.58440058881655,Regular,XXL
72.21888052356381,19,168.223732351829,77.76702691658383,94.76404364764039,Regular,L
59.268722629376406,36,173.254928506476,62.51600841942548,76.39880972522602,Regular,S
71.65581078824425,35,166.80822668188512,72.27889350543192,78.20090271601417,Slim,M
54.66006379415725,46,163.6561943458239,76.03142126884423,83.68644379410952,Slim,L
67.13623057037135,46,158.89135413012494,101.16612623866938,110.13586887977529,Slim,XXXL
55.075130339943705,43,151.94156880259757,77.0870912353391,100.1913925145238,Regular,L
72.9381010722697,34,164.37308276583326,71.95795476938893,90.02207163867398,Regular,M
64.10361405524009,30,164.29735581255704,65.03406020867203,82.0302062778143,Regular,S
59.02034309373114,59,171.28736795105416,70.57841065743203,84.60854821360608,Regular,M
58.780960105538774,40,171.5651480359208,78.27619622115681,98.90600519257971,Regular,L
56.62091987238011,45,172.27308753812787,78.03506252837084,89.82439832955646,Regular,L
47.97889595733484,67,153.28006200469093,70.60887994177286,92.47971186653481,Curvy,M
71.35981595081904,68,171.57813246600855,78.77792180649428,92.52153305857757,Regular,L
54.97710709271332,47,160.16347748292358,65.69868405272857,83.22420334659375,Regular,S
74.9381350010972,20,168.81389764671943,68.99523519944925,86.38414002839252,Regular,M
70.8030456440648,35,162.40544901394662,69.54432312127365,90.77889606863606,Regular,M
58.340216636910185,55,160.36476759539886,68.62008081398743,81.69317983579133,Regular,M
74.02571557640245,40,171.40820009434384,80.94503790888756,93.64571800246952,Regular,L
53.43487569182179,54,154.69290630912374,69.20910686813592,79.12111787295223,Slim,M
64.38166074424936,45,174.79069436783618,81.08325091842676,116.29926522789529,Curvy,L
76.89406081562697,63,172.5358421061368,72.21088170111162,81.81649873318487,Slim,M
52.25368927131889,51,155.7034561034491,71.75261405369993,81.66533111986186,Regular,M
73.82921259896112,62,171.23110475792495,68.85857949816182,92.33177150879818,Curvy,M
62.89983414394306,62,161.87892266312303,80.10943165084184,99.62725164959873,Regular,L
54.65749486738725,33,161.52284432237084,60.81501415637024,75.25660500663173,Curvy,XXS
93.17032956982099,46,186.22813852764799,65.10057230672577,80.81314182772851,Regular,S
56.28402012633031,19,160.04939768914184,67.60509463065671,84.94376699070834,Regular,S
53.15148401113999,28,166.9584357375619,82.80148161476153,91.66677406948159,Slim,XL
64.13982615847037,23,169.9380652529623,103.24440339508647,126.52289540190598,Regular,XXXL
69.34095275246443,69,181.57483258969825,65.07427889208847,86.98991367899627,Curvy,S
76.06351801115454,49,170.92844732368633,69.8472256419079,86.23132876104444,Regular,M
63.35353973545032,32,165.864482502883,103.21442701478658,119.40881558927232,Slim,XXXL
69.402669648106,30,164.76676875434143,75.57613275179494,93.81497295678918,Regular,L
79.94952071660936,35,173.14588334842048,63.37252619955749,69.66739443806891,Slim,S
62.42125265699056,42,168.26881365882844,60.72573757846076,70.57254107398003,Slim,XXS
68.40060442734824,28,180.15502546361563,60.27078311453515,77.70920872498681,Regular,XXS
58.811555141132835,43,160.15130189364254,70.44824073675812,75.23132228663849,Slim,M
62.94911020656758,61,154.52725016522075,78.72148726010707,97.45180883615771,Regular,L
85.51199383074659,55,180.02182144639428,76.13237014504192,99.15974417637031,Curvy,L
61.75770481411079,27,171.65920594233395,63.00091629557005,79.22566073317552,Regular,S
66.89305693282475,18,168.03201008189276,68.16346340246825,93.27329358478718,Curvy,M
63.521787968535584,31,168.58992628965237,94.97470897307183,102.10895062576293,Slim,XXL
89.58751527207397,50,183.750870809639,76.20937105410857,82.48124529554093,Slim,M
55.42347477308933,44,170.16039690756156,66.65815780538361,82.28320562719148,Regular,S
70.1233894633273,44,171.7660259323823,57.519742323187806,60.710317382901735,Slim,XXS
53.05553456181765,19,153.7761957223812,96.31111490161261,126.34679601833533,Curvy,XXXL
65.4761116968775,62,168.25620274694575,84.20788342231931,100.2279786930934,Regular,XL
70.67340559868661,67,162.36118791420753,97.31197454171664,132.48593153989722,Curvy,XXXL
57.30635843740854,49,156.83287812429106,79.47452604948383,101.57094405230103,Regular,L
79.75248801366864,49,175.66966275969463,69.93336172531244,85.14441985347172,Regular,M
66.75364843022551,20,167.97063129215587,68.02132078822058,80.01973974812917,Regular,S
69.43109989877311,32,164.53618987806226,74.97537189505782,79.93800961012003,Slim,M
56.250314982387266,31,168.6095393715898,93.98345891621591,120.59253055396711,Regular,XXL
78.20052382901248,35,173.3613380970437,78.9676974862378,87.40290561632592,Slim,L
74.69666809504,61,167.60396283147946,68.27261031457286,87.00891307057424,Regular,S
60.36388665880026,37,174.10655561146518,83.30174470542079,116.89202581439915,Curvy,XL
57.95363093703876,18,161.40461369069322,85.41511409643792,103.2241508796954,Regular,XL
70.1076342431952,58,175.11887590920747,105.9447740096563,132.0684179537123,Regular,XXXL
84.64416386355737,65,177.6830608724941,72.79814415403523,86.89684124346073,Regular,M
60.30034349084678,42,162.69608030983161,76.78165751467253,87.20293089248261,Slim,L
71.77814400166226,52,172.55441334311504,73.82215656471283,89.6728521952153,Regular,L
80.19611529889455,67,173.7509073563256,54.150938600696506,69.82701040183538,Regular,XXS
52.95192528197107,57,151.79970948392204,75.20600123142847,93.53281082270344,Regular,M
58.58541831470657,23,162.7342220499985,65.81558801729358,89.56916465271962,Curvy,S
75.40357183760618,36,179.79755188276545,80.57107715218454,90.10367936298826,Slim,L
66.82401584039738,52,162.13113643130689,86.88654884382443,109.93107090375072,Regular,XL
53.71312105302239,54,166.97497268464176,59.82612953592022,69.21559314519281,Regular,XXS
66.78316316906934,41,158.1304466853716,66.22995315256678,82.76653937639738,Regular,S
52.74174110324478,41,157.60100474105238,70.6154738372493,83.38247475370935,Slim,M
65.30102192206394,27,176.09036358378336,71.84427982022206,79.07028091158696,Slim,M
66.31517833276988,64,178.73805426288143,81.06110914795227,106.7884831463556,Regular,XL
69.57315419954618,54,162.46455327505888,80.81169615181115,100.0802526422201,Regular,L
59.9700300376211,19,169.8512508102193,76.15571193287643,82.74080860566707,Slim,L
63.057255715673534,18,158.91686940901414,76.09512702449975,86.03602832808349,Slim,L
70.06652649666925,48,162.6622141049068,68.52470831769166,84.27884358713032,Regular,S
68.26653992004256,28,178.43099316745102,73.13582937927038,79.94271826614319,Slim,M
70.36018613609386,21,173.2725442304199,79.43259465830262,101.5613770306351,Regular,L
54.115651104064995,69,159.16300020724805,71.68211451448457,92.70040469574025,Regular,M
82.5458968592321,19,175.21993324446277,82.18910571617022,98.4534144711235,Regular,L
65.24051795857312,46,170.78628998133453,76.456288507895,86.55192639139807,Slim,L
70.72679616755893,39,162.76652539391736,77.19928616518987,97.00413379944527,Regular,L
60.77303588067696,19,157.2858374761176,75.69496815952972,112.24625991167734,Curvy,L
64.2103508791925,17,169.6399131784713,79.4034874465358,89.04778813107127,Slim,L
71.97425915740894,64,164.63808740108018,77.68222470942308,98.39946578683863,Regular,L
54.96747607179392,37,169.1812147242996,89.98188324395429,112.72752391640424,Curvy,XXL
71.09419805138172,34,179.78766915106917,68.50204376247197,76.4697087051308,Slim,M
73.77794934118567,45,187.319605069699,73.29222410349664,88.87278984354815,Slim,M
60.77393145703719,58,173.52242342473548,65.80610096117915,83.70875866193443,Regular,S
60.99599026751719,16,170.9445915725686,79.63624399069948,99.19009087294488,Regular,L
66.59705248761787,22,159.9173291981085,92.67428403035886,111.68642548987276,Regular,XXL
80.9906882695984,52,182.93018461014535,69.97558356743254,84.85353527787916,Regular,M
70.59855476633587,34,172.01278598178052,71.86306067614342,89.86233689655869,Regular,M
73.95797062543748,59,178.540438964527,74.1199191221711,91.73460341664969,Slim,L
57.93619539767421,48,162.0409051300152,72.87196918444823,79.30039181447331,Slim,M
71.66145420660926,44,172.49177582297406,65.70809176269724,85.41301315432978,Regular,S
65.4882363485163,45,176.5232488143527,77.50560017816491,84.16825882950589,Slim,L
71.63765239120794,33,169.57393008362084,67.14203838968024,89.46933607481225,Curvy,S
69.91428343333031,39,178.50182696910838,57.87325555063436,66.6780159215657,Regular,XXS
67.36633178868381,19,168.16705383617173,85.05113327235628,101.82340754852939,Regular,XL
73.6149284523744,37,167.3265972095477,78.94406886404744,101.29961949703119,Curvy,L
58.408550696977485,61,165.84047817903175,84.80267593830206,109.07831523666809,Regular,XL
68.39700136206997,56,180.20376337354597,74.72744136203436,104.75936783251768,Curvy,M
66.71476745269767,22,171.41218318657945,70.1945493136318,79.10513514658516,Slim,M
76.67415124777301,41,174.00858175633167,78.47221379966747,93.92640782536184,Regular,L
68.89789758825313,69,164.36358518869056,77.71128530742062,89.7945552877336,Regular,L
61.42789227691266,42,164.76797871525397,76.029573945259,110.45417689467344,Curvy,L
59.67070385119845,24,166.25122762945972,81.01861130600088,112.86647564825832,Curvy,XL
54.04732640849328,60,161.0251262372154,71.95034746405423,90.15838477210721,Regular,M
60.65451818680553,31,167.48272764752653,59.09678804098875,79.72527399285995,Curvy,XXS
70.86612554042972,43,182.8006667590179,67.71835777103209,87.88886298721243,Regular,M
71.7339335172666,18,167.98466436696026,67.30504806501239,83.65393546488257,Regular,S
45.219090908781126,20,149.32768946168827,79.52054582292124,86.43490747595969,Slim,L
48.031662571044336,58,157.34452066059703,62.48892472310183,83.34181578899522,Curvy,S
57.78165413253734,50,163.3676021881509,101.90597304213067,113.6082498195142,Slim,XXXL
64.3500326097683,62,179.5383731853598,76.96632662487436,93.74679681598022,Regular,L
79.70117312263199,25,177.36252580481212,73.65824866974903,108.10439845914419,Curvy,L
62.31008849432507,48,168.74173521951096,61.78089295180693,73.72890686550494,Regular,XXS
65.79756639565306,64,178.11483492402508,68.77683872501593,90.40537965021099,Curvy,M
65.5298991520443,36,163.33116349517186,82.38711540507107,91.87395762782171,Slim,L
59.046544475662024,51,164.83757267552545,73.89962194053818,82.2237228748748,Slim,M
65.2774532176648,42,167.6925134612262,73.54003201246212,88.29156451471196,Regular,M
61.753654489650266,63,168.73095731517373,76.7874447653842,85.35387097509103,Slim,M
63.76462440870054,45,173.63852250313465,74.1324084554023,91.17764131692132,Regular,M
76.61623884684461,30,183.4346238905784,59.39766012402457,70.24732513848535,Regular,XXS
80.16786007581268,33,176.43033725869492,82.72004073137094,89.53552472256942,Slim,L
70.20717616173843,42,173.44659367338204,58.66408037070729,78.3799983709494,Curvy,XXS
58.93398638422635,61,161.34173258685115,84.9747898715243,103.39057578959998,Regular,XL
67.77269123111758,60,165.21459257782095,62.87464519793604,87.05810353307653,Curvy,S
68.48232360905077,55,167.8970849442668,68.57243543839225,84.58042737305543,Regular,S
65.162325619582,31,167.40670389691132,75.8753740029505,91.88821674616608,Regular,L
72.50866953843598,34,167.70024088467974,81.06955148915145,107.5543375866364,Curvy,XL
77.34807811839582,49,169.47591106881583,84.49695401684511,96.34863816922105,Slim,XL
56.62095373159899,65,164.69909725970535,89.67733276047666,120.18580396453518,Regular,XXL
71.77620662074801,48,170.0502370183315,63.629242635074775,78.2762339045326,Regular,S
73.50473945356138,39,165.42344140117083,69.56729017512285,84.56658377903145,Regular,M
60.149466940582236,47,171.7064693695089,94.10921855969144,122.56518272780228,Curvy,XXL
70.4895245178779,56,165.6715325577008,71.80892430057074,78.52844695041023,Slim,M
61.844484687258465,67,166.32039574574208,69.99834491619711,87.69521460843275,Curvy,M
81.2150796174816,66,179.20244645899422,83.34220652152331,95.14248309749482,Slim,XL
73.79518206909398,29,165.6022288431119,71.31318324968142,97.23520544506357,Curvy,M
77.77352006175299,53,176.23937181609733,61.42261218706979,74.21020729459306,Regular,XXS
56.66950506344574,61,167.66013472904936,69.23365983583683,90.77425481227431,Curvy,M
63.61444320263377,24,162.73037835356484,79.10248521652238,90.7705242756883,Slim,L
65.05009839703463,64,164.98840363007375,63.45034497087716,66.85451329327545,Slim,S
56.67823517382983,20,161.85455014930974,91.35694450248052,104.28714148118837,Slim,XXL
50.77637707257454,45,155.53968876146973,62.807808291278356,78.74384878055213,Regular,S
67.34872952574618,27,185.5370856820175,74.45431128690097,91.84763495316497,Regular,L
64.09162696927251,63,163.43964806066393,76.35816948990855,111.32485602242059,Curvy,L
60.76087830185714,17,157.29298772131386,98.44710540235761,122.5629097610452,Regular,XXXL
59.465866849705144,22,166.64934241456385,55.946089026237956,77.03351280853202,Curvy,XXS
65.79667993149975,66,172.19893288422932,85.05010325253565,117.46094906594205,Curvy,XL
67.42516290108256,54,162.24888811030817,90.39207269867919,114.34133413370623,Regular,XXL
58.66276787590995,31,155.74919677749756,89.45285375950641,107.88746107671297,Regular,XXL
66.16876511730521,58,174.54898946792386,67.09135186518388,76.9474335346288,Slim,M
65.99201888530324,48,163.4182985613496,76.05844080441402,80.16896365369054,Slim,M
60.29887869425626,21,167.1610781515118,65.89830173899922,87.60947178684458,Curvy,S
68.1975346268093,26,164.84037801549943,80.40163605109029,96.61144360929563,Regular,L
80.8779740379927,31,189.6310015407138,74.3041988551331,88.54764834487554,Regular,M
68.56321982330974,58,166.7043296695198,68.05912836394533,78.3286136200185,Slim,M
68.27778870701866,30,170.1821771280363,84.01266158713089,107.3590829790701,Regular,XL
56.974410165043764,55,167.98486748323347,67.34694111685694,83.72600869339459,Regular,S
70.16982227608378,40,170.73672197016788,81.75540916033542,91.38515514145666,Slim,L
61.43065383150301,40,168.6971727500635,73.3593693944814,95.20819992653279,Curvy,M
53.92744833996542,54,158.83581424396962,69.83486058360052,92.30842668620599,Regular,M
67.78737506227755,68,159.46683723927222,68.8056568000503,84.25470178175338,Regular,S
51.432223483585325,53,164.31948488427554,76.11040818541902,99.33195064888943,Curvy,L
73.17992698782268,35,165.20440613490155,67.3367891692145,88.78470007641627,Regular,M
61.65112858868375,31,170.62922089926255,71.34114947754703,97.98611228983555,Curvy,M
77.20300495462061,22,183.9909023468075,75.59932192644237,96.8732718269241,Curvy,L
69.11323266755194,38,180.3676354565834,104.08040393835375,122.27176477943695,Slim,XXXL
54.217496930124845,32,148.90479966994434,91.40857653129291,110.16982502552052,Regular,XXL
56.977217867064056,62,172.32984923208642,80.56492091123202,86.1848707302786,Slim,L
67.14222605271638,48,158.05809693432406,68.2783172104518,77.18451939467171,Slim,M
65.46733262365899,40,174.28234885628038,102.2933635230865,127.8435383838819,Regular,XXXL
67.37160147441752,28,170.54834210931165,72.05078436710896,90.16672379036662,Regular,M
53.431613940443995,62,154.89625419733395,57.77559165963705,82.85470513372087,Curvy,XXS
64.93995196837827,65,156.69332826877815,93.78336722718176,103.59262745351214,Slim,XXL
64.08820805873678,34,168.9717848973781,76.64545914588432,98.45107258570881,Regular,L
58.878490073341865,28,165.41835280105252,79.91232057501118,96.92211762566578,Regular,L
55.135486211925716,33,163.42223073380563,61.17422825014685,80.0873383359047,Regular,S
79.65707917416866,55,180.7863004838723,70.76193487584084,85.36018646886406,Slim,M
61.933637382474906,39,162.92958883083176,77.47204675626969,96.60938818864338,Regular,L
66.15848162394684,69,185.29538255996,78.85219356759984,98.8176728975556,Regular,L
62.06577120853168,29,161.05058467615223,66.587610831568,82.85862605928426,Regular,S
51.31220078885288,38,161.0431117207745,84.39660408112294,106.31537127285148,Regular,XL
77.74168620802787,67,170.17018424087433,86.02788395478197,107.95735570886163,Regular,XL
50.827825378368544,66,160.07429182889524,74.55213909228875,89.02417926758423,Slim,L
66.12027914901316,68,174.16953524263792,59.067289079098344,65.16910640065687,Slim,XXS
68.0670157735576,63,167.93599961378976,68.93811822152547,79.96872841952253,Slim,M
74.56329180370197,68,174.3704806628283,82.66635706646815,108.18865133840858,Regular,XL
69.29249471660303,40,167.7885958290635,63.71849508953276,77.86137658720878,Regular,S
59.14233253436761,60,149.29593026566758,59.752403569967974,80.00544800238674,Curvy,XXS
66.23378298642061,34,165.58934510877293,71.09363853380682,89.88517520568794,Regular,M
60.44934780967043,65,168.59651249648397,72.06604467398398,83.98869379817046,Slim,M
74.5808639580629,65,168.55144841846777,59.854032185557585,68.99307258978132,Regular,XXS
72.20709921422063,36,165.20423009666098,57.01867979098309,79.66664048936259,Curvy,XXS
64.1648454923114,43,167.9815412368122,64.00911235587114,81.68830383414995,Regular,S
69.1594598113209,62,166.74444155778258,84.48449385233312,89.97504461418448,Slim,XL
82.32885146393447,40,179.79568261285468,60.924831101495336,67.58737921119553,Slim,XXS
55.396255102376465,68,164.6461489688087,80.86861594426723,91.46549224862005,Slim,L
60.27714643406216,30,174.4842461023164,89.76969007303938,122.48967436064636,Curvy,XXL
67.359137841172,55,164.7035547619154,80.80765686576126,103.3266805129895,Curvy,L
64.8564174625724,66,169.12144024801273,56.275256808444404,70.10129200450699,Regular,XXS
58.43173650063723,20,159.37071383175558,72.55345785555654,89.2983773753217,Regular,M
62.26428376736145,60,177.52708746293214,81.27465918835954,112.21186245966501,Curvy,XL
60.42794608658367,50,157.6605666991991,92.5856579487712,99.48733367398353,Slim,XXL
64.4550724034938,42,164.4736664319047,107.65064771728585,123.43857215247853,Regular,XXXL
71.51313848998178,26,165.4994635358294,86.23116299629991,99.68363332756769,Slim,XL
68.66304683384662,69,184.2443657857936,75.70339651293955,95.87427946173639,Regular,L
65.79170424978003,16,181.37327549318888,72.63528500322808,96.1401175849731,Curvy,M
62.17507085918985,58,167.92968382301777,104.73464590834394,135.1469914279778,Curvy,XXXL
55.23710380782459,47,169.1837510450621,71.40262338783322,92.69275038441377,Regular,M
55.63465344472689,29,166.73402902046706,81.73341728897063,88.23778508913786,Slim,XL
66.6867970592245,49,158.6399705084811,58.74249443389049,73.10566014049736,Regular,XXS
64.45913086441858,38,162.98194029710746,77.80137965303491,88.21801991076153,Slim,L
60.9910754379584,47,163.81532802644273,83.99334516214265,106.74358850228758,Regular,XL
69.77631199662584,36,168.65524330083258,79.94947250947995,99.88016648272931,Regular,L
76.77282158365377,39,181.38952557857073,79.40759174279019,101.05683517104883,Regular,L
60.51287736569992,57,165.8395608148455,71.4628993341316,86.07152744576406,Regular,M
58.49293327489552,46,155.29496059203564,96.78230928687752,111.3903379672058,Regular,XXL
65.9868672999097,45,159.4151406872106,72.82990254600372,97.6842323805893,Curvy,M
62.47051265941848,33,160.36028771485599,75.92025122298897,91.00567583444798,Regular,L
60.28856594526555,23,169.36357640330374,64.38947361295354,78.66986291183852,Regular,S
68.40563682051965,63,160.18184910701595,97.44467367219286,136.20866243767762,Curvy,XXXL
54.76345778316906,59,168.45643069460291,63.520086626836104,74.9471124158289,Slim,S
58.90350096903216,58,163.10615970865163,73.10478480138161,84.67975293829616,Slim,M
47.77821339788409,65,157.12746802488974,64.12587148362081,89.35874677380757,Curvy,S
65.36405434162386,58,164.5167282350553,70.04234946764961,86.74211241305466,Regular,M
49.290694974563934,53,158.53105869442882,73.09740533081171,99.51200239677775,Curvy,M
75.37513390707375,50,177.89054543765124,70.08185516743603,88.16880430399301,Regular,M
65.07509745762083,50,163.5678757340264,78.6006376374259,87.00019765124436,Slim,L
58.258834642721474,17,172.30775509803595,74.84672516990243,100.18251574506934,Regular,L
56.992700990197406,29,159.34047164975652,59.604928689555635,73.49355748250427,Regular,XXS
74.13245201662828,46,175.13262765356095,68.7457675038668,99.78317256901832,Curvy,M
58.95626077955587,60,169.4883816972097,80.4244337131823,96.00310838646121,Regular,L
49.438556503926634,62,160.53577623326987,74.5513293920479,92.18304287316805,Regular,L
66.0560169799761,41,159.76696257537355,76.1605906548558,87.42273106645965,Slim,L
53.33186203200304,18,163.89744952434924,66.06729650678578,72.25199517320586,Slim,S
70.71943790152766,43,169.59216890210186,60.69078959203608,71.04252968554441,Regular,XXS
62.99066594357352,66,155.5092561352009,102.23310305458847,113.29906088484618,Slim,XXXL
65.31221970971978,51,162.77120571854664,66.41490851903872,85.49327885380924,Curvy,S
79.00405151277889,54,174.66504262718675,56.61206522759419,64.9631506766717,Slim,XXS
73.68008364970653,41,168.54533680309268,73.36035109970155,102.32799424312013,Curvy,L
67.73542974622441,64,164.60738725306416,88.35468465021346,115.63220448451914,Curvy,XXL
62.442006294287744,66,168.19822197197408,95.88939416416868,102.78943492017832,Slim,XXL
74.8677541258032,21,180.76871433755392,69.85047156927438,85.38265570984123,Slim,M
62.143730971155115,44,159.69514410831172,68.67089734723208,88.07224475926716,Regular,M
60.316271176361695,37,175.4517561564319,58.74591427807605,80.39141527288524,Curvy,XXS
70.59494828198716,41,169.0387826437349,79.09139569459622,90.47263611601078,Slim,XL
68.42720522399013,59,174.20774528717124,68.07243079883087,87.4880008808043,Regular,M
78.4283047329237,39,181.5649002662247,78.64895578311327,88.51386792012687,Slim,L
70.95254350970708,62,168.47729514957584,54.50811115805711,74.30464680532744,Curvy,XXS
63.2377159946219,19,172.71218463713538,65.1795487759929,81.01647894844737,Regular,S
78.48603761508502,66,171.08421701473424,78.038243210351,98.06723496251423,Regular,L
82.02002527829399,34,180.63084896298787,102.50519672048507,138.36571401171156,Curvy,XXXL
58.85454297075711,61,166.97559057016258,76.73409979990471,108.51269414275913,Curvy,L
64.02160732952454,46,179.0744940242463,64.88351520757081,83.40206643856092,Regular,S
45.112191997027146,49,151.87175824388584,76.3533662170685,108.28936752343097,Curvy,L
62.49786270296071,68,175.9788052524122,66.90909339735715,82.93167172607859,Regular,S
76.44740059468035,39,181.06867865927245,68.85253912010315,99.55248711147942,Curvy,M
69.18582223105541,67,180.33174716622565,72.47136649325604,85.37928970271714,Slim,M
58.57980185886456,67,168.5891111435219,73.04883038106489,92.66459969908301,Regular,M
47.2038266506056,37,155.7130826330759,79.47093784145409,99.5393604232362,Curvy,L
54.28809536312679,19,168.23546160335994,61.553652886905624,79.15968780127871,Curvy,XXS
79.9535466928363,43,172.967003327254,71.69867806431061,87.04082892373359,Slim,M
76.12638168098961,59,167.9802572055026,74.02062978776618,81.20272989161273,Slim,L
61.27277980247664,66,166.25829567026008,56.867581947505215,61.03041106425017,Slim,XXS
48.215911088048806,69,154.85092686224039,61.26648380701216,72.53107954296532,Slim,XXS
67.29231123625712,24,160.08335677016683,73.06103038768106,83.84324664061029,Slim,M
59.70349863155411,48,153.83380461927155,70.42487895519614,84.21668188806485,Regular,M
60.14919804914191,33,164.42813131524457,68.20011086531972,78.58083543776883,Slim,M
52.76470500990535,63,163.91601152989122,86.46226004411785,99.91995238259344,Slim,XL
64.46578032019443,54,161.8823381632963,81.09994585205959,108.83501852006114,Curvy,L
73.52690868868878,32,170.31813715485228,100.35467648351883,143.35221680318932,Curvy,XXXL
76.23987903491319,43,172.8086619048621,68.06336415390469,93.59030825509342,Curvy,M
58.20602059064902,46,168.48588900465043,93.72595445026023,105.74595597294565,Slim,XXL
65.21563107338096,29,167.4250337135138,72.76869382282793,91.86650121671185,Regular,M
58.762633438520524,36,170.6908538997649,77.29247634431623,91.97308887319858,Slim,L
66.62891841144875,49,163.8929800998828,56.95370702849753,77.60983916264584,Curvy,XXS
66.11959436272943,61,173.26952651124495,62.79394543925305,71.03024343604268,Slim,S
55.21723829878314,39,162.45379100861476,86.92728500943869,105.49654057786914,Regular,XL
72.12783463009752,65,176.2738133920381,87.38824414947695,105.35910896374517,Regular,XL
51.768045633802565,17,154.48878665149016,74.12456387500481,97.31070143756968,Regular,L
71.54629866653615,36,163.62530203391628,78.24462787423752,100.50434329750166,Curvy,L
78.08303058087877,51,180.0891292801014,64.44208852553486,80.88180242482403,Regular,S
69.51555092024584,61,166.10762736287253,72.58752438180514,82.84083513063806,Slim,M
57.69507317154591,64,164.32781399604548,78.393519615514,101.37283032801038,Regular,L
70.89683813436984,35,165.39472255525118,84.8918929994106,104.77372201142745,Slim,XL
76.59539600195647,22,177.58858936693002,67.78299396627295,87.24640852450187,Regular,M
64.6484129150996,56,159.2703713726782,89.58381021674157,98.01659181298106,Slim,XL
69.23888292123186,47,165.10790422039625,62.99409271784478,80.08148302964334,Regular,S
75.9977516863286,38,186.784148069231,81.01389153990526,89.09720525350716,Slim,L
61.208988159083646,16,166.30798394519834,106.7029577916324,140.2931060947707,Curvy,XXXL
57.8307704500179,18,160.10469898397346,79.9445808011349,98.0032092870756,Regular,L
66.73790155851273,27,166.20547619821903,74.96887171009628,82.47920355008942,Slim,M
66.7833295302842,63,181.87106510702887,72.0865451222138,80.26195770866313,Slim,M
68.12383176529931,41,171.41305428781436,91.95669921993557,112.78354866341016,Regular,XXL
70.29700037074275,55,174.00665687477454,76.89698022066717,94.56078911525351,Regular,L
61.18184594493007,36,170.40332879641016,73.91372508016383,80.61115623571912,Slim,M
72.34759976167327,53,186.689168796797,74.18968937728413,86.90219127836885,Regular,M
64.45197658051963,26,156.0539765517472,99.76388588794771,118.04699072878881,Regular,XXXL
73.06633197126264,55,177.17263249052297,84.99750901995944,122.40728283974413,Curvy,XL
48.48918583295839,65,156.69665920468103,61.8276413011049,79.8594235823457,Curvy,XXS
69.08748825288913,32,182.6705978319998,72.5187831913845,93.32598307417747,Regular,M
58.34634795937961,19,165.50987828556518,66.0219920535607,73.44780673647715,Slim,S
58.58245805978038,44,153.4761446934455,73.6120180490589,80.43534246930544,Slim,M
62.807413498511956,56,171.47433169052584,54.97711946161949,77.23030864916197,Curvy,XXS
67.42589309344639,39,165.31714343563206,68.17770339900784,85.11239382474604,Regular,M
69.70619075841607,31,168.20196503265305,55.57344681170634,67.50716864780809,Regular,XXS
65.87534867738927,52,160.39323732432743,65.64719535326158,72.20763358135855,Slim,S
59.55499015123907,36,163.25805016470443,85.33045068859643,108.61191533750738,Curvy,XL
58.31326830408303,29,164.32986536267046,80.10724800661468,93.86144118660545,Regular,L
74.8405642134554,66,176.2032525660103,85.93241484774411,104.68902345477328,Regular,XL
56.64010638416233,45,171.56383339750022,82.55377040282599,102.37503859699851,Regular,XL
49.580453129662466,62,160.61267500007716,77.53612536972723,88.2437290513055,Slim,L
70.56853097306833,60,186.43027447373996,70.87891389111512,89.63251051222959,Curvy,M
61.383980276039516,64,161.42397983908074,84.61906354541378,105.80474930058129,Regular,XL
56.92109849592103,21,168.34547340973418,56.51174336676557,65.78711873419694,Slim,XXS
71.84937458550125,60,177.00665743209402,87.43904280889984,94.5950937185395,Slim,XL
49.403370320585005,16,159.13557338536447,71.96421875220595,94.08137478835134,Curvy,M
64.84238420761017,24,159.2583850940233,75.18468889572186,98.7276538855229,Regular,L
61.01473884669681,19,161.19420807562724,77.74142278531612,111.51637090884931,Curvy,L
72.44814810572068,61,173.2633010527421,85.83772317260879,108.41527562546398,Regular,XL
60.310916141621476,33,172.13622115859806,61.364566319318975,64.18085926959704,Slim,XXS
64.16042160977594,38,160.7044804255067,68.90809580771646,86.6531061646992,Regular,M
70.34593426032174,49,166.2198233579355,78.76533774228942,108.05413217920177,Curvy,L
72.8875673104257,40,166.6191740190654,83.18592800973875,91.08745770726311,Slim,XL
71.81172979933184,24,171.1116682883223,58.18405191012884,70.4845777438425,Regular,XXS
64.76847812299958,52,160.34826285008313,55.63021373937879,73.45012056187448,Regular,XXS
57.62465478357984,39,173.2048871688491,76.90436523115896,88.69019455609738,Slim,L
85.1555222598993,35,177.85355440347206,71.08093324597525,88.92838831698992,Regular,M
70.12188095964305,66,166.51597176771048,103.24170312791225,116.6830312663536,Slim,XXXL
62.40072903400356,54,157.95841508067335,70.27968170382613,76.55487172385922,Slim,M
69.32275053955476,40,166.60949189686625,68.55176187801848,84.92770113276744,Regular,M
78.13204339915437,45,170.41449988860694,67.03931770267945,73.1213599020347,Slim,S
53.915045910550376,56,163.9206839852938,80.24122688125793,111.68996320355195,Curvy,L
64.49765446183174,66,174.0825545260754,64.09902230693183,86.7700304649613,Curvy,S
58.790670778206845,25,157.13894044040873,79.99227791478242,99.85359267778395,Regular,L
58.72788959705193,42,174.79099064228038,76.2590996510481,91.99006089535752,Slim,L
59.958591609325524,38,170.35674096754698,73.72793181545173,98.37999481522513,Curvy,L
66.27081205935897,47,172.52204045006388,75.94611556528406,83.79312651436237,Slim,L
64.90504471832111,64,171.21025932941765,79.88863932905899,113.18099657685764,Curvy,L
62.853209826112355,25,164.0604689286299,73.4184705261288,91.87635463240721,Regular,M
65.68772946710658,62,178.01820382024493,73.6929680127115,90.0694334048771,Regular,M
61.252568820987015,51,157.81605334214981,82.31073060374813,92.24979399768343,Slim,XL
72.06830732021557,53,165.24648758536182,71.63354966059424,91.04883424813457,Regular,M
66.14345586540314,39,158.90127839511877,90.08226624501977,114.32789073382625,Regular,XXL
69.04915850015212,69,165.5570101112508,91.05340509207029,105.28248822865332,Slim,XXL
73.21824033612997,41,166.04877641119327,70.11887560244081,85.99869155708919,Regular,M
74.62040865868576,28,180.9178344240551,74.24426781236039,83.26999711252665,Slim,L
64.70684007871161,21,161.90315845289862,67.10766800927765,80.25205968409136,Regular,S
65.04033939356562,47,161.81677069006238,75.92288387829754,98.26950116076628,Curvy,L
55.687682137544634,19,160.53262986631788,73.73390128980003,101.68621811715076,Curvy,M
61.91185750179769,19,173.0740230117714,70.90190056539174,84.61479646661833,Slim,M
67.51483271185647,47,175.25874356848814,88.21670352955829,100.20083165597788,Slim,XXL
54.883634097483835,28,168.88086068605062,71.54447899141582,80.23698969113927,Slim,M
65.32193399319289,30,157.08447552918992,81.20963241192992,108.50257824463043,Regular,XL
79.82026128534785,16,177.05938487991116,75.06728834548652,86.84875082979022,Regular,M
68.94744115325402,38,183.57805390931426,65.47318527107939,79.28402018777943,Regular,S
49.41777301590018,58,157.05651691126926,63.483120113495616,68.5725458700037,Slim,S
68.08396801523486,31,165.59875519821787,91.7377520024752,105.80425657589349,Slim,XXL
53.722297533780946,31,159.14466357587796,66.43782491914867,74.84972263247313,Slim,S
75.86801751991585,67,167.97857529953495,81.45067164359658,104.54310226489434,Regular,XL
60.52877469707204,64,173.871263054917,81.64361149615037,91.06643044282336,Slim,XL
63.232884735974956,21,166.45667703126892,67.82244519045956,88.99826452684206,Curvy,S
59.239271383327235,16,152.9691446900548,78.65526365989027,99.78689548437724,Regular,L
47.44450290259947,22,148.61002145377617,72.55725732832803,78.86557796610269,Slim,M
60.53624412464167,37,168.1109765774078,64.68627541223313,72.43191510183053,Slim,S
66.7318474450049,27,169.14719074426824,65.231507942122,80.64419291283717,Regular,S
45.25828826417634,62,151.98285820134055,81.5596271897914,105.51948495305035,Curvy,XL
64.250613216146,44,178.19157383579957,71.0966235863752,98.24284971063729,Curvy,M
49.812400745091566,33,159.57181903747176,63.816213056362194,75.76749380830016,Regular,S
71.53465502972334,53,166.65406237175586,87.57501102856907,118.98790218635293,Curvy,XXL
62.0895929310011,22,160.20131538777122,75.2010237718207,90.99740314488912,Regular,L
75.42198723227534,60,186.94714774588297,68.9460653125509,86.24820846185675,Regular,M
52.496529205112616,23,155.53314844223584,87.01181772168452,102.78911562679357,Regular,XL
62.09606059053255,53,156.7508604641368,79.52823476961657,96.14215021687467,Regular,L
67.64980293252592,29,168.41113575179872,76.95946883261357,94.78405159084707,Regular,L
88.36426723934667,61,184.20227366897154,86.78184741281054,103.64053014358998,Regular,XL
58.91299919745247,17,157.06448673134312,65.74176814276008,80.90926317278222,Regular,S
51.906427125399034,16,154.96368560027827,74.54133765828931,89.91185086219107,Regular,M
76.3336040282917,24,169.31710825159792,76.79005865539655,98.63187564677133,Curvy,L
60.26009037010727,19,163.16238515922333,74.87234937609979,105.17830846512686,Curvy,L
55.88952441655967,69,159.9426021143388,63.18996482471415,78.37952062601326,Regular,S
59.04439255388872,34,168.40072118856637,73.0487435272581,90.17117033820472,Regular,M
58.393410836681184,31,165.10886687545667,56.41819760103596,73.96854228436227,Regular,XXS
46.751527714720694,61,153.30413471019884,71.21019668745969,89.61858263472959,Curvy,M
62.17297969308137,34,165.33597622410952,67.33306770567017,78.29547685082957,Slim,M
65.73698088388973,24,176.69454424055112,81.32464444561052,97.32359974924331,Regular,L
79.32212499334096,59,175.57549745564165,80.57661869088211,93.69184426937677,Slim,L
49.516973012828316,36,156.29285097195816,80.96706663801633,105.06471735757523,Curvy,L
55.2272392591223,38,157.56283201108425,74.18345605316367,77.42918960907993,Slim,M
61.65017748502472,60,176.17320668046142,55.53166202726719,72.01055605632538,Curvy,XXS
64.8616108542625,48,182.08035012107885,79.64325312372667,98.47147277138154,Regular,L
61.12978948160502,25,163.96519316847795,61.17686474492938,70.66386980220882,Slim,XXS
57.65101532918895,28,155.90602769529468,92.99871133661215,109.81722700351182,Regular,XXL
53.94075318160177,26,162.78189453004995,62.56950668926479,78.22667014158579,Regular,S
50.948611178959474,31,148.42003886120273,100.02004595979378,110.88115069074453,Slim,XXXL
47.34159623644828,26,155.10105505527613,79.7976097833842,94.12757367819856,Regular,L
56.612448750364806,46,151.8169907421673,83.92196841867646,115.82674727009689,Curvy,XL
53.641891398338466,19,162.40333842802147,77.7269827117852,94.568555579858,Regular,L
63.45163272468055,46,170.09092593690858,88.05052774178577,117.26239690180849,Curvy,XL
73.71267819231262,45,165.67757385011848,78.64667300975728,90.62681581797784,Regular,L
69.6995080542157,25,165.5704944825853,77.11086149384444,94.44088481818208,Regular,L
79.28265983912702,50,186.76243650777462,72.09920337301425,93.05326212093742,Regular,M
60.667876708630025,20,157.05063145183954,87.29305861104373,106.73936193185354,Regular,XL
74.97592762871757,62,167.59265815728625,93.42771849743096,110.89847684574015,Regular,XXL
59.58088108437198,28,174.29900110579194,74.25845474843541,95.5775625853885,Regular,L
61.409131618063356,59,165.61885971202804,65.05482641571861,88.6441284448203,Regular,S
82.55164376686274,23,179.23832673567807,91.09236264635572,108.77034942454343,Regular,XXL
60.551547799959934,61,165.968792298073,85.1255524870781,108.93379219264676,Curvy,XL
66.29961114736281,48,164.2842509377795,86.83442288441303,111.50852232510773,Curvy,XL
68.20096378856337,63,185.55140121443554,93.96120922087071,107.4568761564302,Slim,XXL
60.659467815513246,20,171.00625706947818,77.38144640660472,98.66853400562496,Regular,L
50.43946854209515,67,157.26622205314948,82.81106836949314,112.7190950609547,Curvy,XL
45.48109906358904,39,149.5839025589184,73.37501532232157,88.71181345800714,Regular,M
76.03210816764265,48,167.98322146093645,68.84079051562094,78.10256560782182,Slim,M
62.91655375690749,55,169.72028649709785,65.37705942155736,92.15125813828779,Curvy,S
76.10890398190723,31,172.91318155230186,75.50699939821392,95.20055098583268,Regular,L
50.85275233477457,34,154.39942268017356,80.39438235068071,104.73165930151065,Regular,XL
70.57076159789973,49,164.28069539555182,80.08965525965853,87.41263348979355,Slim,L
56.74784287705531,29,157.23814038320137,65.08369008943968,77.23994427333486,Regular,S
51.091850557740806,33,158.08263648518016,71.3022354803674,93.46348651214569,Curvy,M
66.25741928477267,29,160.56058712104672,73.80824020444614,96.53707906511971,Curvy,L
62.962044393238756,49,165.41197864460023,77.11494573957974,106.99117845748567,Curvy,L
60.60578356015729,51,157.72025002958438,79.63325334009826,104.2465320560405,Regular,L
55.971125466857,38,159.93991315493403,76.27828013093878,88.99631170346599,Slim,L
77.21357943540036,17,173.6648971214767,92.04727844332767,114.50618885844528,Regular,XXL
77.40670357304366,36,171.52843290252517,85.73943080927367,95.93643488843438,Slim,XL
64.5204914373687,57,171.44651256557933,70.70761217365717,91.93722416856049,Regular,M
53.033126407790874,44,165.8387191471026,66.34563326358402,76.40220158620468,Regular,S
74.38116004824622,28,174.9873985595786,65.40814729149155,81.98569376171541,Regular,S
68.22982645925161,51,174.03755000246863,78.24288206340039,92.4110918547447,Regular,L
63.57715190450717,37,154.72211710894743,67.50663672925404,79.01705063272387,Slim,M
68.87088105483099,55,170.1038889928377,86.70565319378994,120.50033954840089,Curvy,XL
69.34594889664052,63,183.5831278384141,71.72698973082784,89.31675186037168,Regular,M
71.11518605931731,30,171.52883587493616,73.62850982636711,92.05518204164237,Regular,M
76.95620939153432,68,173.16307737405506,57.660669917273324,74.52414718373755,Regular,XXS
65.5101253866231,36,169.9070192387293,85.80224835326187,99.51781660785718,Regular,XL
64.84922543509425,56,160.50801349293792,58.16139418415107,75.66413368279174,Regular,XXS
54.94284784287377,49,169.7580236410204,76.808614343443,97.60430651150791,Curvy,L
69.86957560918458,54,171.67700829772696,73.10081861202018,84.48925450491997,Regular,M
66.68655172443646,41,163.15458229794257,73.86170747776362,88.30542911740642,Regular,M
70.05155764641447,53,163.123404481815,90.62450804300283,99.97616314730405,Slim,XXL
78.12736454180519,24,176.3846693165751,72.1224948133194,91.71060902458701,Regular,M
61.255666689892195,41,177.03618743562905,56.11529703346956,64.5073529961412,Slim,XXS
57.48556028251972,21,169.65327758795593,63.128812782867925,87.33719674475824,Curvy,S
76.0532072961398,44,176.20655626641516,74.86422455066104,84.45507460190174,Slim,M
54.96698621024873,50,163.64848186422725,78.8530350948019,92.23711054418536,Regular,L
66.03218958253602,55,176.4392057407789,66.21063426182567,85.07430861282569,Curvy,S
62.79053499708508,41,160.9845233450038,91.92366805295401,114.71505514975505,Regular,XXL
92.90696521487216,39,186.20684705501492,77.19114838373014,94.93068992122342,Regular,L
67.166125590189,25,177.3817694385849,63.13751392226973,76.71697899752004,Regular,S
61.21105802873727,40,174.07816687300675,83.12826283246409,99.2773646580069,Regular,XL
68.53975511172749,46,163.1700712546699,70.32495974926678,85.35766200442131,Regular,M
80.71009173999781,55,173.8848685625244,76.44108920653798,90.96698945183302,Regular,L
51.874631061494334,64,159.95415559721616,71.23107356987077,94.1265526291991,Curvy,M
62.5778501479494,67,164.67076162309638,85.18322122638205,111.11723816378924,Regular,XL
63.48552471476748,62,165.85065106872767,65.43057943602534,92.5945848346683,Curvy,S
61.87878394334731,31,179.25768817182717,69.64026438546203,85.06459075774504,Regular,M
56.65259181147988,30,165.25628130842605,83.90826691850721,95.41403311256988,Slim,XL
67.02615102565686,61,171.4884085982075,83.98103722245601,103.61109021064752,Regular,XL
67.94770440419886,63,174.64524553036327,90.50847968735161,103.55933884258303,Slim,XL
80.02138632624309,67,174.7365508830232,55.45406612070163,68.45339861458126,Slim,XXS
63.17149398641625,33,161.09429792431135,78.5601701757694,87.65801660903061,Slim,L
70.14461206127395,19,163.6963585998072,77.2338705632234,87.53288051181656,Slim,L
59.15309710679807,50,171.31413519833114,78.25930307777995,82.25964167663471,Slim,L
61.69401474855475,31,158.1936660737462,75.37256387386718,87.13825803480916,Regular,M
71.73149929485565,31,171.0685370536565,79.94187938845405,87.40848751268653,Slim,L
63.5903654577585,23,172.38164954530515,94.86431904462479,114.11624327546596,Regular,XXL
62.75615501263507,45,158.46194072804968,56.203071777867706,61.94024650134277,Slim,XXS
63.83379814709092,43,169.69889643046463,57.76257844946056,72.36344565457465,Regular,XXS
75.50434694636814,20,170.02979602483353,70.376516311086,85.52520331082634,Regular,M
47.997223211758744,62,155.66913875990818,60.59615441720679,76.59206213533528,Regular,XXS
64.82513316769354,42,160.06184229497603,61.87283073704017,69.24392526384406,Slim,S
46.6000480213024,49,148.48607467255727,75.50959932969238,101.40327217199328,Curvy,L
77.5206418075117,35,178.87677300386923,75.10950129393777,81.53164718834334,Slim,M
62.98524029976809,16,162.28755741354175,79.99588908922705,101.1597567503963,Curvy,L
69.4201107012145,45,182.21073849500598,61.885353944491165,71.90626669154,Slim,S
67.92381530712609,17,175.87426120194567,65.74526874342156,82.84515847428486,Regular,S
59.05292995752648,69,157.35571765879067,74.59046718343085,94.00779642045734,Regular,L
61.13023479543014,31,157.49354337105063,79.43097880060877,98.18475860371194,Regular,L
47.28011317762059,64,155.3195245205277,68.63436453078188,89.94560240705387,Regular,M
64.85930158732423,66,176.33559915072956,81.13067570300115,105.40375733950046,Curvy,L
66.46240141065925,67,182.84638594059723,58.77438859336957,72.14585936586839,Regular,XXS
53.9624791852748,31,160.95787488418375,87.15197605372441,99.64715456192124,Slim,XL
63.155403167478816,66,164.23839642073395,76.17504312303438,104.29186092225211,Curvy,L
45.21527932464603,59,151.14515417840897,84.92740050493728,109.97012874276292,Curvy,XL
67.28604009115212,43,158.82512262431692,70.17102652084525,79.70446540379831,Slim,M
55.379209783512735,34,168.21358727228684,77.19738005365325,101.02547760535768,Curvy,L
58.883203465503975,65,167.94319902227411,86.60803016269722,101.0066876064395,Regular,XL
80.14977234748004,22,184.07157208952106,91.43635298802964,106.73751370169097,Regular,XXL
78.49732386091428,33,172.45163602205713,72.19274528489146,87.60086217526359,Regular,M
68.70651088265814,63,167.66794724743926,76.34499157707299,86.27456241989205,Slim,L
71.17126864994346,50,170.81413761353483,71.48755862712787,81.16481465627608,Slim,M
65.50997774055257,27,167.40141242870268,84.3633090680719,103.32190777123802,Regular,XL
78.5572043014063,39,174.62191191025443,75.67850016720654,88.79978229011417,Slim,L
75.70558924193004,25,172.47457499858942,71.61749349025733,84.53928551068343,Regular,M
61.4457711385924,61,151.070830080111,64.66570001855165,76.7119332051678,Regular,S
81.5355356073045,31,177.71017822904662,61.81348828273756,83.33687474557324,Curvy,XXS
88.08039386625468,41,181.14612991927726,77.45138224294114,100.34811674538376,Regular,L
75.58940849089387,59,173.59414508903512,85.93362143681364,102.52201421162245,Regular,XL
71.73487245190651,35,183.5200752739275,73.79345905059827,87.85979323245083,Regular,M
56.91556587450566,68,158.56593599763642,75.14978129386172,98.06412485695344,Curvy,L
73.11613369729949,30,170.042775101961,86.85365013870175,108.22183601529356,Regular,XL
62.486714531272284,49,165.66469342448994,68.19979374267207,77.47016450475274,Slim,M
68.03950317039227,36,169.254085587481,81.02893564894752,95.79307641450005,Regular,L
73.28969301267652,61,164.9569655595456,71.67988044768491,90.71221462287927,Curvy,M
67.93895018716078,27,176.35148936338172,68.7481968105885,79.09641777709506,Slim,M
59.95700578629921,53,165.9417308906094,80.12879000268651,100.6050366201258,Regular,L
56.23527091617891,61,169.45022239154846,67.33977723390412,86.7542337679073,Regular,M
77.25668968584715,49,182.4755385717146,73.09945661231416,95.51004671376127,Curvy,M
66.95024901629016,65,173.31599587638848,97.60623009097277,110.45235006764779,Slim,XXXL
60.59664392752409,50,164.39560463529543,69.60987890259136,77.52986287444558,Slim,M
59.20174386604287,50,172.497142583126,57.7360235530089,70.43430379646834,Slim,XXS
64.62765650309431,65,175.0642893738044,84.01286294568479,96.19626202642375,Slim,XL
53.16435796038631,44,163.09131342167746,84.71218941719629,99.91768468440141,Regular,XL
77.13128162971579,54,171.21323013872356,76.55821231427524,90.6863725477147,Slim,L
80.3005394478089,31,175.14440788109886,80.42789907476332,95.75078216539659,Regular,L
67.6690134759378,51,158.36463813979174,79.67589370878129,104.34781572830144,Curvy,L
60.36484596342427,62,175.49928623632132,67.32358686683573,77.67130727771712,Slim,S
56.20222781125326,16,170.28925507119638,74.78034495776193,87.23660928679072,Slim,L
59.23650434016902,50,172.92035681580822,81.44020487048878,97.08678614912631,Regular,L
75.10461112913187,64,184.30121998057842,78.5692521776474,110.31744128596269,Curvy,L
78.49233384083324,37,170.71251766761645,68.68913762230417,79.26799402602941,Slim,S
61.66828113704396,51,162.00648110848886,60.54392350159878,77.95369234266822,Regular,XXS
69.9718108762005,42,171.01483107932648,86.14506289932466,93.24227343946254,Slim,XL
66.95279421729009,33,167.14648758669284,85.30037595359079,95.98792835347028,Slim,XL
73.99148589599355,41,168.08567527551534,87.50622258756957,108.3908860945458,Regular,XL
61.17456972901053,30,168.3430847937952,66.21295404776272,82.54698501985594,Regular,S
73.06838805638073,27,168.0197413005763,93.56128247172859,108.53355471014517,Slim,XXL
55.744607373178034,52,162.00526839638715,77.63731968806214,93.39935775524984,Regular,L
58.83801184295722,38,165.31090608600468,63.75002594530569,75.56821325738079,Regular,S
68.72758910121051,57,167.66558201798696,70.886596324268,79.13954184085304,Slim,M
53.45004427641543,19,164.69342731641123,71.48121537673262,74.67868173442588,Slim,M
64.54295450953457,19,161.8873157258904,67.572623345098,76.25773796263059,Slim,M
66.33504917861167,21,164.06233767225564,68.76433561251687,78.70818251954925,Slim,M
69.11776245760865,16,166.69047389512735,77.04072031176194,107.90791649258405,Curvy,L
80.21256531775956,41,177.791458790929,99.54053820229277,129.93141459413192,Curvy,XXXL
71.62679032548152,31,173.49586949389123,77.46919339189185,99.58048463207459,Curvy,L
61.95021233136594,38,174.24105299130807,93.14085013542949,115.22107487342751,Regular,XXL
62.7928725333698,34,157.98587690708862,63.16726028974932,76.20869940829192,Slim,S
77.17997318907248,64,175.91320032114058,66.91600816033103,73.38850650821324,Slim,S
54.844497187635135,63,163.5682876371144,90.38401771513942,123.12743007339809,Curvy,XXL
60.43705882566392,33,166.46037694591266,72.6291264470678,92.91117541450761,Regular,M
56.99860796684623,20,172.85479398843248,76.088504021114,97.57005564084794,Curvy,L
60.34448036870797,61,169.3590354010754,78.32460881197562,85.2501110295681,Slim,L
52.15880651809852,55,160.5438538921998,76.12472231128552,93.47297605452692,Regular,L
55.45094070831028,57,165.41299323276422,78.49333294721563,86.20796516270856,Slim,L
72.78572405410819,40,165.05834332770746,104.12726367178016,118.57331421987321,Slim,XXXL
55.69315280934356,32,157.38595039564453,67.74105930076126,81.7427832028997,Regular,S
58.45099401745949,39,161.41121323864584,83.38930101431201,93.80253998182253,Slim,XL
67.49016042110681,25,167.50759664262142,78.74656557457133,97.2712050507389,Regular,L
61.90671686747675,33,168.96192667459175,62.674488369311824,70.69480958187415,Slim,S
61.338156830498086,69,161.19384153327056,75.70442516812291,104.49577072626202,Curvy,L
77.73971545748985,19,174.4669394404634,59.75124414480662,80.48889288390359,Curvy,XXS
61.78174809543853,61,164.8372726953356,55.5298374629902,62.511984042221904,Slim,XXS
69.04177896475103,39,173.1270370980518,68.66541090629603,89.48597086079451,Regular,M
60.33468123205134,52,168.99233938864455,67.36579392734565,83.51585492378197,Regular,S
59.30808336289649,26,172.50723603923245,93.4442300239725,106.82093728857453,Slim,XXL
60.35847774599416,25,176.60454350399996,59.77698392613587,61.54288341297921,Slim,XXS
64.9200759740762,25,172.60157652521232,57.68719320034864,63.483387978078554,Slim,XXS
70.6605439318428,32,166.19283332990221,73.67011772154838,86.11855139949049,Slim,M
73.07838329666424,64,166.41008355651365,61.373762577223566,78.9966713190123,Regular,XXS
68.9354752180152,32,165.9536641821826,82.15827807746156,105.38729215803319,Curvy,L
65.1611269989386,58,168.35063318148246,63.15954831739947,75.41632059072953,Slim,S
63.27302272938197,24,163.78536821899834,64.49289488578272,75.34319018450881,Regular,S
60.11180896578548,34,170.41254822869092,74.23766204645698,98.05753495207263,Curvy,M
56.6162973863603,22,153.64016078621341,77.74335194826483,93.95617239312534,Regular,L
64.242065556535,63,163.0308489680848,72.95905745191656,89.69322359961326,Regular,M
66.06896387179762,39,158.69690631901813,85.134591836715,107.98202296220497,Regular,XL
68.58100050121976,31,175.59626614311983,59.979291824043514,79.2676753801533,Curvy,XXS
73.80611983443818,29,172.03519357260365,77.78397269041992,84.4395637719794,Slim,L
80.2166308519126,18,179.96958683862,58.89127189514144,74.93503969469809,Regular,XXS
56.14493157930209,30,171.19271475945828,80.1255241865276,98.0764041875752,Regular,L
70.15680114813199,50,175.01336428213583,106.85091014676306,149.6121672924137,Curvy,XXXL
61.246787068089915,39,164.25052230676576,67.78019335581799,86.73067120042417,Regular,S
70.78068134821315,43,183.93175151905976,69.3745068519356,78.73910137161636,Slim,M
52.497992808654395,20,165.12482371284963,68.52851697250698,93.49035764520363,Curvy,M
53.00807205772089,60,155.2390742210598,74.49039981609236,81.51247816180982,Slim,M
70.50201138262511,60,177.72857535296302,69.45051492932856,98.01427559969869,Curvy,M
70.00562155043244,69,178.09875037392183,63.50192560746274,78.00935627442378,Regular,S
52.23368577710833,44,157.5027337295717,65.44896980313197,85.1831338126833,Curvy,S
55.394301374532795,69,165.40345068323626,90.83057099836225,128.18377719402338,Curvy,XXL
59.34633488363279,32,173.84121691249774,73.1005533414164,83.97152459202263,Regular,M
59.574339883637585,31,165.14601607009698,79.91065601022854,105.60859348435845,Curvy,L
69.61057491024097,52,174.52215281201256,79.56938892420084,94.9977070675063,Regular,L
75.73559386504239,57,173.50130099036014,61.479341250807785,69.79883520019145,Slim,S
57.67807512567588,54,166.88203668426004,84.09583492150276,113.3329758886828,Regular,XL
56.47182927236675,60,165.2750299948354,64.83385268238516,72.39069569815241,Slim,S
67.67400946477653,60,162.3137160111883,93.97633674975063,128.30470170014016,Curvy,XXL
70.71054530731658,47,182.13606901307833,95.98101527945056,112.4134897358559,Regular,XXL
62.31086453027343,59,156.84421314981347,67.12960283621986,84.50572298776969,Curvy,S
73.4179555384392,58,172.73394123504866,63.492742990622034,80.36619858152899,Regular,S
55.16051479254427,58,168.6919185392475,55.48289503518929,73.38351390907444,Curvy,XXS
73.64073224565053,48,174.68189237622278,79.82555317474234,96.90261023590693,Regular,XL
73.62387611808846,44,166.70120879277772,82.1987183500512,109.8696440477102,Curvy,XL
65.44607015581137,21,172.1807772245069,65.23394032275263,78.1286308000424,Regular,S
80.87707972709502,58,173.8854572743407,91.94881627049438,109.9418370767369,Regular,XXL
61.51647273446039,46,157.79141854423543,79.5480873368819,92.50566659122204,Slim,L
80.0188302262136,45,178.26057591383662,74.6597859027809,84.6721192003884,Slim,L
67.02772336011712,49,177.7827639205038,69.82553954194023,91.77147680156033,Regular,M
49.10180838493375,67,156.11475600406322,70.46477439119795,75.8672193916711,Slim,M
83.97767306160873,25,182.65542471946696,77.57320440189766,96.52744875138394,Regular,L
63.99947208810885,27,155.54829206532509,79.09784499969781,96.62470413875346,Regular,L
71.35256639727308,69,174.93258899058657,73.86653342219223,88.46038739651885,Regular,M
67.24530714489252,38,173.4471643116865,80.90711326619255,102.89835694196134,Regular,XL
69.9046330673349,56,166.92758122950718,82.33169408388784,106.616148480229,Regular,XL
69.13550819373802,16,164.60388204390998,86.02116907634405,97.90005519581402,Slim,XL
67.4029841110807,52,162.60778762184054,107.03831916884468,150.62952607227214,Curvy,XXXL
65.97933155184253,42,167.0394571178667,83.06829191591783,92.02107996773157,Slim,XL
68.86296851404573,50,163.76828810281287,59.485480129979955,80.30579736247596,Curvy,XXS
74.49058058713484,60,166.56374601423542,76.4615921618728,89.71158681606573,Slim,L
74.9458218129269,43,177.33621352507024,70.41955367316723,78.26813297378122,Slim,M
57.73918771328419,49,157.0634912399976,72.71061797022408,92.63496637717934,Regular,M
70.45644461813914,31,180.91438286551852,65.18104726945995,72.96254803719044,Regular,S
64.39151116741147,65,178.923663155992,65.36504247331456,75.8524381143651,Slim,S
71.95235967058028,48,163.6051405465916,63.34872180316913,73.87377666501807,Regular,S
70.25605919322614,68,162.86405875239083,75.47222246272896,96.45487386533505,Regular,L
51.03289454996057,26,161.64894763841343,70.89227917649065,87.41839081876158,Regular,M
75.12061984619024,39,167.1904242270271,82.3201640056705,114.069380694347,Curvy,L
67.598428698849,57,169.30896638219988,64.72060544805882,86.7785349652958,Curvy,S
53.49525450414209,21,166.98167832207128,65.75081525545424,88.64678832047278,Curvy,S
51.3627927251962,32,155.99806886653872,60.4267254641493,77.56124035607546,Regular,XXS
60.21653696863798,67,175.02574885308147,76.91459207353653,101.16823679658788,Curvy,L
71.92786651361193,20,164.30352423377354,75.51127761172819,108.26865884190632,Curvy,L
60.74222698643519,29,170.84681287320757,60.24519082424969,70.79428974317176,Slim,XXS
64.7855201721639,54,157.6601616192721,77.17108276503816,92.9663875797718,Regular,L
58.24690627002969,28,169.08034682370968,69.72189957311404,90.18227429918514,Curvy,M
69.80190324726499,56,168.0678907256927,61.74422299382676,77.72373167010029,Curvy,XXS
81.43440805956152,16,181.61515549932233,57.68839037730678,69.42608080616067,Regular,XXS
79.62251711701289,55,180.40753039477568,90.34280977332251,106.24475596036477,Slim,XXL
56.12828923916241,36,161.94410940649527,63.56544875829961,79.51604665658512,Regular,S
59.82403656795489,62,168.09620467833554,81.49355014303988,104.52422706523005,Regular,L
56.589169484500985,22,163.54996028685423,73.52180507280022,81.72718233104949,Slim,M
65.16177495712779,27,165.26116820917395,58.17393206068548,73.89145157303359,Slim,XXS
47.65329008063759,33,148.04643585539165,76.81491485036122,80.95940837181924,Slim,L
75.53381838547472,29,169.7176563580301,71.30126683032087,89.96396303045948,Regular,M
61.12775899582183,45,153.6770935450389,83.91007724231821,114.48465897789086,Curvy,XL
73.44265266800822,63,170.28367594145104,73.6031122122275,99.83535002670357,Curvy,M
72.36806334406648,64,165.90435494993102,57.50843527159493,75.33532780152899,Curvy,XXS
62.020412537259276,57,162.75798968311608,82.92362694562843,108.50650628966412,Curvy,XL
75.87319131354435,54,180.80103279552372,59.94658293140979,72.68858226672934,Regular,XXS
81.00680697786892,40,174.00902265135633,81.95181767748619,100.5198578895211,Regular,L
80.79217026502033,29,177.77964876483276,56.99012366188885,68.51106069643805,Regular,XXS
70.62604461964072,17,175.22096542986102,85.12545328883758,111.63847699935219,Curvy,XL
65.54362957928575,51,163.93878662606133,70.56553591806754,80.21407585253802,Slim,M
57.30094717193035,35,168.581539373407,79.20162372283689,85.46141977944274,Slim,L
65.81493417869878,55,173.38209472720533,67.30577997968382,73.7801107998129,Slim,S
53.75753296689071,22,162.5013084486298,80.28277135309702,103.81422130557014,Curvy,L
62.52742410401652,39,164.58243413803999,71.9106182020307,93.81922100153362,Curvy,M
72.77666970308802,29,166.58229036735634,61.09472446975164,76.40809294078949,Regular,XXS
52.999706601392944,49,162.56925964507562,66.26164257922471,70.9401893523139,Slim,S
52.90763284284972,64,156.89698029690103,88.43935297657475,111.0548943047631,Regular,XXL
75.30085994120319,35,172.37743584762907,92.84186775682457,108.03868100058254,Regular,XXL
74.78352150448887,19,179.46007855858034,69.04330748996823,80.32891122773646,Regular,S
63.58873558483703,69,172.30430691139932,75.20484348564777,96.31355555392852,Regular,L
50.23504462926389,69,159.230167205972,78.20101536761489,104.58117702099314,Curvy,L
66.70899482650572,46,168.938334943714,82.63576674731718,101.76221636174388,Regular,XL
58.71634105438536,45,169.45576873503086,102.80458092718247,131.20114669401147,Regular,XXXL
68.99125567155168,58,169.75336170952346,85.79256365575502,106.49482755854955,Regular,XL
86.46980892749697,66,179.42053087323944,55.598246147088474,77.56560303124351,Curvy,XXS
60.10415656537189,55,174.94213568426306,72.21080116825624,95.82306124346809,Curvy,M
64.25948642406513,49,161.95022650071172,86.08612765586105,101.79116395491496,Slim,XL
58.13854995249095,64,157.7470540631546,56.432570777909305,78.43995173080323,Curvy,XXS
60.70154497564474,17,162.95316569199971,80.61252353437233,93.07529407241418,Slim,L
54.73395833752454,46,161.9632514477328,71.37179363125607,77.25414384908113,Slim,M
64.93046687349086,55,174.60818338369393,73.87029173241312,87.18805477683988,Regular,M
55.96911430973473,42,149.2026251375254,103.99419204846654,121.78604513752097,Regular,XXXL
61.95553527118239,68,161.14831271530258,75.90187859960785,96.10042347863627,Regular,L
69.3695386907691,58,165.26242292622993,65.13203206149538,75.33041290057737,Slim,S
56.963892862412095,61,164.33928875792398,93.57764372104981,109.47707729232779,Slim,XXL
58.18995343098671,22,172.77414063983252,70.38639077748117,83.9591657489197,Regular,M
60.37463376808785,28,157.05815912571012,67.95283910196535,85.05242252598191,Regular,M
55.73766202972182,48,166.40695217985183,66.57418003917068,81.08003932258895,Regular,S
52.879076830019876,49,166.59030072719807,57.706119969234365,65.616766104752,Regular,XXS
76.92048895112903,25,177.58134999901958,97.08204377587828,121.25102734135261,Regular,XXXL
73.44074689252201,52,177.0932630090741,58.17142284291642,69.97937445182602,Slim,XXS
72.32082680563065,33,176.58779708175143,101.971767380296,121.31679135178297,Regular,XXXL
72.89214273207804,49,172.0010532065788,99.0084908500906,138.38180131598037,Curvy,XXXL
80.89866448292234,62,173.94692184404747,83.11195884301507,108.71446021098821,Curvy,XL
59.403749822409516,38,166.06354529031302,68.19177358807173,93.72568554713865,Curvy,M
83.87547084842244,28,177.70140650336856,72.07723257801379,92.60096215031865,Regular,M
78.54690041621487,24,174.36132622029245,83.59438316410447,89.43359770101868,Slim,XL
59.113639524507406,59,159.104907228209,77.60848172728059,87.16347222476399,Slim,L
57.63963032575393,18,171.19000311934283,69.25144000312984,89.68939836874665,Regular,M
67.63863647260703,55,165.76278314233994,74.6748577228826,89.48498786515853,Regular,L
66.84416248849455,44,176.73180599049422,91.73944975004983,113.69525999374468,Regular,XXL
64.47267251743538,30,166.97928395680233,82.615261248183,118.90745880435354,Curvy,XL
69.19155904905931,59,165.43726689474434,63.33836025162805,81.15811345500619,Regular,S
67.09073056613057,67,172.29893223093202,66.56851232127943,92.90428495839504,Curvy,S
78.06990423774259,16,171.17911007825168,103.19011501718978,139.55530124084768,Curvy,XXXL
76.58494017563326,36,171.00185010648755,79.34759517980237,93.14721328329381,Regular,L
69.08390854737004,42,182.3570545711446,55.9094199820897,65.47039507135054,Slim,XXS
54.82313774085067,18,168.57814327815117,83.38229474008666,107.77631357649156,Curvy,XL
59.39207403007448,54,156.0022815127315,57.04722243112331,69.94227576168767,Regular,XXS
67.58461956673098,21,159.54386796755713,67.65220261330786,87.7621686581799,Regular,M
54.091341188130905,18,161.1765734216333,75.20114839604665,82.60274020394525,Slim,M
79.42792169963124,48,180.42623350153994,89.50166824533804,124.49949488205172,Curvy,XXL
84.82734460738543,49,178.60297807032154,64.3311475560444,78.27729521670881,Regular,S
59.27576448056261,69,167.46741240535712,84.20769390260372,103.15371027618828,Regular,XL
62.805912359333185,41,172.83443423761267,73.5516542657753,85.47314759073811,Slim,L
61.378784844845526,62,167.56794238464593,67.09630264747724,78.01876772450342,Regular,S
74.97564044340037,41,178.09168643191043,75.26421254534542,85.38290874533844,Regular,M
67.1542592138297,64,168.55626663916982,78.70636805556956,93.15568852615331,Regular,L
60.00593747203051,29,160.85545154796023,71.14421048353144,86.43723696052864,Slim,M
75.56334394020239,33,170.42713900158225,70.64819340566318,86.03059882481826,Regular,M
53.65837363365322,51,166.2126122180668,89.7891181518934,103.42372906659415,Slim,XXL
47.786900098996945,67,149.4448148808285,72.17507072512576,75.44308789649546,Slim,M
71.93241377949474,44,168.15861723012293,98.60604639138897,130.3373193296828,Curvy,XXXL
75.95483915632636,51,172.9036486733302,86.77114040960655,108.07303524036159,Regular,XL
71.48741787680237,46,170.2053446082895,88.2916147902811,122.12773429634042,Curvy,XL
60.63096637743713,37,165.98620527513987,67.28153546055172,84.70281443611972,Regular,M
53.35014850157065,40,158.55307248159352,59.73545706034487,60.72119857400185,Slim,XXS
59.19570981257004,24,166.85498882022927,80.69350652881832,101.79891340529903,Regular,L
68.04821088466296,54,181.63303703626275,59.60295291866456,70.81202135964078,Slim,XXS
70.75849229273429,50,170.4482662589081,92.61072892386893,114.17044281974238,Regular,XXL
74.36276775517473,22,182.1670576612835,77.89875196684723,83.87267625016442,Slim,L
70.31201069168212,44,161.4916594183557,67.53384593860555,89.15189471287304,Curvy,S
56.78897402974949,26,164.55075946866108,107.56006675377463,137.81715574762814,Regular,XXXL
66.9699254418837,26,161.30664977261563,84.82407410140685,92.53131777471603,Slim,XL
67.73328569515874,19,162.54092331622746,70.58065272798918,82.7760855265846,Slim,M
62.01459399501622,17,165.32518538948838,63.35026153153769,68.692240602045,Slim,S
51.77205924246138,38,155.40216501326324,72.52781538830854,84.50798128112417,Slim,M
64.0532648983163,31,156.75417484465564,63.60940229885163,72.462519048121,Slim,S
64.1215622049586,61,158.14492603559603,97.38518780889456,121.58753953283157,Regular,XXXL
73.55794261183422,42,166.90352947669038,99.7795585681936,116.36836260474155,Slim,XXXL
74.08207521442719,37,170.40229513270003,68.98119325097356,96.60703705859413,Curvy,M
67.46878569670335,65,159.3096866111716,57.54567790464783,68.4872261855753,Regular,XXS
59.88760681569365,58,171.42109060441894,82.21944988326293,99.10214054200725,Regular,XL
65.28243444777311,55,175.289704830363,75.71620640339285,107.68875186986543,Curvy,L
52.105758747334605,31,159.74641344185335,81.3520105588551,96.08541905946183,Regular,L
72.86332740980377,37,182.31949189045025,63.83687844252981,89.52367924335307,Curvy,S
71.90189717598606,21,187.23699593657977,74.59769074147358,93.00827819248086,Regular,M
66.68983713538535,33,161.4412470515208,81.05506898463062,105.74786526524366,Regular,XL
67.52759298364386,25,178.51949636272238,83.71045818399675,115.21221509149288,Curvy,XL
61.724492363670734,55,169.3683525513932,80.17752904880984,99.34641768642324,Regular,L
79.66795556272402,20,181.07096222622565,88.43688439523523,108.29992909587799,Regular,XXL
66.85964789347419,26,158.92944644996837,95.72707049194905,109.24727777229384,Slim,XXL
65.48115503463609,20,160.50287581055167,70.53399511931467,76.05257244123268,Slim,M
42.70044750833022,53,149.28506144149466,72.94009535324831,97.64726149831344,Curvy,M
64.64174990764822,36,168.2060428073861,67.23865156876349,92.67993532153882,Curvy,S
54.27560312949527,50,164.31555541476308,65.8024593512211,84.77004160291865,Regular,S
65.68325230662832,66,170.1409684205013,75.91484418452711,95.35266475671878,Regular,L
54.8467132473668,40,163.78040773659637,69.62219612682587,97.90960634052294,Curvy,M
64.03566954684945,20,165.51613148549927,66.52094454233657,76.65064200099775,Slim,S
58.46416168162372,27,160.9173795119653,87.95705020722889,103.70372351553048,Regular,XL
70.10888354207006,46,179.2221144846456,75.31562503689074,83.95170167137431,Slim,M
61.635223919527014,33,165.32363176861102,79.93945278297046,93.04110572153829,Regular,L
71.57319908204506,56,177.060979662174,75.57810230173584,105.25063621733445,Curvy,L
66.24021129557423,51,180.97886527010692,87.35630619341508,115.79513337514824,Curvy,XL
66.06916319271008,69,160.74096891866805,80.05588695215009,98.4071501893035,Regular,L
72.80209751191504,39,176.1423438976327,75.44469507604428,97.4632669462499,Regular,L
65.35131685583336,64,171.82872887895795,64.5916933523155,70.01120177804495,Slim,S
57.08982555177991,54,163.08014597271494,79.3964970062297,110.77512192015354,Curvy,L
62.09727327014599,49,166.77240119098494,96.88584008696664,106.65887043388305,Slim,XXXL
70.89485393504079,19,167.3877124858528,82.21677020737152,95.11783898364465,Slim,XL
57.8817701788727,52,161.07482764337345,93.24231653713132,115.93020879014762,Regular,XXL
60.777569693939164,62,177.89704566230958,76.65728655574553,91.19740268165346,Regular,L
57.93750310990497,23,166.54664344306488,74.36301062450238,88.0421729786741,Slim,L
58.917239255060515,19,158.24055280007826,81.75743155494382,90.78549428380043,Slim,L
68.04048712896788,54,160.75336989746341,72.4092386286274,88.05266736522722,Regular,M
64.22140991276204,42,177.97277051430922,92.84231714363797,114.53107378935997,Regular,XXL
80.5647042583041,18,182.90309519635855,76.39994227799727,80.14392360686554,Slim,L
55.950076867180826,40,160.24704524561355,75.953992033488,103.51927687444012,Curvy,L
54.05208126400408,20,155.29387885246777,71.42540625882698,78.6130151794419,Slim,M
63.75665307475018,68,171.28780932011335,63.967951408817946,70.32574045052642,Slim,S
75.76438327408559,26,175.54477629537274,73.70406042731611,96.90353625083614,Curvy,M
63.955269056574345,43,162.57103505970494,93.07357004743508,120.33585460203977,Regular,XXL
88.70611854159442,34,186.40359981374607,69.91585988827745,97.98071329492097,Curvy,M
60.410586086029205,63,161.6058422033567,55.961578618882044,64.75493141301358,Slim,XXS
82.02389292111808,41,176.3576899341168,78.63603946784764,93.95940453436171,Regular,L
72.36603516048814,38,180.85166694382912,74.85457647565565,84.24061126622024,Regular,M
63.82801871556651,64,175.2497269536448,90.46691658331875,120.05253660307609,Curvy,XXL
70.73312482601935,47,164.55458886431828,52.00757785319128,65.3383391860872,Slim,XXS
60.37604767153613,44,170.1463457516523,89.2096033984614,123.92386350294979,Curvy,XXL
72.76846485644259,27,187.92998664005813,75.83868589696161,93.6108312765089,Regular,L
68.19072669687229,65,166.5528763605913,79.10232083437133,98.19390402481382,Regular,L
65.59250230368527,16,160.24830355749162,66.01183310934866,74.4237314875212,Slim,S
54.05516284108991,24,162.87379780730737,72.8422750905636,86.23664923286192,Regular,M
58.368910463490174,68,167.58241995629712,87.83173734754928,106.95638973253386,Regular,XL
62.89630931416301,16,172.9798666764925,66.91454987091421,71.98628503593875,Slim,S
71.5393984292996,59,170.39864371302195,60.1638649251867,79.37381717305904,Regular,XXS
67.76307552114739,53,169.5263194934943,75.76868375348513,86.0282188744362,Slim,L
77.92781529230089,62,172.40322382663942,82.05365678734798,100.63915369111187,Regular,L
66.79185286965915,35,166.8999300445538,75.2226372098363,91.95487723362805,Regular,L
77.48733587333591,61,170.468721751599,76.50875842687957,103.06354565937687,Curvy,L
66.28907455349352,53,170.42723736477805,70.16947743145614,94.9797904925731,Curvy,M
50.67049696863532,56,157.84961669976886,57.89182319187374,67.97622506724584,Regular,XXS
60.553213237392285,20,169.55992233679598,81.43783471674179,104.38651052852066,Regular,XL
72.19537325713455,69,173.34910856408865,65.45237044879049,81.54867825006615,Regular,S
63.2766892837936,53,166.53134168405472,65.78296854765621,77.94469944932241,Regular,S
84.90681326725388,60,183.13264270714873,99.11189221342632,131.3700166108399,Curvy,XXXL
72.189813424251,50,163.9058883461308,57.2164716542753,70.38414954521545,Regular,XXS
71.3447482380509,38,166.02589968911929,79.19352741287392,100.22060412053031,Regular,L
77.5536212056906,59,178.9494159468543,77.89417847763674,94.8416735993926,Regular,L
62.00112959144483,30,170.63914077904965,82.03959387704657,103.90893612321977,Regular,XL
60.998951010286525,65,170.87222217924784,98.43281639012656,118.11318030213062,Regular,XXXL
57.501306945387135,47,165.23058840324632,71.24407077879215,88.9238260315371,Regular,M
75.68285906067987,41,172.179838584753,82.49112770544873,105.25151539652025,Curvy,XL
53.90552523950417,55,160.4794603568652,75.46935393714438,83.16426188552994,Slim,L
58.37822495783662,19,167.0893774843008,72.4772445619123,88.21431124175447,Regular,M
79.39529353539294,18,180.65698731673805,90.55737641348742,110.45983148192045,Regular,XXL
63.558443428478675,57,165.53335824039442,66.33478435416464,76.53740830067913,Slim,S
66.62749138842948,49,165.89337237917883,72.61649660244073,79.9956050770194,Slim,M
70.4390415907434,62,172.35440491864682,72.29815657259232,80.85069774968505,Slim,M
75.27922376319039,69,174.46376212732366,68.50156462161273,84.03758585472829,Regular,M
76.33686538987703,25,181.56390004108258,64.58810619025013,84.71669461693877,Curvy,XXS
60.80942501290323,60,166.8612594868271,65.41232415948494,79.27951781155836,Regular,S
50.76232933285085,29,161.03032509351505,76.49611973173202,107.9114933609022,Curvy,L
55.18286629033872,16,163.5430080185611,96.06777517776902,133.49186969336796,Curvy,XXXL
78.84923792711012,57,172.58228821572695,83.41039578892169,95.53861407740096,Slim,XL
63.137294069170956,68,160.2664791285998,89.62264994880923,106.09140028047754,Regular,XXL
61.817538319407745,54,167.68628948860535,83.96023385987041,93.62813774574968,Slim,XL
63.45100117772978,52,176.94563887807513,81.4890734858198,101.51987133061239,Regular,L
65.74722940959603,27,170.2664414350439,73.19867735355479,85.26106279298978,Slim,M
72.55124298489653,43,172.02307748095018,77.02074058617673,91.567162399567,Regular,L
61.1603262026382,33,174.04506786145652,68.89199630656542,88.44528297341134,Regular,M
77.58397400977873,17,169.77313674378308,79.42764941328909,93.13951222380476,Regular,L
65.06641361614989,48,163.38727259611352,64.9469093046309,75.38413670990977,Regular,S
51.36411446296488,47,157.40963644322514,80.31352652964543,90.30622133319542,Slim,L
65.18922815696024,27,177.26519644527636,64.42974149781344,88.82582796276508,Curvy,S
78.45239911286087,38,172.36140940504745,87.79719031028145,95.55456202999004,Slim,XL
56.52494793024331,56,159.619737751704,60.94674586280136,71.14547773953106,Regular,XXS
67.23686968959133,66,183.40103106826874,64.46955796790589,88.62447688525714,Curvy,S
59.599571281451986,43,161.15225238428917,76.40150224401683,88.86810491323115,Slim,L
52.05050780624632,16,161.3161568508635,61.459933443650634,74.87790359446979,Regular,XXS
63.298008221046615,60,174.0257202879916,78.20768234821675,98.39024271756834,Regular,L
66.62286532181287,29,158.4147123940249,70.4755597548627,91.6344801421393,Curvy,M
78.92524004932781,62,179.5734893558984,71.94758570346049,102.26662094217438,Curvy,M
78.79945053818324,68,173.39599358747657,64.52143808556248,75.26751124094389,Slim,S
67.27256763199112,66,169.46588479228072,79.2300869153388,92.85754852015887,Slim,L
71.10646341610149,54,172.13685101607527,76.05303276104767,90.41716163516291,Regular,M
52.94522339520239,47,152.74224743193665,80.61731405923429,88.5313198494856,Slim,L
58.85207078578766,20,169.0897852990133,81.43670929009019,99.08193031527514,Regular,XL
66.47622778211579,60,176.7325403137959,63.678280437659886,74.63569124564417,Slim,S
68.49703747459156,59,170.4163145847133,61.60329561767891,86.96383328124291,Curvy,S
61.29922962004449,24,161.98485096077343,74.77015202727789,89.53999851004372,Regular,M
65.47166757672336,64,168.14474785248402,73.73045788265148,85.43763876227297,Slim,M
88.49242281731169,59,182.78111766420557,69.04303729158447,76.51846612403666,Slim,M
55.77985895929947,43,166.68840142280573,100.81109496086349,116.1928806294908,Slim,XXXL
56.84968070382883,26,153.1631255128127,72.25723759281739,89.63956382367667,Slim,M
76.1283687904238,52,171.4595448833945,88.12809082145803,100.27275403957772,Slim,XXL
59.39679872628888,23,161.3754624541921,77.75864814738627,93.92404537702285,Regular,L
59.579010666969374,41,169.63327648193638,75.72764746759971,95.98846545149168,Curvy,M
49.6793351394785,40,157.8861281452449,78.76923946549792,99.20935357474346,Regular,L
69.59726295926718,60,168.64982339276614,62.95031061673048,73.13547544983177,Slim,S
54.226984871019155,50,155.1766086944721,64.65721675105858,85.72015898311398,Curvy,S
65.42138129885114,67,168.61726420505337,88.40331753624794,110.15253520309757,Regular,XL
63.058995862077005,54,180.61086037032737,88.66373629950041,101.21045867740588,Slim,XL
74.0940422036259,56,175.88496730669277,74.9907514461353,96.83641636487056,Curvy,M
77.23299818656366,65,173.97649800072543,85.400141478196,118.04567132443904,Curvy,XL
75.35383364849574,29,169.00852574272398,81.38497248548333,94.8328451453752,Regular,L
73.25049314908972,47,177.6674880077715,71.98192454487351,93.01501528216002,Curvy,M
79.59399841787788,20,180.96746228266494,62.39220318766548,80.15224883738995,Regular,S
61.75063766027646,33,159.88271450324328,75.99631742129519,93.08346692644946,Regular,L
62.4559343428291,48,167.275670082013,71.73608905399439,86.74054508601694,Regular,M
59.28069148169239,29,156.55313132854093,71.9735883918531,92.71428698005221,Curvy,M
73.06020005766312,53,172.60875782515865,85.00211622492553,106.37868084094367,Regular,XL
66.8836314923957,61,168.96724732068844,70.89730273314308,85.14365081298634,Regular,M
76.86530451282552,57,175.3794220049465,83.4516832513047,98.3608669551211,Regular,XL
56.9581299972128,67,164.34735956409133,70.9570134159826,86.08302864555208,Regular,M
73.86063097796504,41,182.8421128766109,77.36400886404756,87.53072217439185,Slim,L
55.21088443038612,20,166.3865757799111,67.73488890005272,79.75609020498648,Slim,M
57.48104659785104,69,169.09476806390285,59.48196611504743,73.17451996078704,Regular,XXS
60.375444108669775,24,167.33096252128863,61.331449464353426,74.33041298926176,Regular,XXS
70.42004114915409,40,161.617800975773,79.31430690994705,99.90590876361543,Regular,L
59.84401847266154,21,159.32140343227599,64.68364598357856,76.29864152520197,Slim,S
57.01627206353924,16,160.37359623652452,85.97628387596842,116.22851167156686,Curvy,XL
62.785294501447936,48,181.7513725897841,85.25917351029494,105.34928550144497,Regular,XL
78.56476441095081,27,183.11982915521807,73.70222910259255,82.84198143401886,Slim,M
69.6706552451978,44,166.08790231050497,72.57634519174775,91.09111055377407,Regular,M
42.44684915768098,44,149.0838770411533,76.84830472990038,91.55141451789878,Slim,L
60.600020002471354,24,162.85753759809674,82.3206819446691,103.5400013318466,Curvy,XL
64.94604514084523,22,160.85607586335817,73.91541975185736,90.00056482722027,Regular,M
61.95088983303215,50,177.39744906022426,73.48796752605318,81.21525947935388,Slim,M
70.2472319249573,52,168.91194871513355,80.57366321497787,86.92722448691013,Slim,L
67.80404503660444,34,164.71552649050804,72.38054242894381,86.87388907538059,Slim,M
61.86506037455865,45,168.5075738293227,70.44025661537037,79.71851336989842,Slim,M
58.08383728349974,31,160.93970352682274,78.05908595445011,101.8535893880275,Curvy,L
64.97950516181257,29,165.70501616881117,103.14002877542217,136.4573194934732,Curvy,XXXL
67.3757202213683,34,175.25343225362244,99.30862707691986,125.27502111733033,Regular,XXXL
65.4244797660493,53,161.5042136581735,72.96798171489382,79.78599557989537,Slim,M
76.56471130618121,52,171.50804924567083,94.12942056661264,122.36154549998412,Curvy,XXL
63.69895619575022,65,167.99951003497958,61.39900176963423,74.06119551129193,Regular,XXS
67.50891751425598,44,167.50873159307073,64.20131967693511,84.92910642173571,Curvy,S
60.449110721044676,26,165.34581285004205,92.90774172769193,123.59055143563201,Curvy,XXL
57.796442705888474,63,163.1187628863796,80.62406245422369,100.46671026163958,Regular,L
55.11172458567692,42,168.0751248641488,79.31498519702976,97.72864427186164,Regular,L
69.61436517118076,37,171.37871681705082,56.22138483865913,73.61732199798193,Regular,XXS
62.83667600705861,19,162.3998376565154,66.15979870376916,78.51337569894605,Regular,S
55.617321027609805,45,166.6875734152895,74.35151551569717,94.92701212767047,Regular,M
55.209174624831995,60,164.93878121350787,79.45958368205643,106.04724208742958,Curvy,L
64.84503896500684,21,163.85202130700523,60.391083817365086,74.09408107415081,Regular,XXS
62.388125285850364,64,171.41154173008755,87.20286711285033,102.41517585273763,Regular,XL
47.15178879131418,27,155.9173618446856,69.68795787796505,88.3091263154196,Regular,M
62.2535291734137,53,174.49346715804177,65.48616458746052,78.29475491270037,Regular,S
73.50466528559508,24,168.40357954219567,75.01309490906928,93.33764726195791,Regular,M
68.52764318580019,52,171.96404078476178,101.68583949881207,132.55082736223557,Regular,XXXL
59.138853255054315,25,169.49717989501866,79.48028932469269,91.44215408980607,Slim,L
60.14056283850403,63,164.05351693635274,67.7436215205602,71.21939988971727,Slim,S
49.85309473962239,68,158.03464904527993,69.51100932803615,87.01787585952896,Regular,M
52.08816891448689,51,164.1765738497823,61.433117916491845,67.22114767177935,Slim,XXS
63.65660628557994,22,166.6377029940656,81.1454899585217,100.69596215353432,Regular,XL
59.92440809725491,53,162.19501265090287,89.93328316401524,107.2690405243822,Regular,XXL
66.21012101465257,39,166.5287633556438,80.16638551153162,94.00418654197387,Regular,L
54.55111943170338,53,165.80454378422039,66.35002590025334,87.22085005753995,Curvy,S
72.99690087058781,69,181.66149373722698,77.62966038495088,100.91765164319288,Regular,L
52.54051682598489,49,159.929349740395,80.09657937265621,96.86316745992049,Slim,XL
57.05121001527744,20,166.47065177146212,77.61805036950966,97.98223507853149,Regular,L
57.25024812053472,69,161.83236792421707,80.71287061861639,101.18991804258371,Regular,XL
58.33034120931247,61,174.83256200569562,78.73044217218201,96.71728516944836,Regular,L
71.27640179636322,24,175.59332050152287,90.53094611287739,111.27737195340404,Regular,XXL
60.30648648819969,44,171.68317951700325,79.99175591879373,102.06886323570151,Regular,XL
56.4867614467605,48,167.49574060771766,65.55704709469674,77.83982079885712,Regular,S
76.61905078262556,49,172.31093459335383,106.75171895802924,139.29486725428737,Curvy,XXXL
57.27345719368636,69,158.48733034123882,63.328052978604994,79.38840303200124,Regular,S
47.09311960393264,18,156.0226325133887,76.74110885889135,86.01705109240952,Slim,L
67.17610785774583,34,166.11515005308894,89.8916431402173,98.82740146266734,Slim,XXL
71.8994645095848,52,175.35212530015806,60.712007848082074,68.83435599955594,Slim,XXS
63.50166827523594,39,160.62220382932892,77.46433073746438,103.20402049215542,Curvy,L
82.14116895728337,56,176.89084947338475,73.69205992234521,93.99626423519209,Regular,M
56.2538089661246,22,154.75999680218524,71.32197115084779,85.96261556629247,Regular,M
78.8443900911187,24,176.96360393208425,91.82070543346035,98.67395850966328,Slim,XXL
77.63593277887801,59,169.8283821589754,87.60628012571114,96.84239633246086,Slim,XL
54.674159110333704,58,168.50319933925311,73.26228687193642,86.90465038901283,Regular,M
61.40483749391813,25,169.3134065823798,80.61261218957262,91.61251815460476,Slim,L
89.0581085938368,47,189.01031404156183,82.86374741939797,94.34230630385868,Slim,XL
50.9506298809811,20,161.17503224739346,61.42062641367812,68.86683481924584,Slim,XXS
67.23714885819176,67,175.22630496878554,78.844581617951,93.65204189128207,Regular,L
69.53500694610361,31,160.50411301193213,83.10580916050132,101.66753321612173,Regular,XL
64.22380413570423,38,161.56050906263383,97.95628243321497,124.82118584687122,Regular,XXXL
60.423247890553924,48,161.9611315743797,56.056082102122176,70.83294826094651,Regular,XXS
51.634594318361664,69,162.3287142000753,61.78082838630552,78.92055519652718,Regular,S
58.074664345423244,23,159.09046787929384,78.88141912766908,93.64388096183153,Slim,L
70.49994610763214,25,168.32242079598865,59.16266152982419,72.8849673686548,Regular,XXS
56.2678756008047,52,158.75483912565562,63.082306807515145,77.34840514028502,Slim,S
69.40772892384206,35,172.51673520966455,81.21068007757349,108.8789999841993,Curvy,L
58.55927428279597,50,162.1745852256271,78.7680210586945,98.26275938830948,Regular,L
53.22263255571038,18,164.1198546157898,65.97941790510285,78.44060893058769,Regular,S
61.80564416858832,23,167.28450512605332,81.0925255365966,87.53701196570704,Slim,L
63.58494776489653,53,170.11774294490775,81.00955912006101,102.29104011120735,Regular,L
64.27706003323445,32,166.1640049297472,73.71003054771919,88.69077260394685,Regular,M
48.55188028494922,64,158.4103661465764,64.50615461247581,80.3652380631525,Regular,S
54.95166794123063,24,159.26495542611949,74.36996612387536,86.54188504537959,Regular,M
77.26126623767159,60,176.01754123042605,64.87569691862669,89.60675997668467,Curvy,S
75.86689744634695,32,176.2529849029731,75.60861632710906,88.56433119804618,Slim,L
66.45167558082464,63,175.88321453525552,101.5191099631046,117.93051516788444,Slim,XXXL
63.65603365652522,42,161.2002670666056,85.2243447497841,109.61609080192507,Curvy,XL
75.60692943284626,36,169.4176085917525,101.49244958046606,119.90747674713899,Regular,XXXL
57.54581042991485,40,160.2990137791394,71.65595772872426,93.98573144619056,Regular,M
57.33788239472761,24,160.93642776801144,63.13875169131762,77.4008514191685,Regular,S
59.15289059428369,67,150.15385877482083,83.4486354102747,94.39173486796862,Slim,XL
77.2418766079321,20,172.29497730111876,72.86037692064582,81.8577922763584,Slim,L
72.77594622798333,43,165.38179876848642,101.18179527038674,120.17434352480974,Regular,XXXL
61.14204011226663,56,168.3707895891039,70.69076204874813,91.487222689498,Regular,M
76.83534321404255,34,173.8828866131362,87.42728146129457,107.68334605284427,Regular,XL
68.78034573562567,62,163.4413659392716,83.52057618044532,94.12045508977745,Slim,XL
64.41175507444741,56,178.44065273710734,92.2387962747345,120.78253752542147,Curvy,XXL
67.43383525781861,20,169.28186262045023,80.09104837482177,88.64480776392634,Slim,L
64.25229979263439,68,156.26552427685687,68.71311980816051,88.07310079684447,Regular,M
58.35311439243739,59,151.9012119254331,62.22962638189445,75.05888024370475,Regular,XXS
68.48460901705764,43,164.49546107095628,67.6299203470678,79.44856955820963,Regular,S
65.8234540741462,42,167.9943308493361,73.18457501875258,92.76049813845624,Curvy,M
59.27971176697995,56,165.4939084980477,102.05365641614365,125.89437960932662,Regular,XXXL
71.63782897527716,66,168.08754491826778,68.58383386474289,94.1608850537715,Curvy,M
76.7782337037019,20,171.07999351391615,84.60939106173227,104.74327522365974,Regular,XL
61.122973108425946,67,169.1095634100794,67.78518271427873,83.95963260465226,Regular,S
78.57360723006569,49,187.5456201907792,68.14982977193301,74.82063866974572,Slim,S
51.72488973225507,40,157.9505597862257,75.09160792672287,88.2884856762268,Slim,L
48.857164289768626,49,160.3534865392676,65.5445421943849,67.83555568864534,Slim,S
65.6183652129564,48,167.18249776226313,76.41444599112145,98.8455365936211,Curvy,L
47.34618927847687,22,151.59575019546958,66.62643328116201,93.72064782512251,Curvy,S
64.03072473690084,24,167.360711218628,82.48525614433332,95.71158623187839,Slim,XL
57.24292618609237,56,162.6624096120471,76.51263054003714,85.86987577175165,Slim,L
64.50580196185348,20,174.26302042551018,74.45379694880302,87.01151922576018,Slim,M
69.38811042625564,32,170.8285267031265,66.79335145749975,85.38389212845574,Regular,S
72.63306800007119,64,165.15672875535623,91.37220759151745,112.27103000143649,Regular,XXL
70.3474618286796,52,166.9568515823693,86.54467023798054,95.80908864789184,Slim,XL
59.9393935300238,56,159.37064579148887,84.11967656712675,112.41416705525403,Curvy,XL
61.927937168328484,36,164.07292833871392,69.68294530500987,84.72653752638483,Regular,M
71.60587528198243,61,164.96219368539636,68.81825263162125,88.99647224582112,Curvy,M
64.85198309822677,37,171.75584174393842,72.11104616699811,78.41170282235903,Slim,M
66.82896859112404,63,181.05592805690102,61.77366053427202,74.29133408997038,Regular,S
67.16837912322701,50,168.4758795199773,56.38587103988944,79.45703312799004,Curvy,XXS
66.90704863283877,31,166.09606938155196,85.14998468051371,111.05956480578791,Curvy,XL
70.42374683482248,43,170.63879192212403,84.60414333707664,114.40953277836535,Curvy,XL
66.18184143936091,52,183.61506412403196,68.38095968732958,94.1945878424569,Curvy,M
54.96468866431014,42,164.14444064240388,70.77690145091962,83.26883879461748,Regular,M
70.56397003011773,34,165.5770544434257,71.57733034802192,82.60013312026386,Slim,M
74.6472130500626,41,182.0351148821827,87.6839149210052,110.47392248388898,Regular,XL
63.20671508466196,43,159.16315515987122,92.5892706491474,116.09959880059448,Curvy,XXL
81.52135278417555,40,182.29432388351736,63.513042606362106,76.02403961384155,Regular,S
82.13921020020365,59,179.630368416578,92.11216549902272,107.94496430436344,Regular,XXL
58.33468405894275,49,166.39455095029692,69.6223779647969,82.50528692912228,Slim,M
54.72347341303544,31,158.9863283332122,56.03197537116007,69.85820645408745,Regular,XXS
55.008487035335314,63,166.51615003414764,64.40426880838211,72.10380612117564,Slim,S
53.96103292565577,37,155.76795490722287,87.50576517139407,111.40116329136362,Curvy,XL
54.90849727011343,62,159.31866943116887,81.03453601929053,94.53580994254614,Slim,XL
55.13562920042421,53,159.11423084225362,69.6154771719177,86.21319339941701,Regular,M
60.04918864840634,59,172.8118186205331,66.36963000187568,100.76984985296302,Curvy,M
71.3375735479306,63,165.3308889602248,84.25785280912224,101.65896637334039,Regular,XL
59.048940003729896,22,175.29717621613167,69.45145000897061,86.69674076525148,Regular,M
78.31138879527069,30,177.32377136615435,81.5368731534965,87.42663776892597,Slim,L
65.38883923644501,49,176.99305908985667,93.84360890871483,122.07046026827476,Curvy,XXL
87.86546144402881,27,183.7168979991323,66.40846417480846,72.06798367553324,Slim,S
65.52032908438638,42,171.51828410510754,76.60706040214848,87.26949575385844,Slim,L
54.88754106373334,22,160.25064398653387,67.73390835880934,91.75593031026264,Curvy,S
79.72857820825439,64,177.13437679691535,72.61349399215779,92.25169034310186,Regular,M
65.1755397013184,40,159.11529270143123,78.35590007708012,100.21471522948174,Regular,L
71.38788366864303,34,172.21355281173354,57.02497981119963,76.98267869128242,Curvy,XXS
50.03679016892729,64,158.964094857261,74.57283414027464,79.8515353410951,Slim,M
66.38650310006118,19,167.64047939117506,77.2319437475883,104.91511800730652,Curvy,L
62.769152067096734,50,158.05239358460418,63.12886241893534,81.28878532669428,Regular,S
78.41833351525645,47,172.67488665296472,84.85627834712267,102.33992612036015,Regular,XL
69.65739041024712,19,170.95227767225188,93.52983407900682,103.03455417878732,Slim,XXL
57.229973387168094,26,168.96817980301802,81.22972661477145,90.88553217735648,Slim,XL
81.82880426996613,63,180.54701404198136,79.3031330764041,109.55451275075453,Curvy,L
77.95273687389538,52,171.80387414171065,69.14355245452515,79.70485238554063,Regular,M
84.09030651963015,39,181.6338199559437,73.73617183239104,90.88151203392431,Regular,M
48.88472184256043,21,149.23666452345654,99.57243449866895,126.00068596776718,Regular,XXXL
47.66489006300268,61,150.49302166265232,64.30698310058816,80.57295822590115,Regular,S
78.88594109725413,58,172.3684619005106,75.49299004142813,97.9323939177727,Regular,L
70.30763332370724,24,173.17605319929046,73.00983519434526,79.75884562802229,Slim,M
65.20680410685651,18,172.4078372344281,85.45944611689465,117.46378302243664,Curvy,XL
66.86092958765086,16,162.55895988088173,70.0776858039671,87.6498905308083,Regular,M
60.75046124971708,20,162.37902593268825,77.57145199515809,94.81412627794907,Regular,L
75.57106924861819,59,171.3257065895836,68.46127868906906,75.29797537857698,Slim,M
49.3921271367861,60,159.15879013891168,65.05953181773984,78.77214860118119,Regular,S
48.109071200447126,36,158.68035471613638,59.6200032699589,68.43698138267067,Slim,XXS
70.86274134536446,24,171.88761336766376,73.40144348961523,90.75620139712476,Regular,M
75.28000902766478,66,178.71204798336942,75.35181338967824,94.63039578613545,Regular,L
52.53777734903902,65,155.74281574360447,65.8075038772723,77.83530565477358,Slim,M
68.46308644949637,51,187.17682879093894,79.4207408717002,101.17202222558852,Regular,L
79.38917835901387,29,180.8141019414563,80.4074213546759,110.07420876891524,Curvy,L
74.02514661505441,23,165.72396716278874,58.64934655778427,71.88594745559793,Regular,XXS
47.08845107589398,34,157.14172944230754,73.8152853736127,84.69919547743042,Slim,M
55.4685616244459,18,153.03303567712268,69.08696616937962,78.32877962890757,Slim,S
63.94828747338106,52,170.49593942952717,56.778359348771964,72.1616449001854,Regular,XXS
79.89655333954458,42,175.3568590530332,64.99837531731937,80.31726991577267,Regular,S
71.25803460232846,69,164.90641529363697,68.92115860152987,78.50934893868724,Slim,M
68.76892082685701,35,174.56438906720257,93.23423536135836,116.25765741032981,Regular,XXL
63.970747144453924,26,169.50313618299424,94.12232214743362,127.15182709895421,Curvy,XXL
59.13763181351573,46,171.59473847961598,84.63014902369939,96.45523625763582,Regular,XL
71.03770095529683,66,180.18111913338538,73.32820324121491,89.5570032075851,Regular,M
78.99442223902763,25,173.96952512604977,61.7508502261334,68.79210072909322,Slim,S
84.58744377700873,27,180.39897363327412,93.73100330476078,110.75819557192028,Regular,XXL
78.51661910035756,34,172.84298715429523,89.53977760621467,105.22888504393113,Regular,XL
67.44165007880147,36,158.59687549424723,81.13806241281188,88.4585544802182,Slim,L
75.6241123648699,21,177.5589093689315,96.49488233160416,110.02913143293992,Slim,XXL
57.32919214769026,45,158.1582622921715,73.26679795219674,88.99800454549592,Regular,M
83.86222327993515,52,183.79156721137883,64.81248423085296,88.09942741760126,Curvy,S
69.0450954242402,52,167.04960794022267,90.55845609050114,115.18560982394722,Regular,XXL
61.414257943464804,49,176.62253152310055,78.70530113734807,90.93809269018685,Slim,L
56.789593492525086,31,164.29975367899442,70.1006436652718,89.44547931931407,Regular,M
70.8718789180956,62,163.18475445322278,73.1586034295765,104.23525181704302,Curvy,M
66.61638391071999,40,174.38103916431263,71.54275794035564,88.96873193709199,Regular,M
62.134798183303936,40,173.8132920169528,63.57139354937716,68.17524671856518,Slim,S
84.12841613841367,44,177.3724720837618,81.94107020161448,97.0783296329063,Regular,XL
64.36588933629534,66,169.7526665229058,60.25840588329227,69.90854902894677,Slim,XXS
56.571440344188716,57,165.1033812595287,70.5788568996193,84.1172397165856,Slim,M
55.7803531073359,68,169.5795358098709,77.07403378167757,90.14640568097909,Regular,L
69.33835583108518,37,165.05513867951439,74.2862778764388,102.30986777597924,Curvy,M
49.445241849172135,19,158.16431372221658,79.87803992093298,97.71787584327956,Regular,L
49.23815247934373,36,154.30122528052968,73.8500887239272,99.33193725873001,Curvy,M
70.33616722920783,65,169.95981521316028,76.04231736775623,105.18617527169823,Curvy,L
67.35044139528574,55,167.83487029283032,63.900103221793614,77.49550216123345,Regular,S
70.86468356341743,51,162.94030874059632,70.28717542329977,82.64144259354394,Slim,M
67.45766680336855,59,170.55396090410017,69.65195227306063,83.37622038954991,Regular,S
71.47298424259364,41,162.7862930168575,66.75243410175895,76.51874904471492,Slim,S
55.34316905206733,54,164.90090500200196,86.89810989003036,94.53155870135696,Slim,XL
61.6367001652757,30,170.39495168824143,63.97704593715203,77.92302604397776,Slim,S
60.68984379522894,65,172.69723013466214,86.74322824047101,109.22887771223323,Regular,XL
74.43341586293175,26,168.596609216289,68.62783354957928,79.16715848122737,Regular,M
67.51801246280534,50,180.06695759927558,84.32544299172442,97.76523884688447,Slim,XL
70.60414305870091,43,171.52794150510522,78.81734075731782,99.54571835246117,Regular,L
62.49340718738614,33,171.47221995064484,89.20380489685884,110.70751480250304,Regular,XXL
76.74799891450277,58,175.52299941162903,76.71293466337964,103.7136312025446,Curvy,L
51.79281496504575,30,158.18327396900372,76.66321434801044,102.2065214319925,Curvy,L
56.769340837574376,65,165.03526948852453,65.2577210295011,83.28133607795492,Regular,S
59.22995822602599,38,172.00066966869753,77.41570734788037,86.31957899796859,Slim,L
71.30203177473228,42,163.17986717510564,99.70240051771862,128.1350310138646,Regular,XXXL
68.91181745817026,56,171.2916226016081,85.30213930557163,109.33151236794079,Regular,XL
68.60397169373378,25,164.18254497856086,74.02944929703257,94.88174436326749,Regular,L
81.49092397659537,46,176.80775249986345,77.04544623708972,93.9611272478818,Regular,L
70.93809956120155,33,177.70223456163637,65.04097008722329,75.54735591188451,Slim,S
68.61393283693023,29,181.57597972235766,62.14244015107742,88.68756662337202,Curvy,XXS
67.89300084419993,67,161.95385438010533,59.03021395757651,84.65226518646105,Curvy,XXS
71.502002021653,55,170.14245009179078,75.69871891498012,82.81385318813912,Slim,L
63.52951435844702,66,175.3325217821959,89.84035852686948,107.18472737720089,Regular,XXL
70.53082830264998,17,180.36945890096132,79.45586548829058,96.57122018146723,Regular,L
66.69718656715736,69,174.77302742557447,72.07485979384765,80.88663041927566,Slim,M
47.94727786691274,23,155.2306990316259,55.93260212853881,78.08178193730096,Curvy,XXS
52.36818038549701,69,165.09124532058897,78.6343092919123,93.04954035720729,Regular,L
68.15436916808876,20,168.99649698482358,56.82477370431228,75.3384362165908,Curvy,XXS
67.30306685343109,65,172.87422284771807,85.87680168884978,97.96361599617227,Slim,XL
61.17324542369266,55,159.74119399546197,85.07708440242197,93.91345278869164,Slim,XL
51.78805134640679,62,157.5590881064158,91.21880405178078,119.07317456204164,Regular,XXL
72.52622953991474,57,165.2982112152506,70.73873441441118,80.06727903591188,Regular,S
60.501523624044374,25,162.83082538491078,83.53102601021851,107.74173519272257,Curvy,XL
65.68808977051052,38,170.4366516969583,70.40231320446085,97.17348856020384,Curvy,M
58.772588161852646,49,155.9505891763789,82.92239676277758,102.85543217672253,Regular,XL
60.34458920063296,25,164.1221409744562,81.5021834942264,97.70672777824458,Regular,L
70.32987259835029,68,174.0828684260686,106.27967326693268,146.54428979234083,Curvy,XXXL
55.59521517029799,49,161.00015155721272,72.7113360409778,88.80309228322392,Regular,M
75.49189421995032,57,171.01066625737505,75.76698264901786,86.54537270485619,Slim,L
56.02423694591116,38,167.922695379242,80.03157227157217,89.28675614674844,Slim,L
62.35728476178688,56,171.52085552894596,69.53193464791075,97.12654542435264,Curvy,M
56.02127836456139,42,155.55493716935743,88.70061561130434,105.30789848042791,Slim,XXL
71.29280934414659,53,166.96603827807786,70.02441174890625,82.07863196135594,Regular,M
62.402507848276045,51,164.5543954135495,56.905802491552414,63.09477133280862,Slim,XXS
67.61102205224635,21,169.5493645750473,93.23788019322977,124.27435304162482,Curvy,XXL
70.21544938737117,35,166.2908780253901,86.85480756425699,105.44757784536333,Regular,XL
71.00568368994682,57,178.45571370905714,67.3366747073813,75.29947595591796,Slim,M
62.65417526602044,37,163.7413536985553,73.34671563741645,92.15748953818628,Regular,M
61.89835968531919,18,155.9309401798708,85.3329486569068,95.54965216815356,Slim,XL
76.6947183590245,64,174.15540511333074,96.66097543321239,129.07269545186642,Curvy,XXXL
53.48677174204142,26,159.2916067602288,74.31857781920161,86.09623239121366,Slim,M
48.85564492886522,36,157.0588934056812,95.84184211362512,129.69306231679016,Curvy,XXL
49.974122253497356,65,159.1581264267803,69.87025337235175,85.64348090209123,Regular,M
77.11119130886864,30,183.0425368547534,77.95868917893233,104.47660755417093,Curvy,L
70.53893075706223,29,163.94803614036272,64.94824743552354,74.47031094714643,Slim,S
69.07999936773514,61,173.984326442159,60.7729092805445,79.28422338914848,Curvy,XXS
72.06634140466139,58,172.18299215883758,68.34808692098154,93.98075273744453,Curvy,M
62.306920552181445,31,167.3362167547871,78.24014495404107,88.58722243769891,Slim,L
64.96536144558084,32,158.27708177574783,88.18516960710306,112.54740897536082,Curvy,XL
71.54378973255218,36,168.0585022331389,67.74391093346532,83.63163814990956,Regular,M
50.59211686753531,26,162.76294363113402,81.96194267790015,93.89177153561694,Regular,L
56.32126433087603,35,157.4163604617562,68.69755196290677,82.27219147156222,Regular,S
68.5926015807436,16,169.1708179736766,70.31286680980837,85.66346076334408,Regular,M
63.54077793549584,28,181.55713408185608,93.75795884296572,119.24307140219577,Curvy,XXL
48.33883722770075,54,155.32586651354768,73.34426832071495,81.4600410562179,Slim,M
59.230013605056584,62,165.7634585649258,64.96885721059331,78.74759401627897,Slim,S
60.60572875487386,29,160.1182917008341,81.17893465942609,97.01048055225228,Regular,XL
72.5273194503868,61,176.1240021380532,78.75056915901058,100.61973229841962,Regular,L
73.38382409691849,32,173.0921957057361,75.21240593613413,96.85582325096516,Curvy,L
65.86934276210113,54,168.06955696320634,74.00522365856494,96.48060736278356,Curvy,M
51.872393121107756,68,157.05514825656093,68.52327178288478,85.69679830213106,Regular,M
81.8478955633288,44,175.26888351115187,61.86769984023341,69.64836528523952,Slim,XXS
76.53195081738308,64,175.07950784955008,68.04118437913353,80.58245102614822,Regular,S
58.6337720589504,19,171.87599086538162,73.2865545289731,79.29942197372075,Slim,M
51.73668621168592,60,156.4741327602691,76.68978935920256,87.17254348844843,Slim,L
59.761168987332255,46,174.47224952122951,89.8544271861286,121.08952157080596,Curvy,XXL
73.51599136336237,18,166.78175108445834,70.24368140599974,82.23867078764165,Slim,M
69.68213236534389,20,170.9727084005503,71.75809554091805,86.95325578945145,Slim,M
74.67430831863742,55,168.0100964108066,78.83575624238085,102.79504955794695,Curvy,L
50.624487510982085,57,157.73311581864178,107.94420669489499,152.04759508169948,Curvy,XXXL
71.66991702177354,41,172.75278349843944,68.08953738218551,75.96136987667118,Slim,S
63.33765687865809,33,153.68893723567248,103.13350695395246,131.7344714790295,Curvy,XXXL
64.16342832719245,18,166.67409372168413,86.66376261070978,96.11014264484476,Slim,XL
65.0070004951427,27,168.30056120263126,63.43329092990893,78.6799113881588,Regular,S
57.97320811126004,39,170.5792948432762,90.22922815970547,102.29106258693584,Slim,XXL
71.85195908492294,18,176.75539892513854,65.23775777833637,69.90612015564945,Slim,S
77.5424521278127,60,176.5262215692149,69.7879193861501,77.02103904505844,Slim,M
68.41745608636514,28,170.3388921726269,73.44876866591719,82.72955837739325,Slim,M
59.233998407613,16,172.3418373697887,55.21390904108873,61.60700031248197,Slim,XXS
72.24065055006454,35,170.98193176108109,80.71128029876675,98.25018053408814,Regular,L
70.21328117880861,44,167.62013468305238,89.91796853729215,106.4559435598972,Regular,XXL
84.03479021211511,38,178.9361350579492,73.03181700647494,91.68344003133171,Regular,M
43.94116153668494,67,151.93440151387193,63.47456535263698,76.56335687324828,Regular,S
65.08644076803698,35,169.54063601711496,73.30188014916983,94.40769247792376,Regular,M
52.46674907354581,21,158.01868850376633,89.09804754369812,104.16383193696471,Slim,XL
58.359118430633586,47,170.36446980419035,70.90261681366809,81.91855438599768,Slim,M
61.0727989352957,33,169.4848493028608,75.03193197996298,98.71696582639434,Curvy,L
76.42600637412178,18,183.7255383724343,92.10434183962114,114.20163375224958,Regular,XXL
68.89618390785593,38,171.77513198936109,79.69566619546359,98.95250545541084,Regular,L
67.43294159984744,67,175.50140828191743,92.68066334039806,115.01610058081023,Regular,XXL
63.66140432754217,36,174.26272023849324,63.654211566860674,72.43879496881185,Slim,S
63.275441888975585,21,182.48380692616107,70.26587250358169,84.19235644950052,Slim,M
54.830781469582426,40,157.3130268436353,58.05076007084957,79.08816889217985,Curvy,XXS
72.6425543218662,43,169.02887228929507,85.74153455362733,103.82530896021441,Regular,XL
64.23433761337064,55,161.95863327074932,83.56039124938333,114.25818561640851,Curvy,XL
56.2740774956848,66,168.88937448563465,75.97385116860374,103.79602964947586,Curvy,L
63.20292210358883,62,170.08143260498485,66.83866256779024,90.43602078982468,Curvy,S
64.14760265604512,60,168.64456374000264,63.55930967030735,78.24884551892674,Regular,S
69.69272693922156,43,174.62863069802637,64.04873366109716,77.43027341962807,Regular,S
72.80888148539628,46,168.7384023548892,66.87105580345182,96.1242141443424,Curvy,S
59.1660578268985,48,167.9590659585429,69.09142114031602,87.76158726167841,Regular,M
79.44265561046048,53,176.50753831349806,82.03151987275784,96.73896724366978,Regular,L
61.35865891444337,17,172.27884066111983,84.0684914165825,104.81535159778275,Regular,XL
58.052034983402805,67,166.9694718135953,89.33994826780528,101.49076952877448,Slim,XXL
60.05098893994412,62,164.888574944484,66.04108433962435,71.44739403391918,Slim,S
64.96861733940104,63,164.55734846159777,108.19424370210257,121.25571623970961,Slim,XXXL
62.126735297158454,56,167.82716082085267,92.49789822731006,128.16178411770727,Curvy,XXL
62.74977858283468,46,160.03529997660183,66.2966829911707,79.82550695640187,Regular,S
78.17013367468475,65,173.09033624451627,73.15457912094134,90.4439284644128,Regular,M
70.42757223778801,53,177.79810863250108,88.85183420865778,112.95652290920647,Regular,XXL
61.56701521375259,62,171.5849780143218,64.11945591396821,80.81292912115364,Regular,S
66.27403534923121,67,170.86784083128927,79.68611032215435,105.05163573282958,Curvy,L
56.36119969823885,59,166.2197369386585,59.63621487867473,73.40402056380208,Regular,XXS
61.930647049087646,51,161.61914363079663,89.10263138473002,101.30917770286106,Slim,XXL
56.153003737756364,28,164.41528688858497,88.95327663739056,114.12527667169394,Regular,XXL
51.83341126875536,28,160.4355525205939,64.72152030680404,80.47990070651302,Regular,S
76.92799799362474,69,178.12850033535386,97.05635514065747,134.19985923009253,Curvy,XXXL
58.11461957979255,36,165.99442249634734,101.55950559753069,121.67455232384309,Regular,XXXL
49.96241052909269,32,156.8602511353702,70.29540761445884,82.87363909345224,Regular,M
58.430543494657854,42,160.67033780075712,77.34660661791683,88.45533202948117,Slim,L
59.551099585796315,64,163.1474661900859,66.83789088319459,81.50805362430985,Regular,S
60.6150400021962,63,158.71313278402855,75.88412496785347,81.91557028602607,Slim,L
58.01828447643314,22,170.1838829371405,70.79740752014116,85.2339615847623,Regular,M
73.53586846767006,30,165.52269781957324,65.60830284015721,71.19106962323531,Slim,S
63.10300510376655,20,181.5558302702215,77.8825820504196,87.51332252828671,Slim,L
76.89724709526357,60,183.56139539262225,71.25739309685329,89.38562886820549,Curvy,M
58.32768486540928,51,163.40990977298344,69.72930352746468,84.87930051416829,Regular,M
65.85770743264112,63,167.64296622360146,66.47886731293973,80.55078175887606,Slim,S
76.67419884266756,25,172.239020851122,58.29891357637346,61.549027627916026,Slim,XXS
54.07060980115317,58,165.86744790902924,87.86636381944484,102.16147596722433,Regular,XL
63.46575269359903,21,176.10982319424366,77.33066404724244,89.91331834172848,Regular,L
51.9583753107811,60,155.03556575560003,64.65475682151572,69.24441297331188,Slim,S
71.2165505757459,33,174.7450320651847,76.1875391296099,93.8517321727727,Regular,L
58.0693009396043,21,166.45384093297332,72.99404118803554,86.0423368021342,Slim,M
76.74955993676285,69,173.46550661167498,72.23497133273102,82.42080005687721,Slim,M
57.15992097109072,52,157.66224964481887,65.07799709309445,71.06012684754238,Slim,S
63.376955428305074,22,156.5963273232722,66.59728680582462,84.67867586342068,Regular,S
69.10846860563738,19,164.2316514589374,60.58456815045999,74.85984614329874,Regular,XXS
59.72897728861847,58,173.14507139741184,59.65314880099232,77.33861843177588,Regular,S
67.36123627800875,56,180.73218839347257,57.11335169683813,78.44119984952677,Curvy,XXS
68.12672922639639,55,179.91941082880223,72.24825777438652,84.53485167277204,Regular,M
73.25502183655664,64,166.6852323528284,64.25982721551766,76.91822584661826,Regular,S
61.321529233759264,35,166.0274563537136,75.02626063806343,92.09564876630826,Curvy,M
72.59017737427276,19,165.12023260732204,100.08001595295916,125.78833657063777,Regular,XXXL
70.74368884279085,23,166.25144801334662,69.56991864000346,85.20908670223662,Slim,M
62.55058542466241,51,157.46527131922247,82.39680616847625,95.78046488798806,Regular,L
76.9003260138822,45,169.11437859300557,88.31423515583417,104.38660489010505,Slim,XXL
56.20254861286342,58,157.70091878279143,93.16591513314451,104.22035034913226,Slim,XXL
63.31780164259763,53,165.60038295880403,65.9461705895908,80.81250181945909,Regular,S
72.577496701877,69,170.4187095132312,74.54684607259473,94.23558654886536,Regular,M
66.22076291999677,42,168.02136071765221,57.43906221471903,77.78912594881515,Curvy,XXS
57.60266923657256,37,170.70125070441543,54.66204471173474,71.95055889183715,Regular,XXS
52.04205010177967,50,156.32564625491625,93.94207397887085,100.42969037820883,Slim,XXL
67.97385191756102,55,178.7623312988975,66.4981992334851,78.09156845094088,Regular,S
66.23887656056952,40,161.74811831051693,73.66518499431729,87.62952784558016,Regular,M
67.88770914602063,35,164.48961415672676,64.88093862154378,72.92169745559873,Slim,S
65.799538729403,34,163.7218567186016,65.88523419197003,81.27135252354985,Regular,S
73.48386253214713,49,170.39107021663727,72.08358747682767,78.83680090967802,Slim,M
54.289497596952295,63,167.88303725808836,78.77338457676711,86.43431859785814,Slim,L
61.324613295066264,69,174.7688924535778,73.24470781242233,81.63232680230658,Slim,M
55.42417177018724,19,157.0156893411226,88.90377944188697,106.59369832496395,Regular,XXL
73.98213872511474,31,174.06013238370247,69.24890868635748,82.63883678211153,Slim,M
60.6651108671051,24,175.8765655331074,84.09967487414092,102.98945508994241,Regular,XL
60.33933837409504,21,169.8443907057939,63.96200352441222,88.59888296727051,Curvy,S
70.16480063090643,26,171.9143043166367,88.99777832639764,107.5411568043715,Regular,XXL
84.1789606821326,26,183.30094846782555,76.72364478045172,93.22859053441894,Regular,L
69.14083771793271,27,167.0398933069719,65.7155843052818,69.32699421843574,Slim,S
69.4966344254678,55,168.9684748997893,75.26413002205162,94.93013335615238,Regular,L
70.07773965961971,53,163.32440913994708,87.1463112654077,125.12978428088928,Curvy,XL
76.97190189781887,18,169.338283619636,64.58803100514088,72.81818281867763,Slim,S
66.53487431431739,41,173.51939604770251,100.74257741669705,113.96338266459829,Slim,XXXL
73.5267944417745,21,170.81416805724322,64.77441521941103,75.00204103892449,Slim,S
66.95240695582245,28,162.39967219645854,80.09106491829283,105.84811404541662,Curvy,L
61.0336109734768,64,159.14748963258907,89.51450514692897,99.68870049892868,Slim,XXL
74.72189988084203,50,174.57906667048704,66.96328587929702,76.8257409755732,Slim,S
69.9065439418722,60,161.56387291766814,84.8508528947832,100.35411193913778,Slim,XL
61.11218876582087,27,156.97496056035703,78.09523038897237,95.39323665262837,Regular,L
63.219520044277516,57,173.24765380643854,70.1752114302833,83.58389338242976,Regular,M
77.0137339848628,44,171.44422295568697,76.22084760076686,93.02309240990905,Regular,M
58.48619664584002,68,171.47632743708257,70.71758960396254,86.96454766856183,Regular,M
50.8309575177002,22,160.59822154724137,63.556998481685575,82.33456331779713,Regular,S
59.85405320507599,47,170.12603762706004,86.22490818208935,97.11074640654456,Slim,XL
73.97176234688814,63,178.32776599402013,94.02743190076488,114.03469015143608,Regular,XXL
59.65200898555744,66,167.32350823786868,80.8285745341518,109.61923230895016,Curvy,L
77.8944726135556,32,172.9653473231306,77.47537650323191,91.46790253963276,Regular,M
62.71659466960785,30,161.8120789501718,63.845943130709294,69.5451364710926,Slim,S
63.677108977158504,34,174.80014499275643,60.55630174463105,75.21772625904347,Regular,XXS
68.24253240580458,40,163.99287083511584,71.41751112198344,82.55784316850729,Slim,M
66.22041993873549,35,162.2697614915657,80.98275099195581,90.31118055238602,Slim,L
60.38701985422947,33,167.50694763839846,78.5415486233952,101.52423178310715,Curvy,L
75.91322052441129,48,170.53835094472234,62.140611212760184,89.30078658233532,Curvy,S
76.3073327696772,55,172.23759988764058,82.18961693835189,96.71363047251926,Slim,L
63.28066210329314,56,166.26120290773682,62.880479922827384,68.9533426489709,Slim,S
84.79629231803096,27,182.31697049489753,74.36680371019511,103.06039077395401,Curvy,L
71.15112809176782,40,173.07561725725594,65.16814976560575,65.77091969227027,Slim,S
79.67571927411738,16,174.40881815704654,78.5971191040421,92.41602083582069,Slim,L
77.23187858898365,54,172.184947897218,66.93573488371837,76.00991988745734,Slim,S
52.4625929081374,68,156.57191462329502,77.94223051489726,98.23850293979446,Regular,L
69.65084146170753,56,185.85518084207314,63.396314365506036,87.49492969301377,Curvy,S
88.58197087712672,68,184.57609026607292,77.6184500933053,106.01519618101494,Curvy,L
46.494397183972296,17,153.55322489245088,74.38471701846159,91.27218405846,Regular,M
81.11186452889594,34,174.3281861128347,63.96457865459821,80.37266624074736,Regular,S
54.847382830954125,39,168.0775333657166,89.26294406165451,101.55692788655507,Slim,XL
60.73869280116275,33,170.42290693428004,82.05666750993761,88.0264278514298,Slim,L
60.53699618819069,59,164.72264746941528,64.90517242887503,78.21328874605622,Regular,S
64.33340638581849,63,161.51119231461686,74.55971903217039,86.74363481303939,Slim,L
61.75649069250646,52,174.31224965064175,69.10213353363773,88.40743705753842,Curvy,S
64.63798091136599,63,178.34351970007867,78.12863797795136,90.4039240463786,Regular,L
70.06373129308928,68,166.0612826779273,85.8716051281928,113.48979853556544,Curvy,XL
75.78501984423235,22,168.7356422930372,70.01882971091922,98.24818151231995,Curvy,M
62.09786266809611,66,161.72646472173966,73.86560347582463,92.38875690939444,Regular,M
73.84413883267061,42,180.4443704572489,85.85572443300038,115.82056066782539,Curvy,XL
52.10137734074584,44,164.08997548981785,70.79419060637625,79.67838211862677,Slim,M
65.6644578876714,17,166.6555306868688,67.8836913178171,89.07572271554272,Curvy,S
70.30384073140233,20,178.6941360772398,100.49050977004039,125.97477305358927,Regular,XXXL
71.37214729958674,21,171.31388406908457,57.97486652515419,73.09847772441825,Regular,XXS
84.66992831749937,36,184.43445692802425,71.24576414474618,88.49818350594494,Regular,M
63.55013482556607,26,159.50275101978596,80.43397375851941,99.72681630743854,Regular,L
68.29802605732922,61,166.39094095909545,86.23036890981099,114.8899059309496,Curvy,XL
70.54782731020396,45,173.35513455781984,76.99338202975851,93.16940556043625,Regular,L
65.88128748112987,48,161.07587146205694,66.36974589476395,72.9544782672045,Slim,S
74.19815122105031,62,169.69379684579408,107.73009771906999,129.15025014509425,Regular,XXXL
70.47154162604987,18,163.3174414173456,71.483565604705,91.74802803470932,Curvy,M
66.24973632916773,39,164.33711613454932,62.410937718005265,73.74652242142015,Regular,XXS
64.41619429018834,50,163.4929393005898,71.24861296178713,82.09908393365102,Regular,M
44.9441820051894,56,153.40668668086894,77.09491016777528,100.27676402514899,Curvy,L
63.00180829350565,19,174.41623948216767,76.78856296215731,97.76324687390155,Curvy,L
71.308388551431,23,177.15818449715428,74.46042597862282,97.5871837277723,Regular,L
65.91687291128603,35,170.83824855945215,100.53569636131398,117.9305343725022,Slim,XXXL
61.401341608011336,28,179.65988421788205,89.70088799522011,116.29244144735311,Curvy,XXL
57.33880457084939,40,155.48646854591746,77.12445281425103,84.28977061127762,Slim,L
87.30793325839733,39,185.44862863059296,76.13588527694831,85.81036320991531,Slim,L
65.7275648651009,61,173.77691098241837,57.99437421017611,76.34328959683003,Regular,XXS
59.624601363107026,33,171.68196332224704,75.29223652164295,100.1140349687624,Curvy,M
69.74180708552893,46,164.76697599346898,73.49388560683249,86.07315602982635,Slim,M
70.85770445536907,56,170.42369533530155,78.38907438104141,98.2415204357579,Regular,L
49.21234956503046,49,159.0599764775309,81.62823351060374,114.27332951650973,Curvy,XL
60.75541302867459,41,168.43237395431734,76.68304192810074,96.30810578172961,Regular,L
64.15505230374725,59,155.02311355593682,73.35201772293249,88.42594645810762,Regular,M
51.387612793840674,52,156.81462798998498,84.50369158108644,95.61391528408379,Slim,XL
50.002356600684685,25,158.49765703322333,81.40393455135005,96.83134702332691,Regular,XL
60.75122821551357,53,168.65190558895486,70.79494413720433,91.38780406620658,Curvy,M
78.99222871950386,53,178.90594606593166,72.26139230057852,78.44418642930736,Slim,M
66.70784895638528,49,180.7073183236459,81.76292261679333,98.0360754370968,Regular,XL
79.64648608449758,62,175.97393201317772,78.53703450049369,115.95042177858974,Curvy,L
65.41826680020247,23,174.35864651033825,85.43480018174492,99.66547913987532,Slim,XL
82.30287557538557,57,177.4556327804123,90.0369266158819,106.7478283511429,Regular,XXL
54.82225393215273,43,162.16589590462715,78.43178598024694,101.90321196371632,Regular,L
88.2445443587842,34,183.9516612396513,61.280117309673834,77.53951898882757,Regular,XXS
61.39100780160938,48,170.51592537891895,79.96744021662757,99.52903145956178,Curvy,L
72.97406909640101,17,181.95065811347203,79.74202163952222,92.45182487534477,Slim,L
73.18462024976833,24,167.76423234625778,65.25552692846165,76.13075997112767,Slim,S
59.42441345216154,32,160.5818126528359,62.479476099515,76.57192602860091,Slim,S
65.46436221207884,17,167.9536568861182,73.62933596851089,88.4063695074918,Regular,M
68.60207119379116,69,169.97165301559093,66.76265301123205,82.56119496994081,Regular,S
72.2225660685106,67,175.64773220965398,62.29718202824976,78.7481670364533,Regular,S
57.4262801336254,17,165.68665403815226,102.64396709780856,130.84871487725985,Regular,XXXL
76.03292261052121,50,169.80718416598964,72.32067601164142,86.86395771159908,Regular,M
67.71674273738509,57,163.52574017240622,88.4503844800251,103.32558005625744,Slim,XL
58.130723818592315,61,164.41938256888358,88.02042261026604,105.9557087802443,Regular,XL
61.713063555906245,38,165.97892561604576,76.18662604646644,91.46147723161134,Regular,L
72.83164896845246,41,164.51168926064136,66.81421835560882,79.97159158694426,Slim,S
69.83815487620149,32,160.92329211186018,71.7185772449502,100.05751325123563,Curvy,M
68.08905517692027,40,163.63158895922376,80.8631157265465,100.15273968089596,Regular,L
66.45907132024057,41,174.83525424116613,67.39549378041829,84.33164810883993,Regular,M
60.89331790900816,51,165.0681589885816,70.97101763638514,78.63672871062106,Slim,M
62.882565456490426,35,167.73364793494798,58.38933808825066,69.89336522021496,Regular,XXS
53.469775221275796,30,166.18748579457653,85.32421014420866,99.6147044803796,Slim,XL
64.19446544028105,63,157.4774511708368,71.08014238850704,90.5206479455218,Regular,M
63.81185990247261,68,171.18570302741188,63.39819169629014,76.62404525165411,Regular,S
54.80724922162902,54,162.91554162106357,69.76275900084785,93.55905306759041,Curvy,S
70.99543285844193,44,172.08988585808913,75.05715454766253,83.84618571723337,Slim,L
66.84717136910713,65,180.63773973958578,60.140116062435744,73.20002151356553,Curvy,XXS
50.82294524234712,19,161.03245159468207,74.43488628886466,92.76187288780389,Regular,M
60.65737929759501,42,153.79393368154996,79.0350315787148,105.83464894759926,Curvy,L
68.65041516059445,50,171.21105112624304,65.70049451825437,87.9227874548449,Curvy,S
51.54351809400807,17,151.60449206681142,93.46342132473124,112.0014907075372,Regular,XXL
54.97921951781576,20,166.19782953505762,71.5419895771031,88.37678157196682,Regular,M
62.50992350363939,19,173.3803973965435,62.323640303952914,87.49010529264557,Curvy,S
67.11241437731296,65,186.04413586349216,91.89356999597213,109.59823551835119,Regular,XXL
62.523483333258,17,163.71205814905971,77.7723499312192,98.39008292149792,Regular,L
69.85715829294362,25,162.88603093239692,65.29779230030273,84.74396352835768,Curvy,S
66.33283257058689,16,167.52260140093153,85.42505276905224,103.01449821017853,Regular,XL
62.53802767698504,35,162.6034675419876,90.69219764523204,110.72446803819145,Regular,XXL
92.66179959765581,63,187.56239172096966,54.57000763114861,68.86549077418036,Regular,XXS
62.98831487557613,26,170.12091204305128,72.88855965036777,92.00891385875346,Regular,M
72.03131411452941,37,173.3811608963762,87.88820091096308,105.48809804407136,Regular,XL
44.425831663429065,37,149.2656204490473,67.40019999006387,80.77783083721708,Slim,M
70.4517165982849,30,170.2387304392568,81.76539775669451,101.64898897797752,Regular,XL
86.86754916863535,60,182.5991132153859,67.54288921666544,87.36553068655702,Regular,M
55.789856490533246,17,152.15542425951674,74.08186390002322,93.03584053509597,Regular,L
57.23179694205565,49,165.0263019026748,67.57146671279351,86.3219419505451,Regular,M
76.59856592036247,64,172.7913280357673,78.98080705841453,89.43384722521758,Slim,L
66.74264580147766,28,169.8561107152613,61.99979089463186,74.654236841079,Curvy,XXS
53.95843836326016,18,167.7936919401059,73.35131116420918,84.38605730981706,Regular,M
60.9211170863136,45,175.82847783031406,89.15744710237607,114.83724562381057,Regular,XXL
75.1934526135079,28,175.97550176641437,74.9239861964997,91.0813332366206,Regular,L
48.4085178817842,67,150.85051016857167,58.776790310049186,72.77217515855692,Regular,XXS
57.73510199595133,40,169.20753083362195,88.10806355036834,114.04965897157274,Regular,XL
64.18803790270842,25,175.6842525824995,79.23318499863834,113.89089131511116,Curvy,L
57.7444921309981,65,163.2070208583557,65.31679056020926,71.13220466100057,Slim,S
55.588667477100806,40,158.0833316107752,85.59080473236344,107.91895438636925,Regular,XL
52.8475858800324,59,166.6617065827911,86.6811356485805,105.3607667842557,Regular,XL
59.55039065029073,57,172.98698545315705,72.59080877347307,92.99602682812068,Regular,M
87.3161997791353,37,183.94385695875593,82.02680399601333,90.39830145135535,Slim,XL
65.1635982807977,28,167.41962707781192,90.93734694897901,122.11569416187238,Curvy,XXL
63.76233474038412,64,162.9584428465845,62.91368611881664,78.17255440098957,Regular,S
69.69312876157943,49,180.14209274129294,95.0130820708331,115.59718518295695,Regular,XXXL
65.37695083783468,34,171.9647176815982,88.78625461994491,116.25450095601711,Curvy,XXL
48.203758472210495,65,158.92597837475154,83.20355862503503,114.80647099168631,Curvy,XL
55.27814324344095,35,167.90393410690527,77.5081391806865,106.6673344979189,Curvy,L
78.70911170239329,50,178.67899538177016,84.71844003836674,111.24462748906821,Curvy,XL
73.21006371945677,33,165.046200934516,101.05525900017945,132.02073842964836,Curvy,XXXL
53.36421626947135,34,164.54244877203755,62.98832925690184,73.20178629048245,Slim,S
69.65025248571322,38,162.65510080293575,85.89379182687544,122.54488896086806,Curvy,XL
83.37477512383944,67,176.2103726821529,76.2071343781419,99.3176891369558,Regular,L
65.09045903935751,42,170.787970019428,88.47420457465851,108.35189045123333,Regular,XXL
72.91215731906118,57,170.04322319956478,94.54230252112967,110.24207265303087,Slim,XXL
75.46441622222042,30,171.4945977375391,70.73973202015105,98.68252333272268,Curvy,M
58.222939999910054,61,163.0239838461767,72.67407195953962,91.55045928931365,Regular,M
55.605722713854675,28,166.59217334834582,76.32777130761657,105.88496104224605,Curvy,L
71.64998948057844,17,176.0232810777407,90.12996601189867,92.84302353387878,Slim,XXL
84.24937889572287,35,178.88488963881827,85.31839278253454,102.63409222241133,Regular,XL
80.18497820051743,67,175.57034597463675,105.46974729430704,151.1503159683673,Curvy,XXXL
55.49150806150318,42,167.45877778720975,59.73111016406956,72.37285122164174,Regular,XXS
71.40204933686273,66,182.8771799488289,58.245066214979985,72.09492716751639,Regular,XXS
73.78761468136624,25,180.49496096524848,70.46014011637732,93.24792814036927,Curvy,M
66.78486979916092,55,171.33144400324392,66.68017137827935,77.1297011502806,Slim,S
64.79791428021085,16,174.3898440972893,72.06092040897416,78.14593742409389,Slim,M
72.28898947760763,38,167.73312400488038,58.40889228219243,62.867222808686925,Slim,XXS
70.01264064464722,41,170.0573035533613,85.56226275449463,97.26721446112813,Slim,XL
62.81793575687423,63,167.88821054216163,59.94590521630564,70.86013800554181,Regular,XXS
61.730443392987304,23,161.17121476592143,56.67309543065231,79.94281405131271,Curvy,XXS
59.99457234852115,58,176.7511567809647,77.56213774464165,99.55901770879683,Regular,L
52.27436198147675,24,159.17276171217392,69.95137125428579,82.50991857890854,Slim,M
60.045726656257415,46,166.85153993054794,76.7520601854965,96.19271081068459,Regular,L
71.80342794185482,45,175.9084458600945,71.7204689779809,89.84113962848787,Regular,M
70.14947047947902,65,165.11770715352534,104.06837451071513,137.75847712088805,Curvy,XXXL
70.39561185537387,61,163.09838391604285,77.21846361980933,87.7158142995924,Slim,L
81.15511371608558,54,175.23936119727307,72.53405729249737,92.58089570742241,Regular,M
67.86505659595726,51,172.4268136867377,73.75583165464431,100.40244161882296,Curvy,M
61.450416759153285,51,168.97490546855414,102.77309238591273,131.1743012864285,Regular,XXXL
71.62869276307275,62,174.1474999791728,75.25587776349718,87.90808050663017,Regular,L
62.48127918111818,34,169.73655664518424,58.17751738523858,69.3442416891051,Regular,XXS
65.31808341701684,23,163.6231525698857,57.42488553030246,79.80862487488916,Curvy,XXS
55.801043452159725,65,156.0531424889458,63.69245222660582,84.84990315389744,Curvy,S
57.95681286303922,34,163.31090988989556,74.7779149854126,92.12014367172193,Regular,L
61.36364670745587,20,159.25977470550853,104.16086557286891,129.44861493165953,Regular,XXXL
63.38801738496806,44,163.86226601032718,69.0924807638859,91.17847631337119,Curvy,M
54.67204405288486,26,160.0227745630392,71.8915797389329,93.29694364717069,Curvy,M
72.11732909466465,61,164.77933543112394,59.0558399929219,79.46109859985503,Curvy,XXS
58.263142102709146,25,172.8870502644159,65.16463677154425,80.14145022766817,Regular,S
64.94840331394427,55,184.3198705773482,93.19999997752704,99.84955480477521,Slim,XXL
70.04547264308943,59,176.14585466562778,67.9507278510876,81.79766661777614,Slim,M
60.14964216939448,28,173.69461894878134,81.92412532879668,99.72231954808589,Regular,XL
61.34372072912083,28,161.36695853175698,79.22439094542415,98.95034498872143,Regular,L
62.3267497240732,44,170.8629164507435,74.12827128792979,98.15162802099532,Curvy,M
70.28237661077144,36,164.52885745467233,93.91184285338593,124.84041026789735,Curvy,XXL
51.514606817863836,57,164.01601955285065,79.62563405313334,96.37107215389885,Regular,L
54.125914462081205,41,161.96225730446315,83.79416861595088,123.19236607931875,Curvy,XL
69.57550441172023,18,169.3877253253492,82.1423240656584,103.06390287287574,Regular,XL
62.200624829525374,43,167.09352877107358,76.71355074682737,96.90775573989214,Regular,L
77.17975879771723,40,174.24258872242277,90.16060174747916,107.40328015258909,Regular,XXL
64.57805380376463,22,173.57341259811918,76.78154178988845,96.126045199412,Regular,L
71.63815397621508,68,172.59965346266603,55.719463883854836,68.52983656081095,Regular,XXS
53.588691472549,65,158.4622012083512,74.12209027811441,87.40857850059406,Slim,M
54.48290992103608,60,163.6173371734803,79.31774091929428,99.65342146430824,Regular,L
56.79639739049814,55,168.59116440082883,89.37385556506734,107.08173819621116,Regular,XL
60.379605563460196,20,161.76727313009772,85.17839875810982,109.17782172203985,Regular,XL
64.82791082531575,42,169.94206188715017,76.20684553288085,95.34639493125077,Regular,L
65.00114190416828,32,173.40171892260986,62.700142936687,90.58947828178803,Curvy,S
64.58837191573495,61,164.78065433838384,78.93365527306999,106.42018103835433,Curvy,L
71.47295042444209,45,174.62669974225432,78.3606079728661,98.9765369723442,Regular,L
61.35333411526829,30,159.56678882726843,79.12251679414666,91.56266705938367,Slim,L
63.85861504129231,25,161.51748674242185,83.30247203262273,104.51879624013316,Regular,XL
64.31982929251274,42,172.6189463857109,72.50948186049195,87.98814857495513,Regular,M
65.45128360307146,35,183.741244978788,70.83489306733755,85.19935327345574,Regular,M
63.69126201718189,50,165.19204686720448,77.26844943318329,92.35733221519932,Regular,L
72.50037456007621,66,167.522767917564,63.04785210987072,68.18960461006023,Slim,S
55.22310168228911,58,168.6725184895668,96.10848715584663,135.11495930257803,Curvy,XXXL
57.12254605247177,34,168.2354935259391,105.99421473535658,131.9569960717486,Regular,XXXL
60.77856132358241,52,162.40756299610135,84.08332499488377,101.85947755722296,Slim,XL
68.73046063216779,53,175.15143425144578,79.39084789093937,96.61645065659378,Regular,L
52.207034207053006,34,160.04069059230613,70.23003415967071,83.55173338804521,Slim,M
49.98991900431149,30,159.56472761803266,70.60235813969034,89.66943516671712,Regular,M
73.69641978449172,31,172.07254711943202,104.6365173904214,121.15013723597653,Slim,XXXL
60.90447259100906,31,169.23169813012507,69.4428846332053,87.98802463239313,Curvy,S
68.61185885325001,33,162.54124459285552,62.11552068330844,81.06202970608454,Curvy,XXS
63.03789162145869,48,176.74646832744517,71.87274282438348,80.93698319035721,Slim,M
71.41420583024357,37,168.76026665544026,60.104649391522834,74.65929936996075,Regular,XXS
79.21875255056399,28,178.57966913286623,57.057657509018526,72.52550315321776,Regular,XXS
74.88224709129133,35,171.5144002939114,84.78178262239103,111.07854810049372,Curvy,XL
74.38812599353507,49,167.72831502479,72.71444953758285,79.42467219173537,Slim,M
55.10659987179519,50,160.61861778725225,86.32504731460367,108.68166858740223,Regular,XL
70.40832773463373,56,167.32748298184563,72.24104240227012,89.35813045027676,Regular,M
55.27669900477541,39,169.6840964675511,74.50071408909332,93.60725492115498,Regular,M
55.829956096003265,22,151.3443676835875,78.90652603913483,92.92223749626238,Slim,L
83.58677320534862,59,175.98883276119426,66.40546286732024,73.59556565016587,Slim,S
67.67026223592515,30,161.40236872692364,65.64975239151477,79.91906120726686,Regular,S
57.69449994702041,39,154.76614320114973,70.59878131185398,79.65759961853357,Slim,M
53.719235475541325,63,151.6243907476848,79.91156075937067,92.60415017424043,Slim,L
60.64086212322049,65,158.08362302049366,58.31151136285855,77.43291051152194,Curvy,XXS
65.79493421389307,24,174.93776557033192,66.535122145464,79.3613096103949,Regular,S
55.233209026544934,54,162.79558232188813,69.5977471190846,88.81371412565171,Regular,M
65.41340048628186,48,167.25483384480373,77.23973225950081,87.12863204099924,Slim,L
58.8569053916316,49,166.87444237294255,78.78658377565405,97.96514395013587,Regular,L
44.47043640203389,29,151.31732047515715,78.39396147905947,92.96909152767263,Regular,L
70.09545856562009,38,165.32996429766962,79.08479059803798,88.7385156518075,Slim,L
62.372717380678694,33,173.10928512068327,79.37730540268272,110.70457628763874,Curvy,L
63.26393581567351,17,172.21213333668976,99.5136859720114,117.95750051536969,Slim,XXXL
65.3935192752853,23,175.11316735053234,71.82578278465988,88.724595139576,Regular,M
53.867181361367415,36,166.80927304984925,105.2689466468667,138.40176870091156,Curvy,XXXL
66.38256046312961,32,161.73895132771344,86.06940360515318,105.88028193421131,Regular,XL
64.19345998890556,44,160.9826018382307,66.41539163375975,70.84260219867771,Slim,S
58.15344083148307,54,162.17420268594321,64.59083749933941,80.32243960898444,Regular,S
51.35016269210585,56,158.16904656110458,66.06171843471064,81.80615894541243,Regular,S
65.87293144832887,55,170.37856498947588,68.82652196237234,86.39099150961675,Regular,M
75.13325590113713,43,171.7967930199027,56.84594837223426,64.04981547531291,Slim,XXS
59.657545258350645,65,171.44245641575375,67.54318390237646,79.39677905675728,Slim,M
64.27222268580572,18,163.81353946700756,72.82102874946652,86.30216517467278,Slim,M
75.5251652048227,57,170.68021606287968,85.53217992970518,94.04850792245757,Slim,XL
83.78581902743103,65,186.0609651004033,71.38047381199061,88.84847805410824,Regular,M
61.62283789391834,36,163.7390231602846,70.0322004564451,82.08625627044222,Regular,M
69.6228742405203,20,161.5098181423925,78.89232079637938,100.05822554538531,Regular,L
62.211486404796446,26,168.68895477335244,76.72210754424215,109.04920449436443,Curvy,L
65.05859134913578,60,179.75451354925298,80.92257138626171,102.22135128420022,Regular,XL
72.39919282583027,47,179.49322380849077,86.03077868729015,107.24373016755332,Regular,XL
82.59238784246878,47,177.25229490554094,70.45517301470464,84.7498496146645,Regular,M
65.78810469229963,51,172.09020593264609,94.99948478077646,104.10595772624069,Slim,XXL
62.649117351275855,68,156.2494783469648,77.79956033347507,95.83644614136183,Regular,L
57.73889780961949,66,155.00569489062252,79.25229417183412,93.05573244175858,Regular,L
63.97651161240039,48,170.99302921948376,71.80110382903995,89.42899377158594,Regular,M
67.18483373435878,62,167.72429540725628,58.31151364340853,63.69376675081174,Slim,XXS
73.47701606170993,17,168.51659482100516,69.31770193763957,84.28243244233543,Regular,M
63.62566317772862,16,168.19715937755282,60.61784341546142,74.94064199430068,Regular,S
69.10359325752499,51,165.00724559249227,73.641282807219,83.78340022810667,Slim,M
63.122152389780865,52,179.14392246811175,71.41560250982518,99.29671053699973,Curvy,M
58.046527821776095,30,159.07401191696817,91.19324489560698,109.52283202522749,Regular,XXL
64.50194534876148,47,169.01703218722105,64.25465826347958,75.70459994905738,Regular,S
75.22749113690557,67,172.7122428428319,75.93517764755543,89.23553813792795,Regular,L
70.24798170657643,48,162.5616597364339,56.048592942359704,75.67279323167436,Curvy,XXS
58.15899637517533,56,174.4879716876007,64.08144811148176,87.22137959254862,Curvy,S
61.22676559427377,18,178.44362061054173,79.80504618084895,106.30045074530203,Curvy,L
76.60247788408111,63,170.06523639264555,65.56842560069404,81.31820378131961,Regular,S
76.82147868394362,27,172.49882330978264,88.00765059550719,101.33601731163029,Slim,XL
69.48249558320832,50,169.12071636340926,81.13576706054596,87.59462861625359,Slim,L
53.855571875796954,50,159.80392931565092,71.86913444262306,80.44623069272468,Slim,M
69.29877939204505,54,168.19107557488368,81.30372692384518,98.28106372795244,Regular,L
72.7290712231289,26,170.685489057258,68.12671078858989,93.77069150284886,Curvy,M
53.29805252521673,67,166.6739543629214,80.46581237691042,108.03365688691794,Curvy,L
62.10318636924663,54,162.72711885474033,64.71521369173955,75.2993538352089,Slim,S
81.78846111455373,52,176.7470764142149,87.16773142727959,98.01191583435482,Slim,XL
64.73899961792712,48,170.1539345999894,92.31591772990593,113.81579795044703,Regular,XXL
65.42924221049932,26,161.85519629064197,107.08456919330047,135.22869847447132,Regular,XXXL
68.50264389606923,61,160.9742273512926,86.47137025080438,96.7415746350366,Slim,XL
56.812462935834176,29,160.97730703676788,74.87713832883371,80.59098830634494,Slim,M
58.61359362536687,52,160.77674381585138,78.87428584442506,88.57666301094035,Slim,L
52.370480198202664,19,151.12994580430407,78.69204221152809,100.8738379432607,Regular,L
58.81754248901758,65,167.42438427887743,64.74789712661001,78.86260594663513,Slim,S
52.851219111491496,26,159.35861721862273,91.56361828441916,128.2598724681792,Curvy,XXL
66.20485326632169,63,161.56081238557542,86.17451686656429,107.91192996770425,Curvy,XL
67.72981347448602,47,165.1570259077584,67.57037024443252,78.80132911216904,Slim,M
67.01732561422489,24,159.57901475459457,76.96447190585877,89.49149608918579,Slim,L
80.5551975068657,42,174.02938938646815,66.25713932039712,79.24575370722931,Regular,S
59.028098155460206,59,176.2354519524629,90.69864075032619,118.58949019640514,Regular,XXL
58.58547986480481,35,157.0965343636075,76.19241053512872,84.44734974892731,Slim,L
66.70565145272215,18,172.60664293992778,64.66001910714334,76.9355873986729,Regular,S
72.88287620081063,34,175.13743574886206,102.78061251004486,122.40613810887862,Slim,XXXL
65.08381403679944,25,184.78113856992152,76.35543350521147,87.37718747900111,Slim,L
67.56708645226418,54,183.7933585090405,69.74651526227339,86.16700770464574,Regular,M
52.57515919105309,62,160.15208500624314,76.34485007143607,93.19164223111672,Regular,L
45.68590571094228,43,152.32227566636126,72.35740483114367,80.40784687763994,Slim,M
80.55009499277605,54,176.52993824949743,70.91364506621527,77.35285603492801,Slim,M
56.61640114582959,22,157.28639848788742,78.06933882445851,99.81590140928252,Regular,L
72.2972257705007,63,165.85749005821012,73.68093496073658,104.2575458641047,Curvy,M
52.577519566394166,42,165.5858217830953,76.0619248953889,88.87408479275231,Slim,L
63.31765363181879,29,165.83699703359716,62.57530792302186,81.53855715935984,Regular,XXS
64.67867730143672,48,163.437367558892,74.14696468671843,83.64673946087164,Slim,M
57.65960658036156,31,167.17838296076079,72.82871360733719,85.43618735540917,Slim,M
69.97993420454671,29,166.9291613690039,82.574175096247,108.35468053874853,Regular,XL
57.95205019430384,62,170.87600005706125,69.1213277123249,83.10913485758263,Regular,M
66.59227498171607,35,163.68219966406073,94.7953825289378,121.43280316491467,Regular,XXXL
60.06651744615533,55,157.4873510580058,61.56395442692315,73.96312727249173,Slim,S
74.36296444530916,40,179.91861876138418,69.45487670148758,101.09048450046127,Curvy,M
60.35047160608506,22,174.0775202235043,80.48388452547269,92.47910111574934,Slim,L
57.78945019019281,49,158.86975514660006,62.028120915129925,76.51296220889128,Regular,XXS
58.31287325333094,24,170.50468491152077,64.07159370904955,79.92670926869343,Regular,S
56.34286371064981,33,167.47341016228276,93.1045176307064,120.34323539793465,Regular,XXL
77.29224343982135,29,184.2527590114452,83.68309904254727,102.94933072684337,Regular,XL
74.86485183192801,28,170.35867441682157,83.92838619909816,98.36506448802061,Regular,XL
55.15644908381595,19,159.59126266514505,73.08260467296853,80.16583762476928,Slim,M
61.21400493967798,16,178.9389684656601,88.16770954043807,98.78662396697891,Slim,XL
71.72488704534103,56,168.98876663430894,97.45445295923894,121.70458511562431,Regular,XXXL
58.89528771007729,29,167.29363853812328,70.49996129496004,85.21423751805587,Regular,M
57.23596796713876,35,173.23872201915324,70.30878742514513,90.47691982913724,Regular,M
49.38473131642498,43,153.02757409840112,80.85423444938947,114.54305945634749,Curvy,XL
77.28291761596108,38,173.619305015999,70.57081395327467,94.28185344131263,Curvy,M
65.06569188550075,28,182.61416000081752,102.41844778984428,126.46886013640557,Regular,XXXL
78.95591714183989,44,176.5742778808997,72.85533601101302,84.971092569417,Slim,M
63.53251252381212,64,162.65080900785202,65.8186252835265,73.04104736206706,Slim,S
51.511879583326085,64,161.5558432291666,104.30243370350132,136.98179734475798,Regular,XXXL
64.59784133957912,37,171.40870566868762,100.55427800239836,125.96733993180648,Regular,XXXL
72.62150343200474,18,167.6830923464561,82.8604267045883,99.00007833910512,Regular,XL
70.92864655618172,47,179.86224868145135,73.17438410943913,90.98256640521635,Regular,M
77.03668847594722,58,170.87419937108007,99.69593159395691,108.72664047660645,Slim,XXXL
78.92627261210775,53,172.08134989730547,95.42268108404744,131.1083288954871,Curvy,XXXL
57.39005970412069,57,172.04655783430792,98.31307669659958,124.6804290183198,Regular,XXXL
77.40663491676163,59,170.22048676396716,86.66738477192965,120.73905757348057,Curvy,XL
52.72262661059648,37,156.71885032699052,57.38131019192046,73.14022850387937,Regular,XXS
65.88566743146671,69,165.051355290079,78.5579131397377,103.7526091732185,Curvy,L
53.06675871702334,61,161.40388345757617,54.59575212665243,74.71543303660408,Curvy,XXS
57.01337762226426,38,166.7893156531637,69.69430827320126,77.80759703239251,Slim,M
76.69280641684564,57,168.63983401525542,90.31389476829723,120.93718597971638,Curvy,XXL
70.23616853480154,44,162.63064152113213,82.79910386358101,100.4334687881306,Regular,XL
79.98238142689762,49,173.16715171523757,59.068263235926025,81.43445828063464,Curvy,XXS
53.6225144502232,49,165.19440201571317,65.4760419177549,78.1990633477,Regular,S
67.31115855706396,18,174.9489955205078,92.49445712671637,103.34113717605243,Slim,XXL
68.10218020949307,65,160.66000606069784,53.16351499418627,78.59798268167211,Curvy,XXS
72.83542592432816,50,169.1519751837326,56.99968637742443,75.20948816698915,Curvy,XXS
53.99113361296665,22,162.29363646763522,86.52855305624148,95.53663183743365,Slim,XL
66.07588184157312,22,160.23225183325297,80.58304941643779,110.09442730700269,Curvy,L
57.850501128062014,52,153.89913428544602,82.43042065285391,90.94056346596288,Slim,XL
72.50000764051089,17,175.49737818310027,74.25404354753005,83.21476171326643,Slim,M
49.67036608933768,50,155.27383203490027,72.62456711213025,87.45193362569083,Regular,M
59.377866181290194,53,165.89381643779615,82.4841424803504,93.13982866953484,Slim,XL
70.1120875791255,32,180.49609901567405,91.51133835401104,117.57305421286314,Regular,XXL
86.88100474198205,60,184.64731091553062,75.20386447488453,89.72013226455653,Regular,M
70.6012850054451,42,177.20656037935314,90.73416939524344,110.45685111472139,Regular,XXL
77.92434442844484,27,169.9938137471518,59.71896014054274,77.40646403539311,Regular,XXS
75.81442601410706,55,176.14804840937236,81.91157986043115,94.49536681778669,Slim,XL
80.43645261329623,68,173.55920285384488,80.32550234284135,88.70283092671394,Slim,L
56.07657842178386,48,162.92294459469974,84.88744104199358,114.98118837730786,Curvy,XL
58.345601944271586,43,162.75126415259427,74.84362850683311,94.41975864867942,Regular,L
54.08808161997196,31,163.72684680201706,91.48556595110209,120.84481487033773,Curvy,XXL
72.48114214001652,49,166.65237112849775,86.62341816875126,112.82385654641561,Curvy,XL
75.82320141016412,69,173.59312946189522,63.15384234692179,86.94055084817309,Curvy,XXS
74.60203243336692,29,177.6600060323088,72.43286544893897,101.22959999218232,Curvy,M
56.7897751835812,21,168.70849555078934,72.03472102266377,91.13625890401974,Regular,M
54.18828755125755,56,168.28650130575346,75.15108568276466,93.48569315243388,Regular,L
54.851961715531665,61,159.36510010874352,69.21156047517624,83.94648091226671,Regular,S
86.98509319037635,36,186.1010624677723,61.44930272393423,75.09132314599216,Regular,XXS
73.19690750828096,60,166.7545333357877,57.40450425263901,64.2825309274402,Slim,XXS
69.79600441078861,59,163.77093870163594,81.1334606171524,111.80340870928204,Curvy,L
69.61805478700363,67,162.96599474446296,90.67741058069713,112.26602619446982,Regular,XXL
84.11880926433959,67,180.99827475633808,55.67632274773013,73.70354274680214,Curvy,XXS
67.95657312294941,40,163.20943284029008,102.66099475768085,132.3548594572287,Regular,XXXL
61.717003974226564,40,166.17598626019642,74.69296780715722,82.34416915828314,Slim,M
63.52923927396507,47,161.5754548567228,86.47790517830327,112.38079042721859,Regular,XL
56.3155231489722,26,167.46193328511276,103.09607130605814,124.00389780233172,Regular,XXXL
53.512784760142004,40,157.40577834051746,72.34889662222601,76.19178155431159,Slim,M
64.6126494546106,42,168.1509533991214,65.65337149887618,89.80029806132339,Curvy,S
66.15459285194537,23,163.85990981003457,72.5358103305056,78.40903196802846,Slim,M
46.66615699099693,38,153.9336152952254,90.8311742981257,112.24257088787824,Regular,XXL
53.39881302405597,67,161.91056731390816,75.18683264049656,86.42413228245128,Slim,L
84.61878063136768,28,181.1737497784928,70.05276760674941,86.61891883007475,Regular,M
57.22904833968229,19,165.09387670283428,83.33400859493122,91.33286063479295,Slim,XL
58.774814892197526,30,158.74451976411703,77.32522171657882,93.86924990315578,Regular,L
55.82621958426063,28,157.9966350532049,69.57845171938507,75.47258427390726,Slim,M
63.64606538441671,18,171.56913037417158,82.2136518618214,90.98386826792272,Slim,XL
49.692080304218024,20,156.8077318120832,89.30648394451762,124.96574335361503,Curvy,XXL
71.35845577825673,61,175.697783482239,69.36288886170703,81.16120488600617,Regular,M
59.35793491736534,43,160.43794257351232,75.84555040315692,100.45225551155053,Curvy,L
57.07909885990108,24,165.89587115495758,88.27722085063787,124.73514259739902,Curvy,XXL
52.86331619700155,55,150.0401113458815,69.31560353451867,94.41108642816648,Curvy,M
80.74415048221537,20,173.08142366028397,92.6843976530768,125.6050740409709,Curvy,XXL
61.25675385747447,69,177.6035190044058,64.78867223720894,68.79116425193605,Slim,S
57.289993536353414,64,164.5326022044145,59.85933293380623,76.0854973247388,Curvy,XXS
56.170661347292246,47,164.16467669020588,73.78368998308385,95.2322094324459,Regular,M
60.831673855663695,29,162.51474206414102,70.36950496362613,82.63129051960031,Regular,M
68.52161125494942,21,163.7024029895746,69.42819766437105,86.88915550663715,Regular,M
59.795898696525725,35,169.80219725528104,71.5259314688932,85.82318557521509,Regular,M
68.94770565522276,24,173.01792976872764,62.89971784383649,66.80168967240708,Slim,S
62.7074299096676,47,154.79423093154102,85.74638271459133,114.06847184713968,Curvy,XL
67.85871958830629,51,175.93290928432702,105.94772253504175,129.12794985954253,Regular,XXXL
51.93119687649687,59,163.28016105429782,88.94345078345135,114.87298166150664,Regular,XXL
52.463728901018804,38,165.1831880076577,71.32592245852128,90.12983998130622,Regular,M
71.02085292314622,24,168.3332073612857,74.4483233097975,100.7973490085771,Curvy,L
79.01622706471439,43,173.75000994485464,77.13911807958505,92.32698252762039,Regular,L
70.5011680111886,21,166.98116727792535,67.86041290153865,80.24739400419533,Regular,S
48.707217938269174,57,158.0315697986366,67.71895820849254,82.18225954716964,Slim,M
70.32449958625917,38,176.592109162768,67.32104379275424,78.0585018431744,Slim,M
54.861359348788326,31,164.04083644341662,77.98789790905867,93.75424319805755,Regular,L
76.47733779166724,27,171.64320672155597,87.49172056062613,92.28455792798242,Slim,XL
75.4193683320489,29,168.57758685873026,82.5996354795827,113.48723676752111,Curvy,XL
77.19550977838135,24,177.62541794601276,63.402404402345766,85.39101811310782,Curvy,S
63.10120904409548,37,174.32426264142222,80.75298048769456,112.02188415745987,Curvy,XL
81.62899385403493,50,180.10746733385108,77.57794102569753,89.85796398824455,Slim,L
52.86008865180846,16,160.3049362655569,107.97527325932258,142.52579005778213,Curvy,XXXL
53.98647744734343,22,148.81932234388555,72.80490300155442,91.05433180353904,Regular,M
52.18210935669738,44,164.74883445034948,83.15471096349759,110.50774284019882,Curvy,XL
73.64832638485929,64,178.70732061211234,76.12401600123641,99.58569168950163,Curvy,L
53.73661171217884,28,157.71758944340024,81.67588143071261,106.63924761330385,Curvy,L
69.14740016404771,52,160.12197516033123,67.31826985326379,88.8484449173903,Curvy,S
50.23454587077038,35,159.38908826730267,78.85263380517496,100.2768171177159,Curvy,L
60.22860123420047,66,176.64696622454426,87.67325812302778,108.66466572598425,Regular,XXL
71.72371742221618,59,183.74375557439416,69.42203030523042,89.32533574902654,Regular,M
65.50551352223596,57,157.9714944624778,58.87596048145183,74.72599910386776,Regular,XXS
62.34931914464664,61,154.1395092583623,101.07908601985396,132.79190290741445,Curvy,XXXL
65.74033237564232,34,182.64805584381705,86.44812591077763,106.408574773518,Regular,XL
58.43086558758607,55,167.94430923331151,83.56131477731456,98.82961622324245,Regular,XL
70.24615359406748,28,167.31728233171242,92.91388784925405,119.42023819198309,Regular,XXXL
74.95188646096524,51,172.2088896805216,84.07622083042247,109.42909295611842,Regular,XL
56.51691908739213,62,168.5302005286605,106.91165033990899,140.03055028597205,Curvy,XXXL
63.53195069959309,34,159.18472124020417,93.40784401211963,108.3695316228637,Slim,XXL
56.988586761587264,24,171.232062294013,99.30956685897664,120.11682264705185,Regular,XXXL
75.44644605005121,19,177.40348605277268,66.65008709115408,73.66531430922181,Slim,S
70.89649429452288,58,163.93484383610857,71.2361532071422,88.37503001093424,Regular,M
50.815743938965035,36,154.43133734770532,90.54027556445703,112.1965794069921,Regular,XXL
71.33294590451034,38,166.29725469500198,71.63007987300672,89.11608679472783,Regular,M
60.53967044082577,30,157.2663572745924,71.66870888388006,84.10106956287002,Regular,M
67.23967044429673,59,185.55588544283898,59.91327962903786,71.52128033977986,Regular,XXS
62.42679665840968,58,161.93739280697648,77.13579576493625,88.11577376056505,Slim,L
65.87955418752455,19,163.16540672162574,93.8838689017859,111.47534118716025,Regular,XXL
54.91939932624001,43,162.08455724202548,71.25789417385793,93.84163420158097,Curvy,M
55.86305317816557,51,166.08920871242327,63.63454585943918,85.76730355949154,Curvy,S
75.12483136488257,40,176.80979794825214,70.77588458131402,92.04504855111205,Curvy,M
67.03321196656454,20,163.1179747188645,65.58114569713119,83.9510134453473,Curvy,S
54.668394690175724,59,153.10909992284024,73.64777330228098,88.51832265750231,Regular,M
62.87661204736838,60,165.20143914611253,61.20961065880379,66.57995361870027,Slim,S
74.46619667533555,47,181.22364742111566,77.97762925126469,94.32209313076123,Regular,L
70.8339802223581,40,162.118590971929,70.36782753862168,86.59816938434155,Regular,M
67.33808251878197,61,162.2792322249293,70.9100788491202,93.98104342737652,Curvy,M
57.328217539899725,45,171.81640476772355,73.65185225682507,94.87138968881385,Curvy,M
65.73349729932059,35,157.6356058554694,80.3996534968941,91.5216716637886,Slim,XL
73.38781111279947,43,169.19197057574698,80.37506004677543,111.3540963782236,Curvy,L
82.19795145376348,58,183.26373541309448,94.45569813430265,123.4035995937833,Curvy,XXL
69.86679729745529,40,169.81608425968574,79.4191456890096,97.90081044745311,Regular,L
73.86213283399131,50,166.16388210351468,77.33526376702011,82.86489454280066,Slim,L
66.68854235402871,68,167.91179088540747,80.43122211860863,94.60424084741017,Slim,L
76.30363530774312,65,168.32602668854906,65.59734951339964,81.7126324107513,Regular,S
60.58742256342932,31,170.33591615234303,66.83467330878838,77.69159969151855,Slim,S
70.59567058943901,58,180.88309598884507,79.47110299131963,113.27808244014875,Curvy,L
57.23196484621173,29,160.01575246422942,74.70374254568092,99.77919855942781,Curvy,L
60.201627272758444,31,167.57474522227164,69.75162823855197,80.05426378668251,Slim,M
53.72514951717452,18,153.43673685172104,81.53821372121348,88.45717598218252,Slim,L
49.27849329417344,29,157.64700942462204,90.61291313622628,111.51666652014036,Regular,XXL
57.26008347034971,64,170.3458616526652,75.86677576711021,95.06098617207195,Regular,L
59.99912237857799,16,176.7347534546209,65.1552863157627,90.939241646504,Curvy,S
59.17780328468838,24,169.00797927381907,68.64727107663812,91.02249879478532,Curvy,M
57.30513321387163,36,170.4926901563839,77.12133011491012,97.56022401789158,Regular,L
75.78135132647411,61,178.925118600582,63.72292215573331,77.3144301444436,Regular,S
77.65203079352995,35,173.41499186175687,76.26802600799964,94.87557906172762,Regular,L
69.9502879545301,51,175.43708002796674,74.75088933344142,89.57843472628353,Regular,M
80.7944365692787,32,176.0347692845748,76.69070387513922,92.93637504509519,Regular,L
64.51377764405166,46,181.08827890484898,55.42677804944641,72.34648064988919,Curvy,XXS
64.2583611994235,41,175.4833969025836,70.23671940837284,86.314020810106,Regular,M
74.69321721894406,42,175.3783711092079,65.41922300052353,71.21438946829468,Slim,S
80.3980355467792,56,186.2498247312104,63.20585541972936,79.31860979236649,Regular,S
71.5744426061397,19,170.24532706760928,78.8453936111558,96.97628004020048,Regular,L
74.08745339808578,44,170.66759644695236,81.6267511551192,98.08676677344172,Regular,XL
54.77558478166556,63,152.76645085049404,88.84273953379753,122.33549130810363,Curvy,XXL
53.48934844385134,35,162.9433889450969,62.88078939317201,76.17996669940199,Regular,XXS
89.97587324913954,50,184.86329677895685,92.70507466561718,108.17943877580494,Regular,XXL
60.85356511809268,51,173.66102828242242,86.15713362016051,110.76663966488252,Regular,XL
61.83870633149125,38,152.904148817763,72.13402977639382,75.95010005815794,Slim,M
49.492371661860204,27,160.43424820426998,76.69877086634574,91.08100405049669,Slim,L
52.30159508655393,34,165.52308120454683,85.01655075312229,110.31103179161144,Regular,XL
59.98187961997249,45,169.97235282978335,102.73248918936086,138.22858448676067,Curvy,XXXL
76.97135824257195,38,168.92690017031975,63.18341067146474,74.43059920263391,Slim,S
71.5500451165932,29,176.2006984685893,56.21683250585382,62.43079158211635,Slim,XXS
80.535672852249,59,180.84867254115196,74.59299875619773,102.02877832776133,Curvy,L
53.118835052612305,30,165.71983312620173,77.01673250167403,97.0871453452218,Regular,L
77.3458989914354,39,171.8900405950806,63.88746773235432,80.1675239524967,Regular,S
72.40070722751447,36,182.2873204045924,77.85152283433037,108.52249805938882,Curvy,L
54.45781528445195,49,161.0255907166539,84.3441000873147,105.76851409721215,Regular,XL
59.023834553249834,66,169.11323658027246,59.54568889657162,77.86882060345386,Curvy,XXS
70.89879578165149,19,164.84797997521318,86.77659047229629,102.12900807614484,Regular,XL
61.69377815579907,29,171.21486270908554,94.06820511187809,115.52185465201033,Regular,XXL
60.36044703581346,39,171.17141137427438,76.71611728503761,92.63704728048754,Regular,L
55.43193293297152,19,168.4435599616465,83.6139040881114,102.32847184585582,Regular,XL
56.618151318522656,27,150.8230873347614,75.08070925113903,86.39505687301313,Slim,M
49.01622191732833,22,152.2330534163788,70.18112398686344,97.75919744781534,Curvy,M
55.53823283964468,33,169.80354900331403,74.94186571024377,88.20499418175376,Regular,L
62.16320062487139,22,155.47769791755886,64.64115411131401,80.7400801414434,Regular,S
58.16911029985946,45,161.62506791197845,98.5320921900312,117.81981273253531,Slim,XXXL
54.45393762864438,24,152.0303040196094,87.53248565045035,102.47046951100681,Slim,XL
53.61394302452352,61,165.95347436598072,78.1792169690281,89.46157044164109,Slim,L
83.00654554402584,51,178.32537436460316,62.364635862363805,86.51083879776436,Curvy,S
83.14621448911889,62,176.5851145265383,71.4142685993546,87.67089190614023,Regular,M
62.567506457927145,60,166.6873314430245,70.03658037776509,85.89833331293512,Regular,M
76.30782880726954,51,171.8823397372116,75.37218711341204,104.507334359104,Curvy,M
80.82940477768311,30,174.51295313627188,77.46724036305412,106.22598359750731,Curvy,L
58.31880227532759,57,173.46818024456763,88.95817902858013,120.50497532575787,Curvy,XL
51.58588866399308,19,155.65121027061738,69.10033159529804,76.13451443237706,Slim,S
71.80968825917957,46,176.78158296287492,74.9940105707746,95.73841868218597,Curvy,L
56.756202364356625,53,167.8218281332073,69.96523492220544,98.55635088788817,Curvy,M
54.479798268141785,48,166.68470519994065,79.03694663462504,101.24746373771295,Regular,L
53.02518242189917,63,161.26882928534062,76.39368445743895,89.96376985721653,Regular,M
54.14347769930075,60,160.42864378422505,88.7536465862223,103.48150469724628,Slim,XXL
66.84800927221909,16,160.36752526383768,63.724166304421814,70.7799060954205,Slim,S
71.85518089003669,19,169.81718750041026,62.10309663114613,82.41722738507964,Curvy,S
89.6165420685568,53,183.0871302434291,83.42561701957224,103.83141891589925,Regular,XL
71.96513250926151,27,176.7037829396728,76.03180048977397,99.12132222956718,Regular,L
84.93221901160354,21,182.3645632222332,93.9788624100185,127.91001751851795,Curvy,XXL
61.98938522561136,25,175.8549766722893,86.3786539944289,116.15958505125883,Curvy,XL
78.42515093433019,37,175.26211198375404,66.2267124164013,75.26650585790166,Slim,S
71.25858536883004,23,172.55952329885892,75.73964251692357,88.83423270094521,Slim,L
64.92384427387448,48,166.1048067681006,79.0174306409634,102.42171455255502,Regular,L
67.15168424993148,41,161.7558491734946,97.41275403362631,134.76773035780485,Curvy,XXXL
53.56254420108315,19,164.88252457731676,70.65994706290748,95.34777847390072,Curvy,M
57.36751211037189,29,160.19245005003856,71.7754844300354,87.65667896849247,Regular,M
71.75817159634039,45,165.52591822382752,88.7654089667773,111.89466704349233,Regular,XXL
59.511470630526304,56,161.66666955655708,68.00395378691292,85.54915896163405,Regular,S
73.27557156199587,67,176.12700750705775,63.82866579679956,74.0372665795533,Regular,S
53.25794256191219,19,156.27606756165576,65.49583294992686,91.02015833803041,Curvy,S
56.59026753046644,59,171.519321689993,84.56230071583408,96.2357163465735,Slim,XL
71.74485638466732,37,163.14362958619023,92.64460628766663,126.1462116620428,Curvy,XXL
60.01425091612706,58,170.25865331832654,94.69464883580937,132.6375318587341,Curvy,XXL
64.04676852411534,26,174.8558827826719,87.86274883830193,108.70946362360061,Regular,XL
67.52332357468653,52,183.803660217263,71.83974682547738,87.72122120658307,Regular,M
76.31932952889031,20,170.27585970397206,57.18433888974545,67.65200298917286,Regular,XXS
68.92027994384974,69,174.70375073581948,68.39250765099555,83.06477795913693,Regular,M
58.53317424741205,45,173.29310801375718,70.80064883762455,83.72591677983397,Slim,M
66.35712198206855,52,166.74400767505577,59.706710567580636,76.31131898985998,Regular,XXS
58.9759109587275,57,161.46189077473267,97.99159570793576,110.85243504150472,Slim,XXXL
81.8316943060222,18,177.18627650495955,59.39765453089508,62.70367823243237,Slim,XXS
61.481879599391114,69,153.9002186339307,80.4376040135285,94.32511072057343,Regular,L
75.92866812975515,67,171.26122166578932,79.74321467008602,100.81293748316392,Regular,L
53.73910884096315,45,157.25887132961006,62.813498075392204,70.12774448095865,Slim,S
83.41506458397632,45,177.05655677310776,82.80063586432225,95.77944813442075,Regular,L
61.208419396027566,69,167.12499064197357,66.4421117522913,79.94410326425073,Regular,S
48.488953694053535,65,153.40673467680833,67.54395688768983,80.16068451592113,Regular,S
63.61927768468363,54,161.0803044121015,85.71755580890672,94.9547130232991,Slim,XL
74.56575962366179,51,170.29110158992597,93.29371975046851,113.28111106886169,Regular,XXL
76.08148379539432,63,173.2051650269371,69.06863781238198,84.62481631577815,Regular,S
55.0414273287779,51,165.6278694588374,83.1196075200128,111.82422176604803,Curvy,XL
88.215456859695,45,185.97070038092363,90.70480299122171,127.78143634896263,Curvy,XXL
69.43552846764321,45,171.08874365562775,80.02591346389728,87.11632794671165,Slim,L
57.51708469390182,36,161.2054639630039,78.16590052233428,95.13280723384888,Regular,L
77.8863901971528,52,176.8133974283997,83.11109399257504,99.30844763428382,Slim,XL
79.38806896846535,48,185.72949262970286,64.52761950969392,69.48937128653361,Slim,S
81.5017491557158,54,183.7071406507367,70.40882048177741,77.15097868751269,Slim,M
82.2781006657831,61,176.85884035333987,74.07117250679538,102.79455582089561,Curvy,L
59.33204339921456,40,174.179201137051,93.34846348938545,109.57207026359222,Regular,XXL
60.68817032178846,48,165.44338713123054,63.02905631577439,79.78827483277463,Regular,S
78.7834150659079,65,179.913320506876,86.19334695297894,96.36254602265882,Slim,XL
56.76596885995352,19,158.6740555775123,73.67095587640632,100.06862842080727,Curvy,L
59.93012299869192,62,159.76221121851137,72.59006046858646,89.62284021660928,Regular,M
58.628523466790945,48,169.05373458475378,69.72188527161353,85.490134105073,Regular,M
86.71089513055743,52,182.4688744800571,83.42484636843542,105.60448167828407,Regular,XL
69.38329598589989,64,171.01955312416342,90.52981746408433,103.78319304798585,Slim,XXL
66.19448077215672,41,156.88093262342286,65.7436501428633,80.08290469070012,Regular,S
68.43245171746267,34,160.74694268723695,62.942062257608,76.06807495656277,Regular,S
70.75892054268027,19,163.0369497969242,68.4246414119582,76.38386858907116,Slim,S
73.71183683911408,18,180.86843389390924,100.5805407662703,142.018923051728,Curvy,XXXL
63.33596413357104,18,173.29508418723228,82.9180778788909,116.90856504792878,Curvy,XL
60.1517808295258,37,166.2481060517315,103.22950108734163,127.2656052191056,Regular,XXXL
59.29618803720604,19,171.29318852130356,79.18294119846932,87.13041028424794,Slim,L
75.7381137535521,42,169.83297074814433,70.50710973207052,83.8825237652906,Regular,M
69.44735322010719,62,164.99612479849486,106.1864663900734,138.98768610251722,Curvy,XXXL
69.6345773987495,21,160.85991179817518,67.17569621012734,97.71780037830517,Curvy,M
61.92960812999057,37,161.26515467206156,91.01148694444403,115.6406841653693,Regular,XXL
84.61669592048088,31,178.78584035540104,92.32197480481624,114.68872316592154,Regular,XXL
55.51810714116408,54,154.88409700061086,89.47244388542791,124.03972896387224,Curvy,XXL
62.54223168260895,49,165.03550597705868,72.04547577462355,93.65333794178417,Regular,M
73.77897705778481,54,166.64328677064677,79.53031073359878,92.38367135492253,Slim,L
68.33029316602043,62,164.82040560968477,83.47392228958017,99.5150126975143,Regular,XL
55.46507771365652,66,159.46195980744355,80.89546827673207,109.13581875295817,Curvy,L
69.52803081943233,61,167.4048865240358,72.28541608949484,89.95598081791043,Regular,M
74.07689213257642,64,169.75917301000825,103.52509262135737,111.16286914188484,Slim,XXXL
75.53317097633163,33,168.91093514983834,79.03772984423549,92.70402206286758,Slim,L
57.21157271575856,61,169.95530207367997,71.6384297208768,84.42403921770334,Regular,M
84.383292282252,23,179.62113021291108,81.90735360988549,102.5631622889216,Regular,L
58.775372446840024,62,173.56400384357784,60.1876365221326,70.90588596178226,Regular,XXS
72.95315672596034,29,172.90944822493307,67.5791957730959,76.85769659395787,Slim,S
62.58805106736128,26,166.07537018225082,68.992890086583,81.67980849081819,Slim,M
57.47876471112638,28,163.86708913612176,69.50313364503528,75.32680712446079,Slim,M
62.0101902311309,19,163.00242106963412,65.50725557730068,77.06662538936338,Regular,S
63.616322397120484,59,176.536250854328,96.21738860944727,105.57193216839093,Slim,XXL
74.01502465205722,62,169.0314483523071,72.05953431013334,90.586968399526,Regular,M
78.60310598903564,20,185.9749849470124,75.46322667836255,82.0139111103961,Slim,L
67.48297030370937,52,173.32204555963546,57.781041770068406,69.83303079878546,Regular,XXS
53.481319735391885,45,157.0286464060459,72.06969544560272,85.32263914733373,Regular,M
54.13011207055398,29,161.39218908713474,102.3714363050374,140.84785286236874,Curvy,XXXL
76.73012559578986,44,179.00831516318556,68.0038204162634,82.55727918230319,Regular,S
58.528466434590676,49,167.491365138639,70.89759839641145,92.55871746390552,Curvy,M
62.48618660371813,34,163.94412392859317,76.36648811772164,93.21046975787479,Regular,M
62.66039117292983,29,167.02204854729206,90.62123551132292,99.86221317056263,Slim,XXL
63.3936105326362,38,163.99319087014783,71.28982572421029,87.38640135079783,Regular,M
70.67164820347452,24,175.6746476498064,64.93265485441124,80.14996787025575,Regular,S
76.20630798629847,47,173.42492557774966,94.87797927312839,100.04326346546745,Slim,XXL
64.02277806618942,43,173.6549090651938,78.63650294231084,94.17403573329682,Regular,L
66.02497865765154,57,168.40817288706086,63.15712168815643,84.47010966353818,Curvy,XXS
70.68098811974251,23,167.40667036351027,77.91261405031821,83.59056906909694,Slim,L
54.95131641745018,56,149.14450643282822,72.15246280340575,88.63497827255722,Regular,M
86.50383639142157,46,179.10394562168077,83.95990249063907,113.27715432057174,Curvy,XL
58.86023000532994,39,164.88194888289186,61.81092132227796,75.3877600893867,Regular,S
77.15404025005567,25,174.66396734771297,67.31854915347344,81.23457603621611,Regular,S
61.818174859098775,46,167.8784417856252,91.85130991303848,111.91472485246166,Regular,XXL
69.4353749828777,25,163.04777199415355,72.25076535359673,84.19706265135713,Regular,M
51.425935367067076,32,164.33217231212694,86.18359760194274,96.11765290438686,Slim,XL
65.74409051038427,38,169.98729650843586,70.07318397900845,86.38212275282883,Regular,M
61.68398730689866,54,166.95435904957426,65.61226493427066,69.52139824326737,Slim,S
78.21620519989042,33,177.58321531138793,108.35186572685046,150.9038709503607,Curvy,XXXL
64.52031437366193,23,156.42130310044,97.08347354993464,134.2722997596119,Curvy,XXXL
47.94434935877999,46,153.05350951088684,102.78766814353833,133.56843507426674,Curvy,XXXL
67.83991082440066,58,183.5049267577956,64.17939578759065,71.4007764643847,Slim,S
50.635427420115214,47,162.44499387466755,72.5488318135647,89.58209086906743,Regular,M
61.96884134376854,36,165.1345672257454,71.11160696206278,99.25877879966887,Curvy,M
66.30712513745125,49,157.68779817895248,71.52739385307008,83.84065076884919,Regular,M
68.01856839994096,52,159.73341435399854,83.23283505761214,107.69583146814539,Regular,XL
60.49303068073605,49,171.69167763231147,100.1493191233402,108.72639984305577,Slim,XXXL
55.61658936885573,45,160.327219670828,86.61022637183281,110.76436199199901,Regular,XL
53.298652996766165,21,164.10699789510238,56.168831429408336,74.30511243341297,Curvy,XXS
53.52111178999606,46,167.2669537250862,75.25832763755325,90.7600161609854,Regular,M
49.067574262729984,53,154.67874278340577,78.71534943950493,100.09632802364342,Regular,L
62.51742759812841,30,162.44862224861953,84.29990468059022,98.1437291248057,Slim,XL
68.06768031473142,27,181.2104940839667,90.56451231000239,100.35845128104938,Slim,XXL
63.51108941167717,38,168.35753426129827,93.9824122783697,109.75773526577994,Regular,XXL
83.65704476372602,35,178.17856563928828,88.34644777499041,101.565679753807,Slim,XXL
63.62341998897101,60,182.23337437823835,68.64951503562355,89.93601207450409,Regular,M
65.74367220020055,35,176.4669080313935,101.82728654646577,141.26552257584294,Curvy,XXXL
82.68796487530389,52,184.48777108124577,67.39368586270902,91.50669823245353,Curvy,M
59.36541750912976,42,171.5630109359707,89.20903807571038,104.5801936643905,Slim,XXL
56.04456785437169,52,161.12624578912045,69.37672473389274,91.01102012139458,Regular,M
61.939167754486846,44,164.06346007972022,79.26348004500828,87.17724384102708,Slim,L
69.26711794564541,41,165.7555136614372,92.53237160525566,118.86263666818597,Regular,XXL
67.37042959461104,63,165.80208408512618,68.6423643339421,85.0882577323124,Regular,S
69.18542490914334,67,163.46633214331405,88.5691737524053,107.74818879867861,Regular,XXL
53.17402561535679,30,151.76651504447977,91.20467030574976,105.77507559439742,Slim,XXL
63.52670949567577,41,173.0313364869934,100.25487391322983,116.90115987298788,Slim,XXXL
57.865978690945916,56,174.37546051711243,70.35651181979193,81.1649353877705,Slim,M
73.44225383978815,29,170.96140362255863,62.0789923853439,74.11598833465538,Regular,XXS
58.53531170902013,26,163.96885047654786,87.19094625719275,102.2809448410928,Slim,XXL
59.67884255429951,66,169.7398121129315,73.53205983415438,83.90778974680771,Slim,M
63.20613480939825,20,163.65584691803252,94.91525302799577,115.72233117821068,Slim,XXXL
57.360946920179586,41,164.97884670174352,75.89904485389529,106.24335594887134,Curvy,L
63.88397439975781,50,158.44024083791587,71.60375581800535,103.38038862620306,Curvy,M
62.43437798356414,17,175.3927562442886,64.49165206917029,85.33457950088157,Curvy,S
59.13937129350431,52,171.6944896415632,69.58962689459808,99.30479891441206,Curvy,M
55.2618831524006,43,167.240005628714,72.33939569296624,95.66086206526884,Curvy,M
79.2555168756805,64,178.51238098787277,84.47492183507082,89.9052591000576,Slim,XL
56.46176914202696,23,171.44207702065972,69.70483609504186,90.15603987914132,Regular,M
56.6878105424018,54,165.55612019138687,77.70268384147667,88.88897619436077,Slim,L
57.79449075434709,65,162.8348610621093,75.0570518938482,100.41972586377771,Curvy,M
76.74041347336217,61,181.853543909229,71.73070620961576,95.444671480401,Curvy,M
69.31781293426668,16,168.91227110755528,70.87856491580777,82.10944902085805,Regular,M
61.89909821710079,42,166.1638865032509,66.63470612790739,85.44045895243919,Regular,M
52.9982724294185,41,164.9826899104703,84.78320295004634,95.61394570196731,Slim,XL
73.68079777643398,43,180.217481153471,95.35240445500015,116.75160337999296,Regular,XXL
72.92496496405796,48,171.5098803204598,70.84301823694376,88.6477780727378,Regular,M
74.68705929854669,51,169.7674132969133,63.322225141080814,76.41877422196595,Slim,S
48.25032379359514,46,158.092823512502,96.07602712917176,133.6493221449867,Curvy,XXL
68.11709383440584,38,165.56971519150085,77.36107949612114,89.99966827418426,Slim,L
69.54725031289861,66,174.29144086493383,65.93018117960527,85.74308978175296,Curvy,S
58.86443549837792,28,158.64111114934224,72.10108429548755,92.3841332193985,Curvy,M
59.6162983785621,60,160.57069858300028,95.41527564618522,119.99739650334779,Regular,XXXL
60.07307678469254,62,170.78080381546107,92.02963846152487,102.4868823035266,Slim,XXL
71.53083871097554,56,167.70593267964236,75.41652336471138,95.59112417622335,Curvy,L
76.87232952731759,69,170.69136930375916,54.820681325605236,75.27059463777607,Curvy,XXS
70.02260897668944,29,166.45283359071442,72.01976256720704,84.65236168100854,Slim,M
44.26640408753298,28,148.5554710092403,85.44583355483103,112.45264840513654,Curvy,XL
60.94823113470278,59,174.2947379907818,85.16604421547846,102.0335996190426,Slim,XL
53.99952096378926,29,155.36870747642735,74.96164932367823,84.87531601149705,Slim,L
57.352811544049146,30,168.93197356554154,60.63353483629303,73.98862135504903,Regular,XXS
64.17625507805612,27,170.29242355263696,74.42436313667045,87.76842813289029,Slim,M
53.316077093817476,33,155.7898856825727,81.49958013032334,88.96223856976849,Slim,L
58.82485460990966,62,167.25316502971162,61.06150239667365,76.1082561239857,Regular,S
60.20213945274923,46,170.68659609575212,67.05609696096036,88.47366618052553,Curvy,S
60.9307017454443,45,167.30519882998817,62.3771565089881,80.95176986854217,Curvy,S
65.73200523896986,62,167.69068180256616,75.92518146853365,102.60466249464994,Curvy,L
79.19239538774822,42,180.277245509497,67.24890359071374,93.66406151175661,Curvy,S
71.08097940967114,40,168.2096823321492,77.55126369629248,85.58473302403533,Slim,L
47.59703359887695,35,157.76562001768332,76.151417899026,90.4762689216869,Slim,L
51.52851163705734,22,164.14635626218524,74.60619876403828,93.2223918469444,Regular,L
79.84803532223701,41,172.92382403644785,86.26614499439731,101.07203632349281,Regular,XL
59.62997745068247,25,161.22836146675564,73.50721978647066,91.32186478909715,Regular,M
64.01322772746566,22,170.75503091785447,106.0361701413869,122.21114491955834,Slim,XXXL
78.56814811331624,30,184.1742999263972,67.64664575314436,75.16374257064227,Slim,S
59.69362130278184,41,174.53019670586272,84.45814405707767,97.54951001718544,Slim,XL
81.89812100569071,56,179.5418762363644,75.88255238553874,95.09584775043801,Curvy,M
76.88227387016052,21,178.20717907640557,64.69188650395853,86.09252125132157,Curvy,S
59.25205336820453,42,174.59115482960613,93.48630599328821,130.4905879440371,Curvy,XXL
67.26060324964882,28,166.08282696276325,98.82484635020373,138.45910025426824,Curvy,XXXL
57.198508466708766,53,164.10344470417684,78.30035808001806,93.30748793678983,Regular,L
69.74323223385835,33,168.2369406986725,81.64761773091533,99.56035290852829,Regular,L
62.1292359595185,23,178.27790295231273,73.80902806451142,87.35152933932837,Regular,M
51.284196232222044,27,160.2678351998994,69.9313954991047,84.54393790509677,Regular,M
69.56113914810487,58,160.6799483920913,71.26566989422943,81.43131415369497,Slim,M
53.401013680916456,45,164.86794612241115,75.94462353489135,106.25147337021468,Curvy,L
65.12955868629727,65,162.1790198971999,74.51921144104746,86.38480400144061,Regular,L
82.50818088039492,37,186.65639683411288,66.01214043158139,92.15707478389777,Curvy,S
72.58722459520882,29,164.31665487352166,98.89504140755743,113.22665832145903,Regular,XXXL
79.45882931055583,41,175.31370400786645,69.03850775534875,82.99715654272163,Regular,M
70.70377877904582,69,171.4683758295845,55.73405617360045,65.10352521212286,Regular,XXS
65.35217775077815,24,171.50886995468906,64.08682181250158,69.33038818859976,Slim,S
78.77439891168923,55,178.62929123830074,66.13510980514809,87.35106057748848,Regular,S
59.22223036157592,63,155.22084844634907,59.69289113260304,81.0579207706394,Curvy,XXS
63.65939818522351,35,170.92192220014655,83.38733101868917,102.80445541997454,Regular,XL
67.87852090149066,30,160.07397752911484,65.70996706906847,87.34350488289644,Curvy,S
59.309106809225355,18,171.62126111042593,80.13933704145757,93.42942097365697,Slim,L
64.66129429957846,39,167.00145586123827,77.0948088088444,86.09611333133806,Slim,L
70.09483734455482,66,175.412003882492,60.3950379739331,75.0961786814609,Regular,XXS
79.33881426767654,66,171.58161078292082,72.98599737756057,86.2522534470051,Slim,M
68.80011545434091,51,172.00850598320474,76.95314822429586,107.43999833603978,Curvy,L
81.41338466388045,57,180.14113256845002,68.18956991475032,74.37109820271951,Slim,S
60.225241418211745,40,162.4512825550134,77.90747945333405,93.40694797354078,Regular,L
62.99331767677067,48,162.61082672711487,76.47579510103427,103.99386526497972,Curvy,L
77.70922903280564,40,175.53577706073818,87.38103787209928,98.56483381616867,Slim,XL
61.447830035468755,16,157.63497960883092,69.11690124144985,75.73965457242173,Slim,M
58.42023407726187,26,165.53634345488132,73.85448076421918,95.34615306570306,Regular,M
60.92400757097877,20,168.37340271724688,80.645980149585,108.80038294554389,Curvy,L
70.22557198984168,29,162.6641558471047,80.74513486571716,98.05492448075422,Regular,XL
60.98035022272851,22,156.9065762636304,68.3405194402311,81.5204350330333,Regular,M
67.2773344073056,51,164.2398890714588,78.89133391302443,85.7609498815218,Slim,L
60.761659128538454,44,168.55019925297896,89.24469686142334,98.84468492779466,Slim,XXL
70.77667534745268,39,170.4795178130048,70.86217338392362,83.09592075706642,Regular,M
71.63433689377479,45,176.91833203969182,79.73308840989925,110.27992064412172,Curvy,L
63.005279652710726,59,173.4943969637513,66.83180722961293,98.37919486818834,Curvy,S
56.47553506806316,21,161.04006550880928,87.14707737148392,122.00090333176581,Curvy,XXL
64.43500269193609,51,161.95890865653334,80.6239241149598,104.34555442618894,Regular,XL
65.10007065906898,64,174.57495817807302,70.60583378506932,84.46120854695802,Regular,M
66.73959594856018,63,167.7602723428631,63.43141265077878,76.45500977747022,Regular,S
77.42932189102461,50,173.575105136419,70.88377336652347,86.8463708119832,Regular,M
48.33665068852262,32,155.86047708314217,84.19156938721117,100.8632137170936,Regular,XL
59.37178797979626,64,159.1253093422306,83.2651004022221,108.40953716979769,Regular,XL
70.83132338718252,21,165.5332308840493,74.07006926528648,96.37674705064033,Curvy,L
77.92822701071962,18,183.34774213223812,65.26534618598366,76.79492875400588,Slim,S
48.81527260733188,26,152.79472948661586,75.07652298824566,86.54702576570087,Slim,M
63.99599009930446,38,159.6966535763662,81.11971307387019,105.02426597037113,Curvy,L
83.81351442251012,32,177.5007195951722,79.52544746583152,92.67501419372005,Regular,L
73.5002647914586,59,169.9895318201447,79.85036072767119,102.1408033818665,Regular,L
78.74712113517892,60,177.96007239049356,91.87833301304636,105.93981431723734,Regular,XXL
58.0182373688107,23,159.141538900809,95.49410067895853,112.61423460618617,Regular,XXXL
64.93335287267217,62,169.2719495300426,87.05368168654172,107.3534168239265,Regular,XL
80.42610170785281,37,173.24131117740913,59.394094620569724,71.27448257628302,Regular,XXS
69.72607916525145,35,172.27589989211657,65.11584871982694,79.18806636290223,Regular,S
51.726530371406064,62,164.7404953989107,58.06051356652389,78.7672198054039,Curvy,XXS
65.0122234751157,58,170.7178681810396,102.00353636777595,119.71873491787308,Regular,XXXL
52.807674782442135,54,165.32721459246554,69.90206780101151,74.60450575097998,Slim,M
83.37529826182859,30,177.09261363315304,71.6131995237256,88.07125534072964,Regular,M
57.05712508039185,18,163.5605382719746,86.74871379971707,101.98472620195427,Regular,XL
73.48555782077374,58,168.76482279723245,64.39812175556813,77.23709661640241,Regular,S
51.38614756338316,63,162.09950484664535,63.26811383137474,84.61612549540217,Curvy,S
63.333151777992775,69,166.2285800578924,75.57947125147149,103.87246246203388,Curvy,L
73.77126741569256,66,169.25960749663338,73.43923766898075,99.82443110322535,Curvy,M
67.4292741015568,52,176.65096533444768,82.0081525531353,99.29988854844163,Regular,XL
67.30924008502025,53,171.2800049241634,54.45537764894507,69.9745552950013,Regular,XXS
60.60426470869371,27,161.44890010071472,71.77818363230196,84.9562852053384,Regular,M
65.02370049516192,25,172.17453937615235,73.39510756378644,94.46438767426626,Curvy,M
74.66363874539768,66,170.6341546032652,77.93806416444079,98.49029458628682,Regular,L
61.63667709789722,56,165.62477935463474,82.20499520681862,110.09365296673073,Curvy,XL
62.96617468612735,27,155.5473714362239,65.25638593886686,70.26647196326913,Slim,S
79.01697182060475,35,180.48762420498213,69.46356819621649,79.87092740243679,Regular,M
63.867562155732706,41,166.51232639063443,73.57041471858862,87.31045725428501,Regular,M
73.22075836932441,63,170.87554594866984,70.22204554534432,85.68444613351626,Regular,M
51.8607987349078,20,154.5453634641631,83.91095711142478,103.10546631617837,Regular,XL
57.51790057056425,69,169.90044493751427,79.58278740644964,92.83712009874105,Slim,L
53.701600221294036,49,161.5006527439935,63.52070144646216,74.67875673479695,Slim,S
56.48711198924401,46,160.67485621411728,99.20416445379418,140.53538388359925,Curvy,XXXL
60.35328749664068,52,172.19212969532555,69.45177394451257,78.32428867590468,Slim,M
58.78372745014312,63,163.1269319812404,78.3831777826647,98.93710166816356,Regular,L
80.7767985597728,51,182.5851130561995,74.15763418227574,92.52399871493489,Regular,L
88.82786281758843,27,184.57821832527256,71.07570592750851,86.70489730923558,Regular,M
61.91756677183185,21,159.46620145861263,65.33415991000095,84.11863397308385,Regular,S
68.71604091136442,50,167.91264030359213,90.53793695718467,102.34313774894318,Slim,XXL
56.745584396685956,27,167.48291562916904,56.55420960800658,80.34626814792328,Curvy,XXS
53.59701762044068,30,164.7023483800187,71.39176661040406,93.97879364517381,Curvy,M
59.09217250842794,65,164.95099280931552,71.26955548391363,76.28955630437112,Slim,M
48.6197088861592,26,156.05218272304197,56.371057184770464,70.05171450334753,Regular,XXS
70.33719607404288,21,184.64436265276169,66.12293328181099,92.6046974225413,Curvy,S
70.16072355662895,50,173.04067619921202,57.53602614695471,75.05003965272057,Curvy,XXS
72.75983919265049,35,186.50974525796795,54.82235709299717,67.80495564808167,Regular,XXS
67.2287557158706,28,170.46095071717994,86.71118107462455,110.90360711726144,Regular,XL
62.569699067961096,26,180.1635131188109,66.84261386900444,84.4295819696526,Regular,S
73.74022501368951,46,172.3712699763295,89.58365584632014,99.21570738903146,Slim,XXL
65.25967390911383,32,175.3077581137322,65.3119373560092,75.91261295709789,Slim,S
66.30976645521864,64,173.38992521587377,95.35397254956038,120.07565288384811,Curvy,XXL
63.95629278256144,35,172.5647007497527,58.04726816381293,71.99776939183327,Regular,XXS
64.40294367521383,64,162.2514349056197,89.45153088353344,124.55671898269274,Curvy,XL
50.60042993095458,29,162.0049131644996,92.23400004795573,104.37940124672919,Slim,XXL
65.17936021331117,35,163.9977546788556,67.16931979567353,89.01865310236413,Curvy,S
68.2634516064226,39,178.38027079942833,66.24631899153445,77.84612501923543,Slim,S
49.12558820806712,19,155.47271700238448,69.4933125817366,93.57018886299876,Curvy,M
64.03122351073551,20,169.84698096048683,67.42942647409726,85.36270683847128,Curvy,S
57.64245196558118,49,171.89330993918315,82.15579431924489,102.12312203556293,Regular,XL
53.87815634209296,26,164.16417657305362,78.24043689858179,109.38152882857378,Curvy,L
59.462945949920794,30,159.6323880660546,90.56366667706013,97.81323481319666,Slim,XXL
57.008659399949444,38,154.01359452411933,77.2206332573705,99.76116977052095,Regular,L
61.732777915906944,41,178.09746060664398,65.46734243211768,85.6384703910981,Regular,S
66.5951702042162,67,168.10071680937793,76.33575092107564,106.1177201758703,Curvy,M
59.207728380807595,49,160.92675353446458,65.9118257276514,91.44736177486806,Curvy,S
53.80391151391568,57,162.01609725918763,64.88604651244805,75.81533427595704,Slim,S
57.75470471144506,20,159.6852526790977,92.97717699712591,116.58642953390593,Regular,XXL
67.93676342089915,33,187.29642102307017,55.386882768935905,67.34964427429539,Regular,XXS
82.76822181797748,18,177.29980454201242,66.72093868535035,88.32832804248825,Curvy,S
60.77213765082282,68,172.26877571675678,76.36424538996998,99.09461937012973,Curvy,L
84.41566813988116,29,181.80715374855765,71.31262023618906,92.20904866929979,Curvy,M
73.03421836664981,18,170.16500219149202,75.80455941481033,95.017526612948,Regular,L
63.06780624252927,64,166.81454119788185,72.27241087253581,94.06743579522599,Regular,M
77.31347797980652,64,169.72174560504405,78.53876080518391,106.60894493696291,Curvy,L
50.157748692419354,24,150.39086636666454,97.99000211522302,118.49616437741523,Regular,XXXL
49.902176672508524,25,156.93908537155357,65.60430790046603,78.43341496328713,Slim,S
58.38859405826549,59,163.87535253828887,80.65649695288623,87.40056060980872,Slim,L
69.85366921472735,30,168.68768749538899,60.61047591141032,73.32820207143142,Regular,XXS
72.16729512002867,35,184.42054716252719,80.54798250288846,105.86640897963916,Curvy,L
72.75665814374894,16,183.96469132402876,81.5085375400027,91.68410729506579,Slim,L
68.7014328865996,25,181.3072319124082,73.3996210461085,96.81737732194848,Curvy,M
58.36048702048761,18,167.03736807193587,69.95846792153566,90.46931029092671,Regular,M
61.94342400397474,23,172.46428743273685,65.34156436311277,78.19219540922198,Regular,S
68.17475515397507,69,159.7469344907865,81.58147654464169,101.39208060947796,Curvy,L
65.1548009099301,62,173.52018781926856,65.8928094629268,73.67431527274287,Slim,S
72.23087459224223,57,164.45031270379874,86.1497756820867,112.45669102797241,Curvy,XL
78.64604048406927,59,173.04275850178263,56.31353680781866,68.72219364418883,Regular,XXS
59.170758528799205,48,168.41334599280486,80.0911413114757,96.04456394488234,Regular,XL
74.91171699289036,49,167.63832162329328,83.57199615139349,108.18367766459978,Regular,XL
66.93928579666489,40,181.30203890212576,93.40649171576825,117.42057414632927,Curvy,XXL
54.96528057872953,38,169.5134855286103,62.973177188168265,76.924940498428,Regular,S
73.09611062785801,21,170.32859128396603,69.6946189114743,77.60617909668294,Slim,M
50.95758846147982,54,158.61469781786252,71.70169709892892,101.05438367590811,Curvy,M
76.07717020019402,57,170.67578162066135,91.26346252797654,99.07314849684626,Slim,XXL
55.27870611981016,40,166.16466030336133,84.91153322457801,111.41140136615333,Curvy,XL
72.03482025519754,57,167.4636870249724,61.68866932979401,89.19772522564463,Curvy,S
54.88992621043653,40,168.92639413216526,77.56976881205509,86.2431326155177,Slim,L
70.93108046842198,33,175.2890868709005,76.49643525668155,96.26385604761036,Regular,L
63.641389248466034,53,164.0156721780123,76.9064277664851,101.15973599095399,Curvy,L
59.937871388377616,32,167.42178549119294,74.44622742584482,91.09207920633978,Regular,M
80.39485772720167,55,179.70527662661053,69.57579962312863,88.31456449233703,Curvy,M
63.42964471696569,64,175.41898291130585,77.2591394082953,102.19799967018655,Curvy,L
79.13864898435732,42,177.02987216754678,92.88638656126236,114.49265288812866,Regular,XXL
65.15127086467137,58,160.03172834559788,81.10239062335832,110.29124424992109,Curvy,XL
75.10615532691222,58,169.77361834068523,69.41146463017039,82.69028164419922,Slim,M
56.10382862680749,65,162.82961224736079,95.0975947199436,116.54536275398948,Regular,XXXL
78.39917317049041,48,176.16185441096573,78.0669764458044,86.53739046168782,Slim,L
58.21915426565242,35,169.8039668293162,66.0425387441963,75.96674707166098,Slim,S
77.64608387228918,69,180.4693686716389,89.79072962846114,106.09047182154798,Regular,XXL
59.307427399844485,22,153.44772970145073,63.30532467690163,80.42173729908896,Regular,S
68.03193147196905,25,170.6395734599093,77.86896651704342,90.74862351556854,Regular,L
73.82555776949928,23,173.72729971400236,107.43988685791803,154.48070260774386,Curvy,XXXL
61.45323837701284,44,172.13891662272403,93.1928500558947,105.3528860866566,Slim,XXL
65.24713064636423,32,174.52226462114453,69.65510331524972,98.5196432285303,Curvy,M
74.59384753004224,35,175.44494515970854,89.8010446159737,112.3499100649588,Regular,XXL
72.4314103698218,61,169.55072548572156,66.53554981277031,71.51805270623808,Slim,S
75.2459825297037,40,168.8316611150372,86.39121702368674,119.05005756837582,Curvy,XL
58.63221455737719,69,157.89049295208932,78.19219361782253,102.8174813438058,Curvy,L
74.52509362370127,26,177.27693980024137,87.56653611426724,102.0255091675669,Slim,XXL
67.0724646768989,43,175.69189269205688,70.74646181481297,79.8669351487486,Regular,S
80.08391283719499,25,177.24408411939697,95.49336637590218,100.70472837640425,Slim,XXL
63.201507028929704,38,181.7851625127593,72.2114362841962,87.16501947182851,Slim,M
77.56118334728573,58,178.53302442549634,80.41521580904818,88.24025166792164,Slim,L
58.549147411453305,23,161.3903355146747,83.10476388840931,96.04258939824778,Slim,XL
72.73747485804704,27,164.15399868672833,72.44955070483987,91.43827804890176,Regular,M
72.56226953131522,60,181.67961520681934,87.01801695424177,105.76137685419499,Regular,XXL
67.52708278959915,60,162.08639792585862,56.64941359813875,64.92546980669775,Slim,XXS
50.81586139721367,24,159.9797979746938,76.38615076270537,92.67964387693256,Regular,L
61.43261746623214,41,160.22985580877304,59.36438513082214,69.47382642726555,Slim,S
58.95257453130859,68,163.98300220243544,92.17684390841896,107.67986183795942,Slim,XXL
66.05878884248463,65,171.70059718979334,96.15965339196329,111.59098816890159,Slim,XXXL
57.04072535273365,55,166.22084712450487,78.11165847512203,92.9638182005903,Regular,L
67.48757756874164,44,165.27596915620654,74.03418151088789,95.21253213536261,Regular,M
69.29980515072583,36,170.26747907129717,70.27366957200908,90.10711288646172,Curvy,M
78.23359784754174,18,182.06852280107776,88.04612884592228,103.98759379877595,Slim,XL
81.13087158744754,50,179.0297236229288,77.08100832884492,87.4327069425815,Slim,L
49.85364529157386,45,161.6309539466941,81.59767734859737,89.43117199620306,Slim,L
68.47782496876292,28,175.98470116831896,69.50101071805491,81.0720755859505,Regular,M
57.76012443624974,23,167.59890724920842,64.272416919784,82.02943740972752,Curvy,S
51.10899137381594,67,156.8900315087198,74.7950701465225,84.08113404801945,Slim,M
67.45698964392598,68,162.49598754199684,70.3598634441553,78.66677672077425,Regular,M
59.989764447328675,24,163.73384299414516,59.9796356330317,72.9169525144085,Regular,XXS
49.78481953542597,69,160.06847602979957,61.479023816202414,72.47115573231022,Slim,XXS
81.96988618057273,21,175.88258330147116,66.19556855380743,80.53060830910024,Regular,S
69.39584819664468,53,174.90614070500155,68.79151343519328,95.82501565917553,Curvy,S
56.36245987967491,21,160.40964380735906,84.37463940754071,107.65792386552839,Regular,XL
59.11325489364636,58,174.50261017881442,71.35943029791221,82.14081933447729,Slim,M
61.23611004888523,29,172.66617327725191,79.5401018888827,101.34894259002591,Curvy,L
63.55698925847057,58,173.85916900444067,81.53510920630235,105.38862713436261,Curvy,L
66.87695794282207,48,170.45274424086062,70.50137420862619,87.99181268082474,Regular,M
71.39467378149023,58,177.07731597488896,96.92340819291704,119.42340160625797,Regular,XXXL
59.779977828306066,46,170.68641265856186,87.77348574199404,109.55468887341996,Regular,XL
76.54870636106229,46,182.7590782509526,84.10774417222399,102.48295735113584,Regular,XL
58.801775145831165,29,163.30900668849466,72.80155730807084,91.91870139726892,Regular,M
73.44859267862955,23,174.5449272806857,72.40563050862264,85.06283789034447,Slim,M
59.31768461392721,23,172.24468113737154,74.83968349707906,104.49770328151529,Curvy,L
65.87265457557982,40,165.24725817570143,90.01415744130865,101.12016056519455,Slim,XXL
59.19444608912624,34,172.10672011144908,71.99713726195206,96.98783762346848,Curvy,M
58.55609593889746,50,171.96603389663946,91.29907246838343,112.4943281188358,Regular,XXL
74.04524703677284,46,168.2605348060143,74.77567697691974,87.86972191858278,Slim,L
65.75199897299024,33,162.4417809979452,75.81930464976679,95.28274812296229,Curvy,M
57.7006547189115,51,162.79867408857586,57.1110817549478,64.45542422175242,Regular,XXS
83.587459022859,38,176.9950458974354,87.01159988274432,116.56462535015687,Curvy,XL
75.2283253385436,61,183.68648553625488,86.28751200114641,102.77124378328783,Regular,XL
53.413201392120605,45,166.37295480375022,76.78334185589848,94.70547304583135,Regular,L
59.82087833091753,49,158.16958638357158,71.58328108857553,85.01552754014733,Regular,M
61.85443687289322,21,177.07771822688045,80.54834284866435,107.5383228084391,Curvy,L
71.821500552527,23,175.51863667829633,78.95870193471227,90.94262387949782,Slim,L
58.300090806532616,46,164.2149438637643,94.76318712107167,124.52894579421897,Curvy,XXL
51.66886444828677,51,164.67795217482947,57.69001851212583,66.43327722022205,Slim,XXS
57.24748032925471,34,171.31770449375833,78.83689359337987,95.09997145497617,Regular,L
73.18886078554185,56,178.34242863091254,78.04647248250512,94.1573046363869,Regular,L
58.7327131810839,49,161.247353522147,72.90655737037316,85.83576828663924,Regular,M
52.329644388283675,34,165.0078208631939,78.0319072023499,94.66908669345172,Regular,L
59.44169570058515,37,164.20090393319498,79.1800447177645,94.7853568306265,Regular,L
60.84304532764354,50,171.75972983538898,74.74947117706506,93.01605556526175,Regular,L
61.211349503407924,64,163.77141054105664,80.63479201395923,107.92991084632432,Curvy,L
50.69702387296794,37,160.46641899132578,82.21885090997769,97.61963602557954,Slim,XL
66.02806553177055,51,172.42784414293035,76.48958824706332,83.99292343606514,Slim,L
68.79866576142297,21,165.31564923189396,57.80140760914952,76.91272940753016,Curvy,XXS
54.5039552913443,51,163.74564925281064,73.81182009456545,83.89053485986558,Slim,M
70.16166621049993,29,178.897471901198,73.31327156919512,102.64816898933628,Curvy,M
68.86366268753085,60,177.93501852492824,65.17311424072827,81.01525573688605,Regular,S
65.37598349653598,65,159.72269063961218,77.29875523447429,87.94638081997748,Slim,L
71.92701447747436,54,184.5547515628333,77.49667475744947,107.04151082795286,Curvy,L
51.986383701154516,61,161.55542992989206,71.68216842070707,77.31840353151594,Slim,M
62.72433323559313,35,159.05601690135282,67.74311747382662,79.16250799623,Regular,S
57.979942982719486,50,171.3680371927885,75.17650580978501,93.14429064757641,Regular,L
60.08596750472433,31,161.39372619393794,78.004560458462,105.72935421115226,Curvy,L
63.34123547545066,33,171.53045180282194,55.5704162745198,67.00795094045915,Slim,XXS
61.72315438906334,38,161.17311162296232,98.98066424945233,114.65210869323892,Slim,XXXL
47.20385010494088,19,157.2223709120086,76.8040169435029,93.34438414391826,Regular,L
60.111408217341676,50,155.58402131092038,61.714235316134044,69.62460291024418,Slim,S
66.29340276060778,63,167.80491897448087,85.67987710976855,102.04649294411173,Regular,XL
73.42779797637215,31,165.23227691839702,71.05085882691897,96.78666834168078,Curvy,M
55.81018224369088,61,162.40267105866624,70.26372122826749,83.32582591845349,Regular,M
65.50397081752914,16,157.54180042783062,61.60376915798742,80.43797071983475,Curvy,XXS
56.81242570665708,37,169.07711924099803,70.01435563943366,94.53736917967284,Curvy,M
59.51234822003003,61,169.92125000757082,91.10506804218669,106.54837635769678,Regular,XXL
67.19259525924352,57,182.7078075210286,84.07459865236818,96.99692187066813,Slim,XL
52.77292024179536,39,160.2621941223869,100.66121345445333,117.53024645424496,Regular,XXXL
68.39100432745916,69,163.8603424393567,78.20970095695468,95.04932728277683,Regular,L
83.85751381557537,40,187.42056239971055,73.60661332378437,83.54219329435556,Slim,M
69.54165638413248,60,178.2239102156394,54.22331628517696,72.35322048628842,Regular,XXS
58.042005642188414,54,174.47908850039403,67.98679591204403,90.43284026725591,Curvy,S
47.868914795782565,32,157.41110680912504,64.68535654022513,72.0656952263363,Slim,S
73.35396536656026,34,168.01790556147628,59.54617691987608,69.24226006458926,Slim,XXS
59.65484507344878,31,172.6813706891563,84.31327071004324,97.88828141101871,Regular,XL
61.98032694402496,50,170.88406200368394,71.51385388907363,88.60219695717392,Regular,M
69.13966979162942,64,171.68551757363318,90.9371003761846,105.93174073234346,Regular,XXL
51.26136503170585,48,157.39603375286725,74.75091447431832,84.20033362106592,Slim,M
76.53811494683933,43,172.24897200936786,99.15987413167667,121.51543262145645,Regular,XXXL
71.79364010613041,24,163.62416181206677,78.74525937633868,91.60686915785199,Slim,L
60.54472352200376,47,162.3806511670622,53.82762672323896,66.43666207419025,Slim,XXS
65.61283492735241,63,177.10790853116436,87.08491079901792,95.62010059009731,Slim,XL
61.34460042176568,40,160.00983369998337,75.38746155244057,104.7383172590545,Curvy,L
52.777612675513275,53,161.08383446918245,65.69738655702965,72.40444046720106,Slim,S
58.11393989493457,41,167.00206705719097,77.72280695068609,86.01840529239422,Slim,L
53.29575450161937,44,156.61236924614667,87.49847918165146,109.46619391602964,Regular,XL
60.6910632651705,20,162.71449248019943,73.34527658447401,95.04791305817753,Regular,L
71.31906807629527,66,172.7554571978552,106.7810030116966,127.17348853792987,Regular,XXXL
86.93076304312441,43,186.9715164331404,103.69699099524293,118.46012497992453,Slim,XXXL
75.79752530558471,32,176.03094898072814,75.9171684275245,91.8929585442777,Regular,L
56.91816114422658,56,151.42424710329678,74.22380068998852,79.93717044227638,Slim,M
62.31427354810298,32,173.32137693455854,64.01761535562632,85.13317801293148,Curvy,S
51.49266497935358,41,158.78478390106508,70.1705148571663,88.69258456180077,Regular,M
80.19507565616485,44,179.32333761557743,95.31327347854733,118.85895461660408,Regular,XXXL
69.47992436511728,62,164.2470208844456,58.90186708006993,81.36897595335604,Curvy,XXS
67.86925200885027,52,164.32666441724837,74.76430337151969,100.60029265539671,Curvy,L
70.55250470181618,16,164.1358519171744,59.48688639469369,74.3390780123908,Curvy,XXS
67.42095254882244,53,163.96747848211731,66.92375529697895,81.30324095980491,Regular,S
58.462202048578945,42,174.1527131126645,71.201352134592,88.79615083802749,Regular,M
61.38062381271057,47,175.07816434430777,93.08378126788125,114.70865349849834,Regular,XXL
64.41961162901475,62,161.2153041178578,66.862139120209,89.50573354198502,Curvy,S
56.426224371007976,22,158.84517294494208,81.35210492029618,109.63457019534152,Curvy,XL
63.64627937642343,22,167.74677512567848,87.32868168489915,95.29673624138714,Slim,XL
63.66495741714433,45,167.8161628870403,80.78483516493677,109.74944422289065,Curvy,L
55.65724260659501,18,169.34925996137446,75.5069033611352,102.83220887977275,Curvy,L
50.386967308401815,33,159.76983397178287,74.6614591249562,104.1141710072093,Curvy,L
68.74721995146083,25,167.60259797356096,106.38208958924358,146.4030450399886,Curvy,XXXL
83.35841039584659,36,177.29591647363767,88.39832939893893,97.651834125469,Slim,XXL
70.09004188342678,36,169.98134772556318,61.2120668145462,71.2399287214658,Slim,S
70.20897839400202,58,162.82811058775653,71.36379560176533,91.57413267579177,Regular,M
67.01578227654707,41,165.0555443947923,68.86828492832906,84.93020971592667,Regular,S
74.6371978998407,57,169.48320057728182,66.74692969825236,80.82897323718356,Regular,S
73.96706258160702,58,173.4788486342366,71.45123737141141,94.37956318867363,Curvy,M
67.24632783523991,33,187.74775475261578,80.74103885416598,102.25834540770482,Regular,XL
61.89895087814474,16,170.69088451934996,65.64435292034351,90.39347472669384,Curvy,S
67.27589036351422,32,167.70523281829344,75.47388412622978,89.76944949313639,Regular,M
54.68194738190167,54,166.8442919055256,58.90888878245746,68.89798914267017,Slim,XXS
57.752389090022106,36,156.03216567620348,61.96452489218858,77.74407681701047,Regular,XXS
68.36205841638342,29,164.12309077113963,73.48458623620436,89.97743311942865,Regular,M
51.4634894018916,20,158.7637932186987,82.49919745184692,100.15438642504698,Regular,XL
68.51284149948899,50,162.02862401199823,84.90442892958238,116.30392772651568,Curvy,XL
62.383758695501506,17,170.2619719109092,82.00483420310263,88.20226139515512,Slim,XL
77.86377115573195,63,172.6523962545165,55.606848137654566,64.79958759465327,Slim,XXS
73.57762757349653,36,167.81609179955524,62.87891643164738,86.03601009919427,Curvy,S
67.38986541138364,18,179.77447167281002,78.77403661500676,108.80445940020698,Curvy,L
60.86202044907447,56,167.62235751625516,67.99102474920385,75.50223845134612,Slim,M
64.56738892457302,48,174.11630995399742,62.335686069448414,74.45982608610844,Regular,XXS
70.30800415392743,47,165.27704728534158,104.43011442402654,135.10054187343235,Regular,XXXL
65.24850571753734,54,164.83017341723627,63.11808084570007,73.44760057739038,Slim,S
76.43221976604926,17,170.58551840965072,68.47403932101811,79.14379683120426,Slim,M
59.25943473107838,58,166.5906917556027,101.13197116565846,121.35303031845169,Regular,XXXL
69.8663781931933,25,164.24950363509708,58.38131196602376,74.89810620758993,Curvy,XXS
64.92690990831078,36,169.1647537356479,83.92128616546428,99.00939272136996,Slim,XL
63.78900187762068,30,165.05953654579693,81.4900263486185,87.6751229936725,Slim,L
54.71562334547884,51,150.62213234384797,81.02612026394671,102.84779389735147,Regular,L
57.17028395685199,37,161.73857001686986,90.90154661365861,107.6948008359115,Regular,XXL
51.24254005787531,65,163.29612693469093,70.96103553927533,87.09497275375118,Regular,M
58.17752361198159,30,156.45911367707174,80.31877804370164,108.82091375158691,Curvy,L
46.47368112741549,24,151.33846102951736,71.2136465604288,90.08560183174322,Regular,M
72.49752372067496,36,172.1580298195925,70.65367015572075,93.80494255266066,Curvy,M
53.086762809036024,62,166.13931671484744,96.54426770648271,124.6243826271051,Regular,XXXL
77.92519347176925,38,179.62228906980846,86.71170703830914,98.87057016129516,Slim,XL
63.023961277580305,49,169.63687379020791,90.14378195040956,104.67063404066263,Slim,XXL
67.28031988566192,58,171.32865896993263,72.28752553499127,87.17457473921073,Regular,M
65.85617274227457,41,173.12465484748256,75.74586655309709,100.44478403312743,Regular,L
55.51207979401937,58,166.94458488313242,84.61456082478003,96.53139169881526,Slim,XL
68.32169126161192,53,171.9303141921623,72.05601017710065,76.75627986621161,Slim,M
70.55028891880842,23,179.559251526946,63.88426647854568,87.06932504561568,Curvy,S
84.37290082280309,24,179.09215785718578,68.2811301284009,86.23293567275732,Regular,M
61.49569137177459,32,163.2744606203587,71.4305330503655,97.69447633819465,Curvy,M
56.91113755161635,43,167.78594931208846,60.74826919774797,68.73990901763479,Slim,XXS
57.04507893215009,26,165.3372645662345,93.63386209316008,121.30795159414234,Regular,XXL
52.809060292355525,54,153.16690818276282,82.92928954954965,113.46768449113507,Curvy,XL
62.987731241445694,50,175.13411423931697,77.95993757859547,99.6269847054893,Curvy,L
75.4488723968756,22,169.01499792637364,66.33319107774798,81.61074645371139,Slim,M
68.1643597077583,31,165.23510867266407,57.07242136033616,60.18885977367112,Slim,XXS
69.05842815677465,29,169.71547963462788,63.4181701914421,65.97734963683706,Slim,S
65.32379252061054,64,161.23392473205132,72.16090950111727,81.64101545887874,Slim,M
57.13914876758549,23,161.89641541880238,92.72063705000492,130.3420467343043,Curvy,XXL
65.57996179597629,29,164.2353387486128,69.289565711015,90.13566461589501,Regular,M
73.16754087364684,45,167.15253674650043,79.97112813955626,86.15652767365599,Slim,L
75.34450889996438,37,168.18915724639555,73.96437859782618,105.28852381008016,Curvy,M
53.00882800793538,46,161.8672698124393,66.10186295872292,79.61045461506426,Regular,S
63.51974573109888,61,178.90632132132623,62.095942309296994,80.80147370022456,Regular,S
77.41806530638573,33,174.5219254664549,54.453802286028136,66.6389313980809,Regular,XXS
68.99475253517407,33,164.23533836232858,85.01006894778598,96.56379528817703,Slim,XL
63.05756734947473,61,181.7847475717057,65.21516600903179,79.8890168752874,Slim,S
60.366691832596054,19,156.21082255374446,74.44841184274848,91.2274000893923,Regular,M
67.7618896848228,62,164.9181619579406,63.56824723181339,78.7691457668396,Regular,S
60.10527534759045,22,172.00383813063348,75.03153816288975,90.97783158688216,Regular,L
72.97489739382638,18,171.4081116387544,79.14103864225713,95.50635185222473,Regular,L
82.39758635950723,60,181.1934537322131,78.5982198538118,95.37515285636998,Regular,L
60.61454909768176,35,161.58702579713332,67.68924129777487,78.71640366369051,Slim,S
71.90328971196544,32,176.48516654519423,85.96126724507533,100.4597976949355,Slim,XL
69.10794907017772,54,164.78663752724714,60.945281940622515,69.5321948209389,Slim,XXS
67.55972534327415,21,161.52696881148273,78.96294196471416,96.61081742312142,Regular,L
77.29079470303235,16,172.56401929261992,85.34694466645082,101.93315527504906,Regular,XL
71.21767849771737,37,165.78142800241375,84.61263491588024,92.96622750615323,Slim,XL
72.99832768033467,62,165.98056314537774,87.66357570671397,104.15594230927663,Regular,XXL
71.79369125924491,52,170.0464439354353,83.22059661891703,115.90293282218998,Curvy,XL
54.76264016720993,20,169.09053226315996,98.3363173056801,125.71703678328144,Regular,XXXL
79.23786037052675,68,178.65023331325915,73.67141059989073,93.94318097531914,Regular,M
57.686965396030466,27,166.69686474073725,85.7000406261108,114.23427507667367,Curvy,XL
51.57142592460188,67,156.14763058857497,73.3541798038072,83.26578724673598,Slim,M
57.660422404046855,69,160.87967592793152,106.47396854596145,141.5924206295736,Curvy,XXXL
65.5696584280139,42,162.78416094683024,66.71345845944579,86.09712692798567,Regular,S
65.47204435726323,46,167.4466623540822,65.58250646236843,89.02962219806724,Curvy,S
85.71277186936885,43,180.78303108979037,86.97639500966224,111.37595410761932,Regular,XL
71.01980876462785,16,166.79340967337438,84.83925608364241,98.36028993486877,Slim,XL
79.85883564819024,22,174.1180466753805,67.58520464924065,77.09952238964851,Slim,M
68.65771253877779,41,171.87592365740724,61.669729771630976,82.42492038542099,Regular,S
69.08356261665172,30,175.71264722586864,79.28179933058142,87.89586324685362,Slim,L
51.66811842102021,51,163.8428948996866,65.70197393191276,76.17436630221822,Slim,S
66.40084968890443,50,172.41892313886245,68.82791615016296,78.58348600536257,Slim,S
72.45849469971246,66,176.01405506253053,80.34302904751519,97.90859682912173,Regular,XL
75.80011826825273,17,169.21025700440063,93.94512941945264,104.24522625812159,Slim,XXL
51.8745218258359,58,152.859496703679,79.629797074321,90.5555022640325,Slim,L
53.79794042031139,56,164.14955222259258,77.70915756754636,98.99254852265125,Regular,L
59.60024944383732,67,164.0810766375195,79.19312046096942,102.54781103427011,Curvy,L
72.14922300293192,38,166.52936940406804,76.78009923587639,89.7257648811534,Slim,L
58.83780522647187,44,166.46035858585748,57.05432880085906,73.23074321951722,Curvy,XXS
72.34300217027133,20,171.8136227621066,72.65041065796504,86.29306164329154,Regular,M
55.19603915053078,17,166.56682817978026,76.37560628373718,92.43619350739905,Regular,L
60.74870196562153,49,161.35938908486867,64.68044071589863,70.75410246000492,Slim,S
64.97209340627425,54,170.81685436750055,74.01392044254656,90.0082375441207,Regular,M
81.98699083312941,49,175.45109110876913,94.94976466330405,113.93971269553714,Regular,XXL
76.16713932107575,64,173.18582377045854,64.18087964051156,80.94296290488873,Regular,S
68.61567107975735,44,166.30929474290366,63.323585539810374,77.76590927546151,Regular,S
89.53847650367429,69,182.37490541563207,62.9593750483156,81.37474265090428,Curvy,S
67.77557946699574,19,167.61385275838308,65.00559905560725,81.7568121068021,Regular,S
68.6763857890647,24,160.5849644369546,88.35666078235828,115.17509185271001,Curvy,XL
44.250905918277574,57,151.65120386356725,68.96669918942109,81.62366738907933,Regular,S
73.7960233734564,24,171.7695518965819,82.18262141581558,91.68590197389229,Slim,XL
59.39960921756986,34,169.5114610561287,81.99499628002367,113.60274322970656,Curvy,L
60.66734299674223,45,169.8105858668535,67.74610001780808,83.02304709814943,Regular,S
83.12903822721688,61,183.72643941689566,107.4339692163336,121.11121971669631,Slim,XXXL
50.088208958265774,58,149.75333610089305,70.0480123015417,84.3355139651059,Regular,M
62.361387481683344,26,173.04755237178344,71.34992738494972,79.86377561259395,Slim,M
55.17652585476016,32,162.1440580302794,65.98192710705432,79.71756485428088,Regular,S
80.90072953903169,31,173.71706203223061,85.42675170386116,94.73419742764483,Slim,XL
79.08631428704031,18,174.38337919045537,69.35864316739081,76.44990768716455,Slim,M
57.53898981217453,59,163.07501707587065,74.58303843451719,103.93236604471252,Curvy,L
51.62615083709687,57,157.32644686641675,80.97972951179014,97.41339566810232,Regular,L
71.1410096830542,34,165.4149610188403,104.8435404579228,117.15196166621061,Slim,XXXL
59.81536960249434,21,172.52586424437337,75.53495658945195,93.93548032429456,Regular,M
53.06288663118187,69,156.73329171199015,73.22122462853,91.10872108018759,Regular,M
70.92341121305087,60,175.31495852592633,66.39612331004751,81.79054514631873,Regular,S
81.5242015484321,39,178.99814273525817,70.25878201447371,83.26387428019552,Regular,M
62.773872255573735,66,173.78059914134084,80.4439076693346,97.37887311983359,Regular,L
61.089960637889156,47,154.57280113510413,68.22100476431686,77.12887283950946,Regular,S
77.49788292900469,58,180.9381584241036,85.82288818763266,98.38628194583423,Slim,XL
74.50523725106687,40,169.8330179184267,99.29680694243777,140.8049325712872,Curvy,XXXL
53.428285166672815,50,164.218666884713,59.731118452093654,68.62125943652008,Regular,XXS
58.76397338809696,24,175.2118260746711,94.03476578971365,116.90817314498206,Regular,XXL
54.24679490268039,37,159.30888129541486,84.51722980784417,99.41090849978185,Regular,XL
63.66948193212116,62,161.29477004540743,94.16356665552927,132.26547532211444,Curvy,XXL
73.61554915820663,67,172.19241193533375,79.56984758657605,96.29877963806734,Regular,L
53.20572302369934,33,166.38523146741116,56.354941780004886,71.12089927282165,Regular,XXS
62.38391762594526,51,174.99351955369525,65.08456970608115,79.68547299609394,Regular,S
69.4992098876668,51,164.10089096208355,64.46886281127965,75.34950168532094,Slim,S
64.38049400853917,58,160.95937873865472,67.0336934988264,73.36172476836569,Slim,S
50.72345839635435,68,162.86236584209007,77.60031629729187,89.30784549635943,Slim,L
60.63375237531883,66,164.12196115602475,80.95443588334038,107.60206883105705,Curvy,L
48.79944786028954,35,157.93295056587218,73.97536953688193,89.7645418759095,Regular,M
59.35635929089379,18,155.40287505691538,72.57381279330797,85.98145357693565,Regular,M
51.70876129976346,32,161.68971271255327,102.85318994708248,112.86072033066503,Slim,XXXL
52.953588642940794,24,163.13738135707752,82.09349158052844,88.22969258520334,Slim,XL
61.4824001526294,29,160.775035043016,90.97824822916444,101.8755799050158,Slim,XXL
77.6233743980926,56,177.68941574959558,65.58546543603542,87.69321516857268,Curvy,S
78.0227735825762,62,173.48301711025033,78.53242366460097,97.4024026838383,Regular,L
64.6374512253027,53,155.66987100348405,55.75937938308387,60.49143510960915,Slim,XXS
52.89052757464523,29,161.64010430632334,63.438932848916764,90.10359687534608,Curvy,S
46.89626046929937,52,151.60906109859158,82.42144303195835,102.9923492610396,Regular,XL
77.02649940673047,34,177.33454207940323,68.9279742758612,83.16056058410341,Regular,M
58.32334592628001,27,155.13465818991338,78.67344836893946,88.66091723977993,Slim,L
59.24427585784954,29,168.78083349514515,91.40036920771891,113.64638208673782,Regular,XXL
78.1235265938299,50,172.53616591832733,99.39047027030233,118.17444498385306,Slim,XXXL
64.0729726280792,55,170.3949027153327,63.03795710605526,78.62218706399544,Regular,S
71.74373664583413,47,169.00156273310202,86.68182930385538,103.16908269172417,Slim,XL
67.50288670147825,53,178.6207877232113,68.77591175874527,86.1371513018671,Regular,M
62.21651605281997,35,164.38645871741167,70.17747758640522,88.86961391178987,Regular,M
74.71593022782405,24,179.09720737978427,62.20102482224084,71.45234696626801,Slim,XXS
55.391989493815075,67,158.13895930265477,83.59392274538813,95.69965068018779,Slim,XL
54.33522102929812,65,152.71411925529702,68.6651570119566,95.02897903219679,Curvy,M
69.61445800612289,35,184.029952130592,88.51970254056708,123.19285548937302,Curvy,XL
72.89771271959228,19,176.9172039806917,61.36083564527575,69.73659836975258,Slim,XXS
54.09405522310931,26,166.27489968851637,80.57589577831475,90.36549893716571,Slim,L
66.51831321046909,23,171.1369698947146,55.40894155980811,58.96627777342948,Slim,XXS
50.87733180986904,18,160.99084774183456,82.44723613674063,114.77906285573061,Curvy,XL
52.19405456621551,64,165.55115522748665,70.35259347459031,87.53759264689138,Regular,M
56.131967499867834,57,165.38667755741082,71.03837608074167,77.58570455803773,Slim,M
73.48285533247602,21,173.74394705477144,56.7053113551321,83.38232294920549,Curvy,XXS
72.3122677792178,17,174.0790945953781,79.57119674194249,100.80866470169187,Regular,L
56.535770696314565,41,152.9233854730224,81.13912037786767,98.70844044788294,Regular,L
81.41023840259552,59,178.64389959289977,71.92025002156925,82.34485419367411,Slim,M
63.126886444905956,33,160.26952023933399,79.30138963588129,87.5136761886317,Slim,L
59.89769151132593,61,160.54287918806438,74.9623522422218,90.13545556912027,Regular,L
64.24806401792391,36,170.3093176846709,63.45713838821994,81.0284951050476,Regular,S
54.87028137883912,16,166.87379001721067,63.10763109653224,75.96673178332792,Regular,XXS
73.9701038018202,26,169.300177083449,107.46789420902793,119.48577523076227,Slim,XXXL
73.70252102018642,31,165.40518638795783,80.63262889535203,92.93470352933792,Slim,L
56.27722740976299,26,170.45578189366296,82.79272701200938,103.18693301618534,Regular,XL
60.6009783017634,44,167.6408828949537,68.06845758532428,79.3543845777878,Regular,M
69.0831209760376,50,169.5541916384079,73.03520346484233,89.00285767685057,Regular,L
64.13950263021758,32,158.0465144747298,80.39281766602116,86.95715087875351,Slim,L
60.51626729148538,20,155.5432796759952,76.06447942028448,98.46632273101578,Curvy,L
62.9347072512093,28,176.9704159131789,81.94799126638806,103.40450742915014,Regular,XL
69.15976376089444,31,165.19556571990012,79.3467455569851,101.05531375674431,Regular,L
66.01027202120422,34,161.1343909779143,74.1606524700882,87.80336239265857,Regular,M
72.9840172391455,30,164.65440396763552,74.64915323265248,84.83811962710678,Slim,L
68.53426515036976,53,178.5602804603071,63.299335780519456,75.60885313210062,Regular,S
50.615539946972014,42,155.8134462906527,65.90692486436761,75.5053695816485,Slim,S
75.35500640759683,16,183.92131779373253,69.22603946787687,101.21914522278789,Curvy,M
60.31107177760328,40,153.1424594764448,67.00440015706454,76.37444077703266,Slim,S
61.24093211027522,37,169.65418360737377,86.29668582648671,96.01303631279325,Slim,XL
81.16126211341566,66,174.24498730807252,62.4120607598213,74.747484303786,Regular,S
66.08386093939654,63,159.4028894208798,66.42656935741454,84.50090206649234,Regular,S
76.54371151768103,35,172.87376775086938,76.55955450260865,89.61470843224598,Regular,M
56.85306619241589,33,161.4466196777657,89.49379454972886,117.85306472423443,Curvy,XXL
62.14981842001951,54,167.20807850055667,79.41429710867911,90.46268131868017,Slim,L
63.24675424738404,40,169.14281586067506,73.41024899510508,100.54415670150055,Curvy,M
55.879636284504095,68,155.47534880121805,74.13345888825914,79.81325485057832,Slim,M
70.04455778476023,27,176.01195932739222,55.06426535506473,67.4773946568413,Regular,XXS
82.6081607801882,56,186.79305771350988,68.14090173268427,88.87196009800377,Regular,M
77.70812362875213,25,174.93054161206305,90.29558440177259,112.67819337474819,Regular,XXL
55.14048869597808,69,166.62122344640284,66.05206629954732,73.40281031234375,Slim,S
70.65394200513997,67,181.53532312887285,62.02628652213409,72.28784349839562,Slim,S
70.45809782833467,68,170.3193232156351,69.7306403783112,80.47213240858744,Slim,M
61.207625421743316,35,159.49542435705973,68.86362424592127,91.97298284206492,Curvy,M
80.3036034543885,31,174.19467372494861,81.46533576574028,102.99922253631775,Regular,XL
59.51248279624605,63,161.60982033825303,55.91516012819359,65.02659349215784,Slim,XXS
54.23175694753221,25,164.48308141952768,92.4351874786083,108.12626224987336,Regular,XXL
75.68899257465183,37,169.67711373719766,69.63957230010227,91.84316902007234,Curvy,M
62.96628795927295,59,176.43101433299844,60.771720982106146,75.6999074694026,Regular,XXS
59.297971006942426,41,172.74460026981532,108.03951263857303,121.11869106783264,Slim,XXXL
69.27182548618077,65,173.65434804744484,72.680698119858,96.53823334040435,Curvy,M
56.18010740620857,52,166.37195571852993,94.32830693003608,131.18144252527333,Curvy,XXL
55.59239744716974,39,165.64137533621366,57.37542516941546,78.67255097626834,Curvy,XXS
59.17828077836341,50,169.7703235748068,90.4945660082675,111.66903644118315,Regular,XXL
60.9568540504618,61,157.33351729910333,65.2866271303849,76.22214508676731,Slim,S
73.96283610074573,19,172.95416774204455,61.5708515091892,77.92016233701621,Regular,S
56.6416182753903,29,160.0697584511375,105.07147695749465,140.34421761323514,Curvy,XXXL
74.33653918538997,45,172.49924366322,74.6082554538412,90.25728239256783,Regular,M
72.7454183147106,59,168.46596665515065,77.72786379934986,83.5519043310359,Slim,L
55.68192817156655,17,169.53687811284507,70.4574047983308,87.35722927354516,Regular,M
52.89692512703075,41,163.0871534896659,104.53593866225519,131.5364033487661,Regular,XXXL
61.138474731473465,27,167.5283014347588,91.78408341457352,118.60960160922328,Regular,XXL
81.9696877632659,69,179.77762129543328,62.430360528156754,71.6586224857328,Slim,S
53.92636102909407,33,161.2812625793141,79.11337588861721,95.86866306693584,Regular,L
71.2104358924521,51,168.14835131070691,69.49165839348461,80.73423730989374,Slim,M
49.31686294009351,35,159.89580671934772,91.49926452142195,129.0225499737728,Curvy,XXL
69.67418939248314,49,169.06561790893355,80.67732889432575,97.31663653901607,Regular,XL
70.38261163778654,36,179.11847514872179,72.39397896938485,86.00001644503396,Regular,M
83.77755428326404,51,176.38331038903857,89.38837111124688,115.02379200947445,Regular,XXL
64.84393673974068,40,160.80083911842686,89.5191875248265,105.6195392386027,Slim,XXL
60.41675521559341,67,161.14591662380695,63.45405814379644,76.31319127175405,Regular,S
63.04983102334588,53,170.23657594938643,99.83358046985161,123.56623505676573,Regular,XXXL
62.5010551207934,51,167.0315929763302,83.4507115110072,98.83163556637095,Regular,XL
59.36277906181871,27,169.50025448404023,64.75164447008363,74.05353678146713,Slim,S
78.15214410025173,52,180.00175171149795,57.28025511190199,71.84270663718226,Regular,XXS
66.08461448871917,31,174.41380001357368,55.7232006696814,67.94490196405707,Regular,XXS
48.129838630106924,23,158.01575721811957,87.18512690001117,106.46693591082271,Regular,XXL
61.17619471786135,27,168.31071702918214,83.84115922180018,103.11757991761834,Regular,XL
52.14305569995529,38,162.99093628519495,75.143575995197,104.56694273548928,Curvy,L
67.0749050264427,67,175.7323184738921,81.76276346798615,90.60928013207513,Slim,L
62.5347921337099,44,172.19518804560693,85.29614372262458,101.8994893912446,Regular,XL
57.06078467334227,22,153.72180344694374,58.01575702310089,72.43040082354139,Regular,XXS
85.72224965287258,34,180.27558500322476,105.27419630779171,129.15929330300523,Regular,XXXL
59.198140553507464,46,163.7439849960012,69.44239066800942,80.9747165590873,Slim,M
59.492641959467264,25,167.92900605484417,79.16051268369915,88.23632535266948,Slim,L
64.68274278363964,26,173.56541494685726,102.76294836622073,115.26898593849239,Slim,XXXL
49.1624503802809,62,158.7691207884244,86.2750889798018,97.51456597655567,Slim,XL
59.59934372670214,61,171.95860816569424,78.49853337067111,107.26865811727295,Curvy,L
54.5746634897408,59,164.27702219129182,76.44666066006793,98.50954680677475,Regular,L
68.90990635426296,49,163.4415023866426,86.57474822062515,112.06367617414327,Regular,XL
76.85265683129957,65,181.32415177657094,63.23306926912561,74.91175026362967,Slim,S
76.09085224953688,55,178.1365840275682,77.60477464001477,83.06655317064191,Slim,L
59.307820986630766,16,169.56129362478944,74.18644957900163,95.93770985405678,Curvy,M
80.83676837158924,40,189.945629361699,59.172540348776934,72.22504031428191,Regular,XXS
67.72437419737753,61,173.96368355519965,77.09052596519655,105.85188129307967,Curvy,L
66.51942474883501,22,163.68130935250895,59.81528697250274,63.1767501461305,Slim,XXS
69.0520431073729,26,163.02058294121713,81.62139800662936,100.76181289745921,Regular,XL
67.282740237339,44,165.63547228423653,86.16656919035205,99.55544685275608,Slim,XL
58.18408261087323,60,160.26632222774154,73.04204498775142,79.47783113564778,Slim,M
84.21631027236907,60,183.46065606803447,63.78215220734728,89.72525309605138,Curvy,S
71.19568251320374,56,172.13614605171355,92.03859331182757,120.2870427451462,Curvy,XXL
75.83256371879742,48,168.35076378201708,63.02670813042787,72.5621538794776,Slim,S
61.83752740259002,41,156.34146474561302,66.23621255548497,81.45487590803204,Regular,S
77.80647769385351,48,172.37189548537532,81.7693099623421,94.96000173429245,Regular,L
75.98012120163209,53,182.51843722017986,80.19035015516133,105.41242283700906,Curvy,L
70.17301144896852,51,162.45837279785204,64.44444149254755,76.37407036163722,Regular,S
74.38315024755687,26,176.66711615053055,75.65834575097972,95.84472873476592,Curvy,L
48.920876842897556,51,151.2710023970478,72.66000480593594,80.08128405577206,Slim,M
48.99279547692651,46,154.6962579193389,98.18537997788863,120.38956898609183,Regular,XXXL
82.12598199103068,43,180.02365269805932,82.59413053567745,99.52982077083752,Regular,XL
51.110623876729626,62,161.60077052006957,84.51048783397877,112.68180270560669,Regular,XL
58.81184729320461,64,161.68787057557378,87.03408511559898,107.83525233272486,Regular,XL
72.82168637652354,39,180.41822446086033,93.1583742500187,108.3327939631593,Regular,XXL
60.94610746279903,27,153.2769712712335,77.14514272192696,105.7420923864852,Curvy,L
75.74605037289805,66,175.2150805456625,59.41970756881779,64.48218362078474,Slim,XXS
71.14300061081425,51,177.30178335723502,88.2377885038909,101.28258735806592,Slim,XXL
70.86419901954564,59,167.68937818212444,84.32081440182097,100.80774655805078,Regular,XL
55.649232654681626,68,164.14390465499224,64.86203746241003,72.81181199062905,Slim,S
64.64382968507485,55,159.66637331612756,63.432944292378465,79.9981836002261,Regular,S
55.421459935550345,52,163.39856836001883,75.77038239715884,96.85595522220264,Regular,L
52.188809252492646,41,163.3430960441496,80.97544704235557,86.58017407888902,Slim,L
75.03415414876373,38,169.72112370289238,79.42481851350328,101.41401365456497,Regular,L
51.3797417654758,39,163.1341320615332,85.81800721647026,120.22182320633767,Curvy,XL
54.561314840039245,47,158.9115952168026,77.94793972785519,97.63252011081524,Regular,L
58.34579182930239,17,167.8699206211978,85.03567282264507,105.99557915887335,Regular,XL
52.80937589335208,37,164.39204906362625,64.26009699236648,79.21922123392623,Regular,S
60.57069685770862,24,165.396869159921,79.40492310500377,96.6648282036718,Regular,L
57.204688926987224,32,171.78607005696233,108.02810951834084,124.44658343119899,Slim,XXXL
57.18247726831965,65,148.74377123374396,80.5869854940738,98.84249822093057,Regular,L
75.30217663206439,59,183.998628764277,79.23609887926388,88.15632468917453,Slim,L
66.32629713422594,18,170.9950247960326,67.53464532908167,80.89785942180029,Regular,M
75.11248743906613,26,189.0339056170273,74.72023434547086,88.0759284279223,Slim,M
67.92019656943826,42,167.12908945119358,84.2509535635753,108.90614708153015,Regular,XL
61.38272299656613,46,177.65298726691958,68.49281923817433,89.83063009615879,Regular,M
65.2590103874268,46,177.75292791080238,77.11264246658395,96.52653822278815,Regular,L
59.83254629969874,33,174.0496064852887,84.64226662623467,106.89495759547566,Regular,XL
79.4752372262826,43,177.15626303088655,96.18821175379587,124.27968321332503,Curvy,XXXL
64.32657723423821,51,167.40603629814473,59.61400645596187,71.49587464752749,Regular,XXS
54.4679194273482,55,160.55590346794006,84.02472365135544,105.36523873892476,Curvy,XL
72.13975348812491,35,168.77960867265074,66.74596001450246,83.8224192731348,Regular,S
74.46806045674329,38,171.7450538629399,81.22740194359831,100.13719818266452,Regular,L
83.26783148626879,41,176.54241998324562,65.74358036063595,81.32893857791953,Regular,S
56.31550335773129,39,168.7609481752179,84.96224636827756,113.44620233042771,Curvy,XL
70.70408403122659,58,163.75259442272727,73.346974225109,96.07990922101843,Curvy,M
57.27302999804567,31,156.2533371495415,59.94132145391334,67.92967505419342,Slim,XXS
48.6500857722672,58,157.7168761647755,69.7154217120353,79.08688106294034,Slim,M
71.79924303768625,18,169.10057175335083,71.3327805884484,86.56747709956751,Regular,M
57.698649851784026,64,169.90203374798452,93.022290545045,109.26362233060863,Regular,XXL
54.03492316359004,20,165.03581353885696,85.93142159164925,116.05519328743794,Curvy,XL
65.52106972300025,35,163.10967298731856,60.09248083178674,74.63929644650811,Slim,S
63.30583598884429,32,167.57420019966722,72.37696769865784,85.64442445740269,Regular,M
55.758069160264846,56,161.56537936700929,72.24981575600705,83.47173687886617,Regular,M
54.87414052879273,27,165.76130337032643,68.38338009369195,91.10737721781825,Curvy,S
78.39254652734324,49,177.4680161883356,76.55401260423965,85.35202811817445,Slim,L
63.141997827586884,55,169.52256152047696,64.81148282548352,71.32413303179604,Slim,S
67.25839274769552,25,170.37453983386436,75.65289350733377,88.34348312035716,Slim,L
63.94936627872682,59,169.31678439717518,75.6766612172847,108.19749579677578,Curvy,L
70.77706234369401,16,162.02541608476218,90.64448885623392,118.28314265350507,Curvy,XXL
57.54701824463534,50,170.14473589312882,61.050543942992554,80.29869912294366,Curvy,XXS
64.83155254827355,25,160.05730866263096,68.85584503342726,77.86814996923856,Slim,M
46.32411739724487,53,149.07215081814394,90.65522064947858,106.15443453333167,Slim,XXL
52.48882399389872,18,159.09515409844445,65.21156926663383,79.16159085871641,Regular,S
56.58439567221829,46,169.0189499101862,69.7939190895413,83.7037782880873,Slim,M
73.02351170352638,25,176.6392925638319,75.31639623579898,106.81184625770084,Curvy,L
54.156125031579364,36,164.34167188034047,80.14835643524123,90.38577795807726,Slim,L
62.273352782452356,30,168.13342434772213,67.9239317244257,87.13801805622124,Regular,M
57.98853124803435,64,159.67549002511612,88.63165808385239,100.76352042495775,Slim,XL
72.55381250123752,42,176.04549326113775,73.04529425281353,87.78937339012921,Regular,M
58.82765165105047,63,153.6677086198422,79.88827281626104,96.76047874942502,Regular,L
69.23816417129451,55,170.678701398271,85.88174763747594,97.89964994979708,Slim,XL
51.44951889057348,60,148.28412531114543,73.82796421351424,77.07507254783778,Slim,M
55.78983352924372,25,163.05710256887755,69.74237608875605,81.24549954380589,Regular,M
65.85874893823839,32,167.28257491019087,59.36143515096694,75.29266120279478,Regular,XXS
55.50543462513478,57,166.57230477876715,80.40895996396657,109.93724412878655,Curvy,L
66.9890128893442,46,167.89714117928094,73.05455386280774,90.96804525349344,Regular,M
59.227767051536745,41,163.32864062105705,77.20816969696901,100.83929439324604,Curvy,L
57.37771868809266,47,152.60281367056888,71.09285299845621,96.5189044149163,Curvy,M
66.30507283959797,31,156.78658378800952,77.42958627941142,94.11030334505955,Regular,L
60.66682773557998,39,166.35182399114305,67.78590278501845,74.22254425019679,Slim,M
65.69854427030126,65,158.70157362014112,92.4791213812379,105.70056785231529,Regular,XXL
58.63703208493031,52,175.28738765008697,78.55046727433842,94.90231768914234,Regular,L
60.348192972118724,61,169.40390629759662,70.31158315276248,94.73818358923027,Regular,M
59.627454668877284,18,161.09056917098525,83.14785921250615,91.69416604274392,Slim,XL
66.11861836167296,64,178.53981323897432,61.965996807947306,78.38567888199154,Regular,S
64.51972577094159,62,177.77828827485172,76.26032736874431,100.12591492385117,Regular,L
58.75716423140731,32,167.48955440536375,64.05249579673745,84.43383864727755,Curvy,S
71.01758477639747,17,174.72505284719514,75.88953161908131,95.19829680620815,Regular,L
65.85960762042328,69,170.63849925348725,75.15046958585157,79.7426206810387,Slim,M
61.52223943762917,51,172.35675242873884,56.28428759951994,69.76056272487644,Regular,XXS
67.10118085110976,56,169.83220065997492,91.25875984128818,112.55629321810324,Regular,XXL
64.76956469963606,56,167.20158832687736,70.29162945533393,81.55716809838616,Slim,M
65.93504672799223,34,156.73730226962724,84.19099117955236,98.1977780730122,Regular,XL
76.95140179761425,59,179.5819977001968,71.58688157548434,88.10721510015026,Regular,M
50.57703560362713,49,159.3528892051339,83.42449549238378,100.74198814071957,Regular,XL
60.0153404366166,37,176.46926739550787,73.410056474845,85.11097570952951,Slim,M
50.25454495839296,46,153.3005355204494,73.63066451641073,85.79551999827741,Regular,M
77.86520659408966,60,180.57934470611872,71.45277924122466,98.37193447914218,Curvy,M
72.77424019406708,20,166.98002851687303,66.70371652349861,79.70817752881527,Regular,S
69.87489184351483,24,161.99135419655647,66.95963791120302,90.91925734784188,Curvy,S
80.42380579624326,62,175.52766698553341,67.72880721678771,86.09878169946651,Regular,S
55.62579365170591,62,168.7771670118366,78.85141296888598,104.81465693892982,Curvy,L
69.23818169707388,44,167.75524572468822,67.82615015123842,75.13880588014995,Slim,S
73.28268733637252,32,176.64485311342185,94.67261595322701,107.03973739895386,Slim,XXXL
79.76261630101575,61,173.26697290108058,58.39956990837879,70.01752728415745,Regular,XXS
52.3436766664617,26,159.34361921277417,77.78731911561307,90.53309984274142,Slim,L
61.48508804030762,35,171.8935367429233,92.2480590891891,116.23621629260953,Regular,XXL
46.09416758890256,35,154.9736560064922,77.46161151648568,81.03594895050688,Slim,L
74.11084406908101,24,166.06955761888486,99.2117892489505,114.49005142053068,Slim,XXXL
48.49956724056123,28,156.02394314617214,103.60000545338823,127.53805976926417,Regular,XXXL
76.04245091060791,46,170.7404324270302,64.43691759624933,86.94924059317495,Regular,S
64.56237474940039,31,175.8631513810849,53.14729597808058,68.40999951566934,Regular,XXS
52.35443254040748,30,165.94506912415707,80.34241483400831,88.231741327865,Slim,L
61.82950826574735,29,159.54942332903013,69.50897741352173,75.80960579557896,Slim,M
62.48694082865899,62,174.90913363072295,56.76010339574683,78.70433631034199,Curvy,XXS
54.88023091867071,37,167.48981714408322,96.41313009481259,109.7402189429712,Slim,XXL
53.397446306194645,62,161.8737146929321,91.77489401759027,99.98456808165511,Slim,XXL
78.47286945651456,54,174.61460800485762,73.9976154295926,83.12618354831582,Slim,M
69.49082169975932,47,177.6792295041009,79.21309976857756,91.8914132156118,Slim,L
64.25360974127145,42,174.29931404213204,80.87692706357912,93.98582887497925,Slim,L
84.33951510726219,28,177.72304830152288,69.21371256173636,86.44724281177311,Regular,M
77.22318527208577,26,175.4760523442168,67.34536124224049,91.83234813695398,Curvy,S
73.43352830137604,48,167.8327914730634,101.79440395335013,126.28161353595357,Regular,XXXL
60.0796853582029,67,170.08345526355555,76.52489305227856,104.73812698079267,Curvy,L
71.17123114720512,28,167.22974312390429,70.05518404232008,83.62662576602814,Regular,M
60.608616737065304,21,173.0250707899826,68.6929279528443,88.78129470762408,Curvy,M
65.08144176359875,39,165.6335300852265,67.71413532391126,79.73167032584509,Regular,S
63.608131100990256,42,168.74681529623612,97.82953515134382,128.7883009059003,Curvy,XXXL
57.839682807831174,68,158.14168753965492,80.12827540444229,89.17427482343167,Slim,L
61.214255643601255,43,165.88032525175186,85.17078235834177,95.54496973010616,Regular,XL
74.02325413679335,64,168.06774434976842,77.89074123221646,98.00592358876769,Curvy,L
65.63603484638129,24,165.88317538008877,66.57443347873134,72.24476162643516,Slim,S
51.884199976374084,49,164.12217203707678,63.518883138108976,69.80855304834941,Slim,S
71.12216758925013,28,169.37975945750935,80.4623435056637,94.92741546247288,Regular,L
57.84544189054149,49,158.7504877992891,84.16574647992908,100.98842759746194,Regular,XL
61.420601220727136,49,169.41730084668157,68.69746967676646,76.26073993595955,Slim,M
61.678307366375655,38,167.86459711950295,76.29287917497795,108.93297101303055,Curvy,L
71.54526352106627,22,162.98311249852952,100.93155667321915,129.0732488145036,Regular,XXXL
55.65789287206319,49,168.3525833933198,82.54042615731954,96.24264782338913,Regular,XL
60.502701828108655,23,158.44843440773215,65.9346899452464,79.74091722849468,Regular,S
84.16031505409154,42,176.5673665279562,69.32201391968506,92.76105116525929,Curvy,M
67.12725698960763,46,172.33910434720502,74.27144547695333,90.09545516167451,Regular,M
68.33571506185608,18,166.07634620073148,63.29053291566351,80.39177633687403,Regular,S
68.14493707025804,58,168.51587255256868,67.87883491001564,87.71764148819408,Curvy,M
67.66811036771851,67,162.05976395784364,62.6919841675925,89.24188142363091,Curvy,S
55.62575957097685,53,168.0474103575879,72.48468254693121,88.32907285587684,Regular,M
74.1200480303329,63,172.787278163505,76.57609745694145,98.83512572468122,Curvy,L
59.327955323343616,49,162.8669508679742,74.47742270707535,103.07758473528155,Curvy,M
74.38958890875641,60,166.52626655105874,82.18018255798542,96.17572925596258,Regular,XL
55.14119048960597,64,164.256417453086,101.25650432908607,138.22590882908779,Curvy,XXXL
85.25765990039609,63,178.05650068663812,76.02922272267,95.74222730048719,Regular,L
49.73533173700911,52,161.71036816585334,68.96253395602531,86.55048658879203,Regular,M
61.202153642404895,21,173.93418377144462,77.509393211361,87.34239205492008,Slim,L
66.39283450806498,64,169.02704880157842,79.95716939686042,83.92387897554143,Slim,L
63.26735786431927,52,160.54336753678754,86.38650240249132,98.96589985248382,Slim,XL
51.42347935148078,18,157.23961702295074,94.65184291201508,132.77183144804383,Curvy,XXL
63.95302755534604,66,175.74263048536835,78.51946151446944,96.984664689228,Regular,L
65.52269040616164,52,175.33116627861955,89.95549691370707,116.56445760742506,Regular,XXL
72.80321421065044,54,164.46120723958924,83.90218287193817,95.15478583199024,Slim,XL
71.76342243810687,65,166.48826704089674,77.37182606085885,95.84888239831422,Regular,L
67.17496964469817,33,162.48605669507162,81.44847322577581,89.5858469764182,Slim,L
64.76597636943576,22,166.99850023875814,73.03659189782535,82.51151595212706,Slim,M
60.604437376135934,46,172.43968101003136,59.2810205711916,79.87443583810263,Curvy,XXS
66.64656142898589,29,164.5641170531228,78.24504142146154,91.20721426297816,Slim,L
82.88634307331537,44,183.81326506533924,88.6534434834723,100.62799241463433,Slim,XXL
81.34616848053344,44,176.20328741304732,76.93429703936732,95.01252609223641,Regular,L
76.33680110353352,59,179.52645982312035,83.51832122957099,104.55129136138069,Regular,XL
49.718557269868995,56,154.14682902272116,56.71594878038815,72.53449317133601,Regular,XXS
71.82623307146768,48,167.72560785109502,89.03968438345817,122.93923140249038,Curvy,XL
74.28219790378458,59,181.84137644617311,97.31846866663324,116.38938047733836,Regular,XXL
49.75241193657606,57,149.30249131636788,72.65822638159901,86.9750179406695,Slim,L
67.0943472226061,35,158.34369923061766,83.88509367089415,114.5543275053304,Curvy,XL
64.03296464930338,27,174.86859417921784,72.59009782249666,86.90556043544989,Regular,M
55.40097359960123,37,168.1717173488005,66.27573933703573,82.68836104659782,Regular,S
69.22099188774399,69,170.6928829347706,53.76315720221882,61.62149740085334,Slim,XXS
55.26889409064117,66,164.2527995620746,88.5478281471256,110.4739280624946,Regular,XL
67.77420674438685,49,164.22704534618163,84.10346723476427,110.17603896969987,Curvy,XL
52.725020349128016,64,151.74435685163013,73.45959955589097,82.24473942693281,Slim,M
62.07120191099828,50,167.98797460073231,57.4267168665973,70.25217418166511,Regular,XXS
73.89573687475038,56,172.9581939738865,61.46627508741172,70.638651057633,Regular,XXS
74.26462875694698,51,173.6224269479382,75.41729936911612,93.0189855656769,Regular,L
54.17212125460013,25,162.17942227635032,92.01035766429128,108.41079911993576,Slim,XXL
73.85389553909356,37,171.77174064727473,63.35848964272216,71.42042154782239,Slim,S
59.55988197428511,56,160.3971065417262,55.02733166114464,66.6605118998367,Slim,XXS
86.39331502464138,63,183.5117733101904,77.26560341402742,96.07950197746781,Regular,L
74.97556238047326,18,177.99992768562134,72.59810299037922,82.25057316997236,Slim,M
64.98589171304054,35,157.90036273711897,76.90504710540863,95.66775362058269,Regular,L
76.66044973876677,53,172.01424367024288,74.14739275012421,93.24292435410553,Regular,M
56.42297951776673,63,158.7469104644696,92.70199954864665,103.2160716487016,Slim,XXL
67.76257586774582,18,182.67438758565677,75.37850975777462,90.30801080006282,Regular,L
56.95877390706934,48,159.65606878537628,67.56702618129441,82.91058254738815,Regular,S
57.08900629978874,16,154.02304572441727,73.09745533936767,100.7580463156009,Curvy,M
56.46651733005036,19,161.74610567239154,75.69318556106751,95.22503257428633,Regular,L
58.85251563014426,39,172.25877761595564,83.7728774398233,101.97196080245736,Regular,XL
82.62040946097363,42,179.1103241255364,86.67821822773249,98.93666731824291,Slim,XL
65.84822999238051,43,168.10431036531426,76.01912373907943,94.29926713199825,Regular,M
53.93371003286399,69,164.23440929731967,80.13923152697586,92.2018469625387,Slim,L
84.81616296200673,35,178.98976769827306,76.77294773449083,97.73562766956861,Regular,L
52.9747499466286,47,164.7766628178749,77.03742431229193,91.37499020190168,Slim,L
55.34405637981442,31,169.34869241878653,62.56404099072379,68.28379139675691,Slim,XXS
63.612992630465335,48,160.71555545755575,80.9770553977155,97.07239256205719,Regular,L
59.83803197753817,63,168.98519025319362,93.54173993359616,117.86538848696537,Regular,XXL
64.68802673643202,24,173.10006596676743,73.57360201351288,92.74300210685149,Regular,L
54.63036149016958,43,154.28726661441763,87.9902068386956,103.9799526003091,Regular,XL
77.41423505642128,63,172.30190315511186,65.41044903325283,78.03854916320131,Regular,S
64.48701843799444,41,167.49063183744335,75.03848788162605,81.04484319746444,Slim,M
58.43289362622238,40,166.6351097387751,88.48688673635061,100.4487803867499,Slim,XXL
49.529420836014665,58,152.79829853840195,56.320240427063396,69.76310344593962,Regular,XXS
82.45521993262236,34,177.85805530506087,81.67765146952992,95.69419925537281,Regular,L
66.14931976248087,69,168.5723126356237,78.3938701066275,84.99925198491015,Slim,L
67.28917096098137,54,169.19845549343702,94.2521030546231,118.30850053849683,Regular,XXL
81.34042242554182,34,175.68336126997468,80.5478536082067,93.37660963743545,Slim,L
66.97555116904206,45,184.21347822691757,106.986572788128,127.79833339318934,Regular,XXXL
57.25341671347129,42,160.48820303637126,65.0449399393494,85.54413345338631,Curvy,S
73.65568561424429,20,168.2523890900298,57.71206709111354,75.24281593105839,Regular,XXS
58.45729013846006,30,172.97312770307832,79.14842347188943,100.38236866594889,Regular,L
71.93359300587066,35,183.8209604473418,64.24792373452415,80.62713172160856,Regular,S
58.89682015994298,49,157.27014058998802,74.35810751081735,108.62968629157467,Curvy,L
53.972800893027014,16,155.7576395390995,62.75695486336483,79.41172838091838,Regular,S
55.81815179852226,53,165.74135532230895,65.12340624388327,74.04140196483112,Slim,S
66.23896390287105,34,162.27103980804424,76.14080113845698,84.53025938953293,Slim,L
59.810836712510465,69,162.8522393603563,72.03570778526246,94.1809094527388,Curvy,M
78.05786557235,30,179.54795833106482,54.16907949958834,69.71501827456704,Regular,XXS
63.012227975732884,67,161.14797837525435,69.04922300547096,74.36973624458774,Slim,M
56.75642767708034,56,155.4042241911246,93.33641740771868,128.09851900467027,Curvy,XXL
60.60746543688108,17,169.9630950016482,76.18627262288618,97.72863232308022,Curvy,M
74.83656652193517,60,171.99756787609167,71.38002550950716,93.16362139041182,Curvy,M
70.69905375619118,23,172.4364651722414,82.49151536067728,103.81105862426845,Regular,XL
66.08913552733553,30,164.36481684728304,74.52800943650624,91.44196327645275,Regular,M
58.35972661276015,55,168.33337483153457,62.94586515421509,73.89205877557218,Slim,S
57.33726633349123,43,164.90099992679615,98.29088571320794,125.88093841989784,Curvy,XXXL
80.23426347226929,32,175.9059659462386,77.03870407122128,91.89301311414339,Slim,L
62.521328457723214,65,176.64657404764912,101.20125945226106,123.34247146182308,Regular,XXXL
87.51237045111141,34,180.98789696573172,68.04769918306994,82.77242881504458,Regular,M
56.89817886223478,51,169.3592115374178,73.18231243536707,79.26086283329722,Slim,M
76.7996203923487,21,177.64405897903768,77.45544242352075,100.10214016610676,Regular,L
57.290127138501376,52,164.4886784858362,78.21255992205039,99.35448545573443,Regular,L
79.43652297127186,40,173.60701894755846,99.94297471770167,140.36949733175234,Curvy,XXXL
62.22126507987919,39,161.3147647840226,60.18989034795127,81.6339629866155,Curvy,XXS
60.4061770519145,48,172.35290922390672,79.27582994028006,96.58059600045091,Regular,L
72.33540537261479,21,165.2182817032961,83.2491653591754,105.58293475972171,Regular,XL
72.61735981903924,55,174.00280412398283,76.63617778445965,101.1196162796399,Curvy,L
58.55378186366823,45,171.3929834031231,70.72345882387145,100.23692596239597,Curvy,M
47.34988601685654,35,157.1994446511059,94.28484223221501,127.06183674432917,Curvy,XXL
73.2848369050764,54,165.86402136831626,77.42955903516759,109.21628998801151,Curvy,L
59.41349676434647,23,172.31603615852433,87.82683673247647,118.86008159670727,Curvy,XXL
67.69380892183766,62,166.42841898923118,81.87014265642259,90.98374379999743,Slim,L
70.10953205937079,62,166.7874070728168,67.04484859907494,83.89087857286972,Curvy,S
70.57261651572381,53,168.55427645839538,80.16070704325703,104.01235883432702,Regular,XL
51.96479613414451,68,152.09048269514298,69.1898350991728,89.00533572838175,Regular,M
64.02912482044155,24,165.547182389415,102.81073029641908,122.24976376028255,Regular,XXXL
52.98277248077101,67,166.96794858345768,67.21370773823678,80.83823450678005,Regular,S
62.94722305697372,18,171.60136798918785,79.78483035308524,103.90709306163569,Curvy,L
62.17319161606563,63,172.58441871537818,73.3753370544115,103.07191080325138,Curvy,M
54.103186263663844,69,159.8996786554407,57.95158302470586,70.05718926201736,Regular,XXS
59.22965321132903,40,168.29392870371532,108.20697117747183,128.19534382390447,Regular,XXXL
56.21187440874644,33,169.649877078844,69.38499606854708,90.4289276033462,Curvy,S
51.850487500391694,21,163.30407545190062,94.77190366050509,118.26052291301335,Regular,XXL
63.77067292341973,24,178.4409109416252,72.10548736101298,81.76789903342785,Slim,M
74.50354579609716,44,166.48448244618393,68.77706170458144,94.45934731299786,Curvy,M
70.48605656574782,31,169.53778843666416,70.91400402706665,78.30252118461375,Slim,M
73.16307655551003,65,167.76046994476812,77.7414399837731,86.67775958736617,Slim,L
68.73631959565613,20,179.46458287382293,92.82018568549738,114.65761830057741,Regular,XXL
72.74230640401065,63,177.35903520187287,89.58014218367725,106.64908186055668,Regular,XXL
53.76895329454355,64,160.69835269111317,95.05396777987482,105.47697557500348,Slim,XXL
79.91234064439944,64,174.0787327282008,99.45735161743042,110.84072607982192,Slim,XXXL
72.23803459662098,61,174.11124892092604,105.52518486202645,146.34421333996025,Curvy,XXXL
65.26018360145954,62,166.51944860420858,63.95328220702738,84.87269337449591,Curvy,S
70.85702595766773,28,181.86209988847503,72.14544493108731,84.71471620669621,Slim,M
52.84732999569968,20,150.54938958544045,71.2470176914128,82.12525975130288,Slim,M
62.0293331578343,16,179.038169347047,71.54241038976419,76.50622461171943,Slim,M
58.26585615315254,29,164.2800878746868,64.96841346525005,77.92694046539715,Regular,S
61.385571087434755,55,158.06369241937722,80.09436500183222,98.15050571333092,Regular,L
68.9719353162283,48,162.80612522149693,74.73663811562508,100.07953540410409,Curvy,M
58.680719933835185,38,175.6798341397693,76.46195130774285,92.2004237300112,Regular,L
61.192289983279494,58,164.61082998853348,69.3388211862884,94.5657135907666,Curvy,M
49.02928106011607,43,155.86226189159257,90.77206641640454,103.33428725083486,Slim,XXL
64.42084173851315,45,160.19532650462466,55.49233004069271,61.08610235318798,Slim,XXS
71.92738688399966,61,166.7330428863134,64.5848473187831,72.23972670366696,Slim,S
63.457157717104074,62,173.24742047683026,88.64324201273568,95.54351452639877,Slim,XXL
80.6724138384368,22,177.95678539957407,70.76039245943524,88.63634970805458,Regular,M
72.37405169939268,58,175.36453465653847,92.09875419987353,113.06225564904955,Regular,XXL
52.334407001399065,31,161.5394566785593,56.31533797134883,68.87548514770647,Slim,XXS
51.25708501688598,34,162.45437431234544,61.750979012730184,70.86742077969417,Slim,S
67.21932970207814,32,158.28725162669124,82.81362904906815,104.65880955585817,Regular,XL
57.42475069550079,68,169.36147093610228,68.7660187613682,79.9468670366345,Slim,M
57.10469375320682,36,156.5510895141665,77.25715430300447,92.08624990636655,Regular,L
72.44471706872798,36,188.12742631691535,72.90997847814886,92.77912612259138,Regular,M
56.391584490525496,60,157.66171792125965,91.6249048054295,114.35927981777482,Regular,XXL
72.03686581105072,28,167.58635869123444,82.18649804393468,112.14843191938927,Curvy,L
70.11961286296585,55,164.22763925365422,91.25550880284803,126.25299530710575,Curvy,XXL
61.18268878405368,54,167.85942656312767,82.06129932176958,94.39578937095918,Slim,L
73.34517084772371,45,173.131506854962,77.88630742708769,93.6288608131697,Regular,L
59.00968722597968,49,165.29390837652684,69.27321074810905,84.06341561077247,Regular,M
64.37496083034294,56,174.3175737587639,68.63000307642692,74.97002722802165,Slim,S
81.26686892124604,61,181.9432297897361,57.31020387662188,62.430332336582154,Slim,XXS
50.90324998410504,66,154.39398244916876,69.82155397506257,87.57892727170447,Regular,M
65.82708799705844,29,168.19771491538444,93.96646724577514,111.83671899087773,Regular,XXL
66.08649027240119,29,157.92033119861892,64.71984582593032,69.15949382363495,Slim,S
73.09516424803697,40,165.97881303299238,77.62955068618662,92.97897063437894,Regular,L
53.66368481157049,52,161.0189481920456,95.52202234611751,121.71949187280218,Curvy,XXL
71.30660218941077,56,172.75938904157323,63.096116548128784,78.26428271379896,Regular,S
64.15969323855133,56,171.68009230609385,75.09287657502017,91.64667786114249,Regular,L
72.89588497898164,50,170.14547878543416,81.33924687885825,110.26165409151862,Curvy,L
64.77929324516295,56,164.8403462303306,77.57802046561058,97.43558073988603,Regular,L
60.801239768888486,55,157.54325331980638,101.58940984753002,145.298962593539,Curvy,XXXL
78.17176004479457,35,177.73455401928675,91.0915570559006,110.6051495770617,Regular,XXL
81.97909389619338,62,176.52289315328295,57.493269826630396,75.34473211573635,Regular,XXS
48.46540841566973,53,158.35869837567165,83.79837246683672,95.41375311718666,Regular,XL
66.10048813015973,40,168.0144457236729,80.10650812237179,90.86628976091218,Slim,L
50.05654282487429,65,158.42882549362434,60.13540021618988,76.91093308310454,Regular,XXS
63.18396619300865,16,169.4093075150227,79.15991113349614,93.7973498194353,Regular,L
53.836428130829105,47,168.30958254569498,55.80760611949011,75.00134949469684,Curvy,XXS
61.19078726045052,57,177.63988463394404,69.88889718386096,87.20803912538447,Regular,M
64.92173428772824,18,159.2268150328276,88.84577737141184,103.52317871833293,Regular,XXL
67.48493313681345,20,161.8770331912146,84.20269434712326,102.89004588964904,Regular,XL
57.67100221646625,34,164.5851305473672,82.18725773833123,91.5502037881833,Slim,XL
71.99155881068955,39,170.9690744652997,71.15886755206986,93.47111849476377,Regular,M
67.69109338003186,28,176.74179465624604,93.28882483542613,127.04113242913543,Curvy,XXL
59.164853297580684,57,163.39186050877822,75.78364664723291,92.87837451535238,Regular,L
64.3249461147001,46,163.2385104406141,84.24366170339732,102.54898141026162,Regular,XL
74.46259903949365,32,173.98919308810048,63.73611655340017,79.21159592684727,Regular,S
57.24582798951929,16,164.30052276551038,59.05906931396383,77.65407485993315,Curvy,XXS
69.39597589052441,25,168.1951329570794,91.11398660316047,109.60073667541079,Regular,XXL
55.500899801992965,56,151.28811684765375,76.96979910578605,90.62352495162459,Regular,L
59.62772356817016,23,160.6524511813396,81.77157090198612,108.26330259108369,Curvy,L
73.494960873538,56,170.87364200741922,105.51202779908257,131.65727866136803,Regular,XXXL
67.1864202974919,67,163.9015193632705,63.824939882836006,76.7982534714944,Regular,S
62.52445861283607,64,158.06865134112462,69.9763712932352,88.67794972088558,Regular,M
55.63680433239938,35,160.3578667650689,74.04297991632161,96.35151561210067,Curvy,L
68.28353914449437,31,162.9951664385739,87.69427053692867,105.56198827398876,Regular,XL
71.5376042568133,19,170.36192174636267,79.7975010083856,105.68388304379043,Curvy,L
54.37415060121508,57,161.24134077806224,75.42488346841644,92.78802189420182,Slim,L
61.90966011154628,27,161.93193064204343,82.89975764640887,111.93390699941166,Curvy,XL
79.03291184849623,39,176.52462424355505,98.96971617498454,125.52054176204244,Regular,XXXL
65.67790060953385,25,169.34292697241213,92.48739461877095,122.85683162647115,Curvy,XXL
72.0611157559369,19,168.7906137344951,95.18534169622069,104.94654099058798,Slim,XXL
57.057647696198174,22,156.01623743286498,55.020873079236075,72.40041566250207,Regular,XXS
55.469371955525865,36,157.10100974458524,66.36408378786788,82.82762369448773,Regular,S
61.59197169570389,59,176.53932950445136,75.75090795404323,100.58523874124104,Curvy,M
51.26124972294477,55,159.75098777898168,67.99986756120815,82.41470985108859,Regular,S
74.78114119986733,19,175.22662963116275,75.65344296707653,94.85786882810909,Regular,L
61.2936048319172,68,160.34955681249735,68.39427098877623,98.95993809734647,Curvy,M
50.73446645992157,47,157.08939687052106,73.59963760365059,84.01619601383825,Slim,M
81.7211345031955,17,184.5489536349985,71.1864917572337,83.68498316843481,Slim,M
70.02787036010714,42,173.76619572143682,65.17171078222636,83.5525782139281,Regular,S
67.56493422297649,60,172.50417315924253,60.938582249559616,64.17664584229672,Slim,XXS
65.87987208039483,23,166.6028172054313,78.0400808832394,112.0641424298175,Curvy,L
56.81895118968306,33,156.12741346589993,64.51126102001564,80.35861791185295,Regular,S
75.45445923744145,50,180.24430840339792,95.87850022514712,115.12016453409782,Regular,XXXL
68.05780160031019,37,168.56992263559434,63.86938447597485,81.28708558470822,Regular,S
66.06124878318042,16,164.72918754271376,86.02609614581635,113.91803179682675,Curvy,XL
66.05464643593218,50,160.24622496048653,102.84294695103003,125.93310514711641,Regular,XXXL
80.94750315818634,42,182.0107461405371,74.62531889860814,93.01856101166051,Regular,L
62.17589097201527,57,171.92416397669552,81.24969303005409,98.32104352689586,Regular,XL
71.34581961021973,34,168.56777049960303,58.35011559506494,67.2176487715693,Slim,XXS
57.626534551505166,25,160.72042331111436,76.59117970152795,102.55734674455215,Curvy,L
51.85957520462922,51,160.91504304596364,67.77907886284112,84.71369091005168,Regular,S
69.65932348975217,29,167.3579112927871,68.0474846672538,84.00317500225567,Regular,S
72.01862947551162,27,175.57311341976205,74.46589446284219,82.85261577778506,Slim,L
68.03491058600093,35,164.9098512406925,92.35558920504556,118.74188997708916,Regular,XXL
61.722484234469476,38,155.9970964615637,72.14168078407238,88.26034036523218,Regular,M
65.26951079300015,18,157.54216706634247,94.37845392376332,128.9740974446496,Curvy,XXL
61.73998799306972,61,171.21830224928016,67.99985482417084,81.53456795609635,Slim,M
57.214354825009394,27,164.84903658376217,76.95008022704714,92.51685032768154,Regular,L
72.27369700941756,60,168.873165478497,69.52859974347844,101.36316057246108,Curvy,M
78.80080778496406,65,172.8630317018782,80.03247789864758,108.210574310986,Curvy,L
62.93034931355415,41,172.59070569921568,73.82051936705216,85.9921140813527,Slim,L
70.44009902829858,37,178.9473391966638,73.48000701169285,91.12366892848696,Regular,M
54.7016807020663,22,165.00752771522062,78.74049426734531,100.49373737885519,Regular,L
67.62761624036936,50,168.34043591636492,66.79928727125477,87.72440029511644,Curvy,S
56.69191357022366,58,162.63019704642485,70.82273593051063,87.33567841385427,Regular,M
68.53347449460747,53,165.57781331986914,89.14656609890223,95.39931034273545,Slim,XL
69.3518557313359,49,167.25731979522948,71.56968038472411,87.39846464346522,Regular,M
62.55974606721587,37,162.804335738907,85.80340246168538,103.9774553292035,Regular,XL
59.42491865189752,64,163.92924704797784,78.46971147040702,86.03881772424307,Slim,L
53.58261854990261,19,162.33419534538692,92.35505063745995,110.84562796962584,Regular,XXL
72.39256927712172,18,169.3236552496861,89.48624703575615,98.92209326879825,Slim,XL
57.1769603066143,38,173.1168060928191,76.15808653891835,91.48346217727428,Regular,L
60.71180284801761,25,166.24043884840677,68.7592770741832,90.63196594717093,Curvy,S
69.2800447491647,17,169.71048118108124,85.60990702549786,106.1470316689364,Regular,XL
74.40523059358758,25,175.2833899290622,74.95916373045254,94.207209640227,Regular,L
68.63670670766153,39,171.183753976362,89.48476906951275,104.17734539197473,Slim,XXL
71.35574796529909,45,177.64219380104316,77.03109426299035,92.4238442246621,Regular,L
77.86745423075247,25,171.11048733646788,62.782903084546376,70.917601024288,Slim,S
68.49216706877338,17,171.59462795132663,63.005806751078346,73.70139596064185,Slim,S
78.27419775760988,50,176.41845928165313,73.15182614093308,88.72851680410963,Regular,M
60.32795996543583,38,165.1317126166179,64.25839404922007,77.13416778771558,Regular,S
60.35913017494537,17,160.95130539718173,75.27189488260025,86.50976928634819,Slim,L
79.40711017148558,69,173.86433586883595,74.24907820461425,84.58449926526866,Slim,M
59.274139858307215,52,175.16098045213172,62.99118044943852,78.61738034626441,Regular,S
69.5999222687464,17,176.7531785544877,70.40008052144908,79.85364695037987,Slim,M
61.79058825456645,47,162.7281534940993,71.61341874192725,84.17011366221169,Slim,M
61.46383501256836,50,179.3878366594764,80.04030659394734,90.60615724193009,Slim,L
63.77360919099157,62,179.43977974193,96.91362901641168,112.17574637037941,Slim,XXXL
75.18290895773923,31,169.35967896748423,64.71515445676295,81.51509868671057,Regular,S
77.64643199481276,50,179.4952065895831,72.62838545989045,83.47695110872779,Slim,M
61.473755504512745,59,157.3413826112493,81.31003561249356,98.1010981102332,Regular,L
55.577050126503764,16,153.49637068152822,68.42052273740508,81.94235371793246,Regular,M
52.40390199390561,63,159.9629853557417,78.80648487096039,87.59816486575981,Slim,L
49.34025636185855,16,160.61013839889546,74.03504817188312,90.91225481661962,Regular,M
57.0944505243212,28,170.09146425780213,59.292980057942785,71.8514475182868,Regular,XXS
63.17054931019425,43,169.81759497259037,72.83896711881323,90.94545240138548,Regular,M
63.31282437456896,38,174.29723631380085,85.60020450944535,103.10910170904482,Regular,XL
75.91133670955342,52,173.48959140852364,76.98253007671339,103.54771500096903,Curvy,L
70.15806976455119,29,175.05797967324185,67.47105990638286,86.4456776267816,Regular,M
72.0993059932036,45,173.5916857076008,62.02284496496984,82.71337715007546,Curvy,XXS
63.89907729732998,60,169.55008373242586,75.72574135245092,85.70629456586603,Slim,L
73.91316833669964,62,176.23155537880314,63.256338987113345,85.47197026638605,Curvy,S
61.066903915710384,25,164.68022043015975,67.66255957944456,83.47827640035185,Regular,S
67.04104680658759,51,163.6382219323424,69.10071690319978,93.7200140102114,Curvy,M
59.54536063502501,41,167.54827055128604,90.21393061650787,123.02556714858608,Curvy,XL
55.485895861058545,28,159.6297169252445,70.01896296619763,80.8759986779796,Slim,M
61.01217936619827,33,174.21243019413623,94.98514094089533,124.81392676801843,Curvy,XXL
80.65184318286428,52,173.51741949421714,66.55284134108472,71.67270447886588,Slim,S
69.97839778890672,56,184.02066644423948,56.14411609767054,73.66652348233403,Regular,XXS
53.98821753864331,41,168.3023854556202,84.00237051407717,104.58995227949026,Regular,XL
61.64320220925581,48,168.2991506546052,85.54692447022214,105.84873943528693,Regular,XL
67.9672041772805,42,171.77880440701085,87.744919669095,101.0102875559303,Slim,XL
77.71758330025082,18,171.6230355980343,67.49415732903311,81.84506789284946,Regular,S
58.42134270968534,57,165.66669191395886,79.0324328349889,109.25786805358493,Curvy,L
62.78259272755742,63,159.8727002904054,66.5522272954322,86.36945971645119,Curvy,S
67.64115878889943,29,159.18026008283758,84.98808615128353,118.89571675695923,Curvy,XL
60.956074148284394,40,163.92385108447434,56.62252849047322,64.07930132016222,Regular,XXS
65.87790499181466,64,168.11751995479042,98.60946503306036,110.15009478155953,Slim,XXXL
54.80285621084305,28,157.5843671977855,73.18792842216851,82.18540510177094,Slim,M
64.87616004970918,40,179.41966197461443,89.99351772424194,105.69780418580503,Slim,XXL
66.58728286100023,34,170.91183989308908,72.05417687963784,89.57053605810528,Curvy,M
62.85719748930549,40,168.0635742435103,89.33944816279947,104.84303294054371,Slim,XXL
53.6233578278538,54,163.18505540201755,78.13246243317809,106.37822580575356,Curvy,L
64.28058184981337,36,157.37678932850918,72.57992839476329,82.24994059196315,Slim,M
62.4074291656181,31,167.92819780621596,100.85380405744166,111.1399672532109,Slim,XXXL
61.99690539629504,40,165.1558760689192,84.94654325987054,105.69299404095922,Regular,XL
66.56249859184335,49,176.25170011041598,75.01579827544963,99.6595774994212,Curvy,M
89.97901833975291,54,182.8687876237436,62.73566755536042,75.59329814061292,Slim,S
81.82250371931667,26,188.82347233355645,64.83916267990566,73.40046582792098,Slim,S
55.185337082881205,63,166.11533186702215,70.58749398375551,102.80151698690388,Curvy,M
55.22951839676811,26,161.03061572463372,79.31385241417823,82.83490379998985,Slim,L
61.801505861071526,30,161.83098855742116,59.686303832576975,74.96687776220008,Curvy,XXS
57.07907823608844,17,163.74529796779055,103.03894209142408,127.83195353762467,Regular,XXXL
70.06737346158853,26,177.62182499316833,72.50563731127639,87.92011826953868,Regular,M
71.59201987628197,46,163.12801443878308,92.18279400217423,117.15270305129424,Regular,XXL
74.95216898078323,35,168.08426553887534,67.00350174468588,78.08745554469132,Slim,S
62.80872885862399,47,160.832366305275,63.76771393748544,83.92588373953,Curvy,S
50.6947510588469,38,161.55618188052446,82.19224039833621,119.06535542138242,Curvy,XL
77.07820824535582,46,180.59170977146763,56.24824270448225,75.77105707368807,Curvy,XXS
64.6803783700335,61,173.3526488980952,92.27875061551205,119.62340140443636,Curvy,XXL
55.979556997600284,19,160.68964544207174,74.96565753476433,102.79791418328713,Curvy,L
53.76213225628444,36,162.46554244741745,99.56986668402918,127.86215215739459,Regular,XXXL
67.28124002751088,69,170.34356391184537,71.65692589331961,88.56651372958122,Regular,M
59.71700603597346,26,151.32783491856534,75.99420978012158,84.11845766153995,Slim,M
66.36296463039045,66,162.23104962487605,72.76686810250054,103.25686318991156,Curvy,M
69.39039222266001,67,165.83508380459816,57.42780556136118,66.45644069006096,Slim,XXS
75.15899190346673,62,177.44099438391257,80.49918748346764,109.04425757597868,Curvy,L
72.17124582482693,53,172.74545105713446,55.15548929879944,71.65306368147296,Curvy,XXS
54.07054006459384,33,166.21404055903176,78.08636662566677,94.62312938585333,Regular,L
67.11745668411787,19,164.78040547004298,89.62826231022937,98.34259526438805,Slim,XXL
63.76748582609909,17,169.43305510701478,87.70184854112017,118.37840883317016,Curvy,XL
61.426089087940696,22,166.33227157761021,64.31245981529648,78.53156441601298,Regular,S
55.35003914088179,60,167.5083540198984,67.16966475173967,93.67090001659983,Curvy,M
62.526112616502175,16,172.38311088942567,77.51341134151647,102.2538648979522,Curvy,L
58.25381820180894,38,156.87981022741576,62.861348025301496,69.15479697899787,Slim,S
56.714335700398216,48,161.2410075948172,101.43337096431632,128.0850449180685,Regular,XXXL
52.11148891075327,24,154.15983337221724,78.75973548333016,93.73314903131589,Regular,L
55.31573337744064,68,170.0723890714554,58.311887780274425,73.04100906271657,Curvy,XXS
65.12408429837869,32,155.7066951577192,88.85274203698019,101.94564791145976,Slim,XL
73.00173426833521,61,178.16999004889092,86.10288159650887,94.91074150205175,Slim,XL
58.108142567422604,24,155.61754146834826,72.46224279332401,84.51783269692447,Slim,M
78.62824644870587,27,182.89821324302895,101.1465575706079,124.83131995963912,Regular,XXXL
65.97769438419088,33,168.78764151098548,76.94647326232842,95.02515709236039,Regular,L
60.41124551863498,63,167.7655310299903,91.95554270527741,129.82121763260156,Curvy,XXL
57.04151196096916,61,158.93117184562314,61.66874344028655,63.62433641340655,Slim,XXS
50.26559194878384,65,156.84206846138952,77.3549078738448,90.9161841322521,Slim,L
68.00017221292414,16,163.45532977157845,65.4472457311166,73.51386626411971,Slim,S
87.65328952506161,30,185.58722213192803,80.08367302433679,89.72305052002034,Slim,L
65.50998917876721,69,166.87143222373084,83.90958470625293,100.38126050426732,Regular,XL
70.90494400450613,43,169.8962212175754,78.70904094985393,87.68456010292905,Slim,L
58.10402890252749,20,153.36762295794622,64.78169631646514,78.18462971298062,Regular,S
80.80664204521212,60,178.7160998152997,106.43607399367961,147.57562418076165,Curvy,XXXL
64.19557840394694,52,165.12567127176214,73.48743722520186,86.76747776525016,Regular,M
50.258823931808216,58,162.44992369174824,79.7065322825904,109.15717732039317,Curvy,L
72.98360251465427,33,177.07540220638327,91.9593271148434,100.94669644380811,Slim,XXL
72.3834448872226,56,164.37818228277894,69.01817672837178,92.08760895828456,Curvy,M
71.87563128276975,43,170.85869832939272,73.6770937933106,78.77356507994027,Slim,M
60.214997960262615,18,165.47555208089912,80.5970497495194,91.64942672725357,Regular,L
65.51779430522195,24,167.02301375889863,60.66920051085577,64.5685613586346,Slim,XXS
62.79278658899492,33,161.32043960750565,88.94740552862336,106.0257903828598,Regular,XXL
60.16659715781461,58,159.7175218399627,84.79984840928641,108.08989275016819,Regular,XL
56.08799530864571,20,166.9302486118272,78.99921334882366,110.16890136087981,Curvy,L
57.027594707831156,28,155.04852070249584,89.94018281212767,115.52447546982626,Regular,XXL
61.27508718331683,48,165.3632185763999,73.32634232373135,85.04673344113755,Slim,M
69.70005623258506,26,168.917011341589,86.05562530361178,99.68169014519094,Slim,XL
69.87611454299397,18,166.00538194648422,84.61844647968373,114.05614209435647,Curvy,XL
64.1270787239859,18,169.33341356044818,67.62547670509035,84.26742014223298,Regular,S
63.610557469735085,46,179.92982916386703,71.48034914817444,82.13788784200594,Slim,M
63.959719662794484,29,171.82837016572617,69.34255613639269,79.12860082405719,Slim,M
64.0936438201518,27,161.50309698034025,84.80385065804556,109.18046710813894,Curvy,XL
64.35206721053635,55,160.88720973575565,93.02698251275372,107.50267334089892,Slim,XXXL
66.33195243936352,35,183.08342693482516,85.88852355656975,92.45119384100005,Slim,XL
55.31741528664273,69,164.59224187024626,83.84194052239191,99.21507779278824,Slim,XL
63.80800591460455,68,175.21899490214412,91.72233054852201,103.67239670468474,Slim,XXL
59.31484609291928,19,175.23477819893145,90.65914791442111,114.5978552040143,Regular,XL
67.8215017254692,32,168.07516595741046,73.91508900851709,92.00768835623654,Regular,M
57.423960606858216,47,173.48196829896844,71.56146757041465,79.37694281700057,Slim,M
71.6569124541115,37,177.55391655125715,75.77157504771753,86.84120263818457,Slim,L
55.549776983207394,43,152.25883035934666,87.17100477803362,95.06065398197339,Slim,XL
76.9988368366434,36,169.81309754587312,100.17840356056146,125.79045832666533,Curvy,XXXL
80.44089122573929,65,181.90163058551698,72.6020460197522,95.53391888860426,Curvy,M
59.54944531830864,65,157.43358110568366,83.22738482440579,95.75985300255702,Regular,XL
65.7800684898383,27,165.7007582339763,80.39511776166364,95.6094775689768,Regular,L
60.87762760463611,31,151.78464055703466,101.38300388597392,116.27115556389242,Slim,XXXL
83.5186573158421,56,178.09779369601705,72.17070083301664,86.82899492137105,Slim,M
69.50834226120806,50,165.4637501144993,74.64909385445654,103.74252840546797,Curvy,M
69.88745861222513,56,161.81819755509838,59.51586323034843,78.99052484485715,Regular,XXS
84.64551142945265,30,177.17703432217223,72.59581365798716,90.08966504519124,Regular,M
79.85407762450947,31,180.48640925464073,80.25325424770409,97.01846155453055,Regular,L
62.794407257531255,41,160.69821558040056,74.17703486049514,101.76745944953446,Curvy,M
72.35621442911432,40,169.2308068832376,67.24018502120059,88.30327793957137,Curvy,S
61.011948100092155,41,161.14571884454796,73.97126392343216,91.40919789057557,Regular,M
64.21194458958422,36,179.4739801924473,68.86237104731633,80.49337558463161,Regular,M
66.82427023593453,26,177.15440360592598,71.66971664508996,73.43944146059312,Slim,M
53.20388812424067,30,166.9345992214202,59.3997792183505,71.47429082810967,Regular,XXS
47.865863584800444,65,157.1292211872934,75.31461447864957,104.7317284238821,Curvy,L
68.2903821596779,51,166.84578753242855,93.35385286287278,108.56622390167156,Regular,XXL
54.90033909668264,42,151.1857889564823,86.4603867722073,121.06715791121665,Curvy,XL
64.8658231917638,44,162.90126901428118,82.13512991400059,108.82560280760148,Curvy,XL
66.41533765946694,69,160.12580575968946,78.3999407352416,96.91722207748565,Regular,L
72.67992589346123,60,172.93190699830546,73.70460747566378,86.66244292563309,Slim,L
76.39358000684638,46,177.31994654108428,68.12551219411431,75.03076008375486,Slim,M
70.67056180823991,26,176.71603874743542,79.08693865728603,106.10486985391437,Curvy,L
64.65398989410959,27,170.75867447498888,56.98025117948364,65.68626521724431,Regular,XXS
67.74788241375936,28,161.01271201486205,82.60657861626031,104.4752461224354,Regular,XL
73.39277839514703,34,171.21762451201812,63.91119891039445,68.21180401212172,Slim,S
52.02298888346259,28,162.98580761952834,75.90266689397801,104.15026683639232,Curvy,L
65.0004695194608,41,181.46897071260935,70.63911045927956,78.79708907715481,Slim,M
60.66822625643935,27,152.35312297904142,63.891833975490854,70.4988222856208,Slim,S
63.805864375112215,21,164.5307224515509,75.16861941279511,93.65357253530145,Regular,M
62.932035915267136,54,167.45126808436075,78.07840551947248,85.9116828486809,Slim,L
61.616613544132946,61,170.84749188696955,66.69911570522011,89.03267020076595,Curvy,S
73.12617451856225,25,178.54287800222951,74.27370074170047,108.49791253330375,Curvy,L
66.78591543827255,42,171.76061139964074,81.65814125811258,102.28864613990382,Regular,L
66.28629090985712,44,170.90250332902622,88.70023703931892,116.43467765479751,Curvy,XL
62.44544983996282,32,152.74763116812463,64.01624227460483,76.14892129571851,Regular,S
64.84246945092629,21,171.07422044892874,78.2200582054217,106.95278987584199,Curvy,L
72.51453020870247,16,164.45508631618466,90.93918087573738,107.9285669153443,Regular,XXL
78.56323382240578,60,172.8483414375283,90.76837383866823,112.6620966062998,Regular,XXL
58.15728698533372,40,154.31203821922392,80.7364695155529,101.30495509634824,Regular,L
74.86322508919959,57,174.56812432807104,66.45070702795738,77.91188294224885,Slim,S
66.89888536553826,58,162.36131026656997,66.42037369311896,89.32256681943858,Regular,S
53.998526396250824,45,152.62684413656999,63.678441557827064,71.9119974250791,Slim,S
58.948067632959585,30,165.26972537303823,69.62373418966514,98.4430799774547,Curvy,M
68.46869352098487,53,162.21739228699903,88.76448490438833,100.52342576384879,Slim,XL
57.58673600613126,55,166.48488942064054,86.14456816056763,99.56404220955652,Slim,XL
70.11314698998832,47,165.53066522126923,77.92597965305856,89.51389496663585,Slim,L
61.57337282987587,25,170.65703744234517,59.48100704261341,69.16799272206389,Slim,XXS
76.76461008184693,65,169.00350320210615,92.69931354235946,118.9500725902864,Curvy,XXL
67.45605817908942,19,171.88991866846243,71.48895181230799,98.99284157517383,Curvy,M
67.81574249140317,59,162.22166588197865,63.12430788660781,89.91088657272721,Curvy,S
63.22508396432617,43,174.0825404544719,71.9065925027274,83.41184253451748,Slim,M
65.50654657485546,19,175.39508558208615,83.37869308377017,105.25177164281632,Regular,XL
55.796853545271766,22,165.20531202669403,70.7854932961903,88.95348184190176,Regular,M
50.58215903917679,43,152.07585640845477,83.84735196425864,102.36046808243466,Regular,XL
66.53882539469568,54,158.5118989823416,64.5119671901117,82.03055680301064,Regular,S
73.2205022134109,27,172.6912500520222,71.34711297917593,79.8001028879234,Slim,M
60.34352569736442,35,158.87041495204662,93.34086107799638,105.43686731859583,Slim,XXL
54.131284963691115,51,165.73577380455706,80.14166497982903,92.7306624590109,Regular,L
71.73898009460709,16,171.7041663840058,92.62105347649899,105.89357199760825,Slim,XXL
81.14089288587726,33,182.04991664237545,86.26131659281948,103.68075470094735,Regular,XL
83.8861528284906,31,177.2148190068544,66.15241977994899,85.44879065992129,Curvy,S
64.05520310743911,69,158.50612142097947,70.98532566695002,83.83702921729903,Regular,M
68.68734581170209,17,164.5465144005475,72.58439047214557,89.9811269154379,Regular,M
75.66869386574724,39,169.31355252489035,76.71998746109904,99.41003518019423,Regular,L
69.15992058067312,57,163.8177159290148,83.82984863076376,101.35290147519426,Regular,XL
74.65675255687175,29,167.54300201713866,74.83982798261766,83.00497887538968,Slim,L
72.7423611256204,64,170.07708427966588,70.06445590133413,77.883941644468,Slim,S
55.297985947353055,33,162.624840358946,70.7579783235299,86.59747675725943,Slim,M
65.13652022153794,47,165.40496806980588,75.63704017498686,79.91307183978516,Slim,M
66.07343396214078,34,161.50716625849512,55.59999804140324,60.144825289937245,Slim,XXS
67.46937074043349,59,173.33621316937442,58.27966595312882,80.43690465408734,Curvy,XXS
58.45065643590022,26,159.47235238427416,76.88095100991431,91.76682479756909,Regular,M
59.43231170273534,60,159.27510604922813,78.91415076444241,90.50645201574798,Regular,L
75.2106274764372,58,173.2403341449605,80.93320487974864,91.03517941966743,Slim,L
69.8879483592086,23,162.86084118311655,58.60143658640727,73.64310040005368,Regular,XXS
61.5839383899089,66,171.58671004130616,55.59173265480182,76.15162546738779,Curvy,XXS
85.09955455492788,23,181.57589639637916,83.77019014712249,113.68041788362864,Curvy,XL
73.21642389567765,49,168.3199885860231,70.63531866700765,87.12859530508503,Regular,M
46.61402263706929,23,148.81341931498253,69.71892037083035,72.9024243986007,Slim,M
63.608346386919415,17,167.90623733109763,93.7303434375482,126.42508031081547,Curvy,XXL
54.76704024413432,27,167.7304198063624,73.00966005238665,88.22265899832104,Regular,M
53.09197979816494,44,163.767970555771,80.13434423829754,97.51613518301315,Regular,L
78.15960239205259,56,175.67784330334612,79.64196885263854,95.31839043758386,Regular,L
63.892684691016754,49,165.1967371962242,89.62102050687689,115.37853525884543,Regular,XXL
55.113990573925136,51,155.44344463130238,80.10248662874686,91.42662940269862,Slim,L
51.4492010024538,28,164.14604711694727,76.77835290577285,85.55514219488259,Slim,L
70.89709993147154,42,175.60160564180075,65.62764579490079,83.24434994163033,Curvy,S
74.94511509995009,61,170.77982926438744,71.10726278836542,78.75039644350191,Slim,M
73.10375990833401,63,171.74991158677327,75.48196929494446,94.77056043329888,Regular,L
72.45299146797409,24,169.35911158573305,73.89741004628694,91.66302518728766,Regular,M
61.4703286659887,64,164.59448828475865,77.59569527738611,107.73370292647417,Curvy,L
55.64904508678989,21,166.28685928866886,107.5458947035507,113.92983035768165,Slim,XXXL
64.75033406185155,67,180.03106676167133,64.3635990283627,72.08953080725996,Slim,S
52.73149707741097,29,160.982941844269,80.31913041117798,97.42765797453586,Regular,L
68.60010138881589,55,163.76091600772438,74.8493000683407,91.76906266071836,Regular,M
52.5339662478602,63,150.19834184833888,78.65619678758112,87.57088594464481,Slim,L
77.91585430096801,64,180.38319237469705,85.93155794532981,107.57653126671656,Regular,XL
59.560939714674795,22,163.3168959086115,79.37867262973735,87.93983623581074,Slim,L
60.01535075745393,26,173.6300508658252,78.01127336670989,92.9090400742523,Slim,L
75.9370624381002,28,167.78440754855313,70.81520963126813,78.82561677782343,Slim,M
57.14617975560757,38,169.95781387321009,63.005327294255665,90.44258461121659,Curvy,S
51.89056204558979,55,155.46027565986338,90.86056517671726,109.31881396213825,Regular,XXL
76.22621595591406,60,184.38170852773055,102.92189329335609,143.17372190435646,Curvy,XXXL
59.58408706124453,35,159.96511569868227,75.05694035419354,85.28842098773912,Slim,M
61.99949402547717,37,168.10512605804956,80.02490518512408,94.69943647194265,Slim,L
79.40440072321049,27,177.87051783871044,82.17579570947045,103.30878117479233,Regular,L
71.54271898820794,31,170.71835073621503,83.88842986911236,99.06391820404077,Regular,XL
60.16589415002853,35,159.8215868659595,76.99911162617312,90.99841239952299,Regular,L
62.96156443625336,31,171.77993105172462,61.92234524978998,79.7255023318202,Regular,S
59.79301681539625,65,164.49461221269758,98.8415624329602,124.84938749653715,Regular,XXXL
63.68217790884574,18,165.02313927195922,97.28997388590041,139.37246955478642,Curvy,XXXL
66.35320031641346,68,162.5828718304198,72.61962972169697,88.97308912073845,Regular,M
62.05480604495065,36,160.72398238383602,64.72923979903253,78.946204122657,Regular,S
67.38573046608157,66,169.09015707623908,92.79727870532027,116.29022334538601,Regular,XXL
74.75407648365064,43,167.5128374245931,77.98282769253301,105.5998602039379,Curvy,L
48.315936239340836,41,157.2574410892356,98.67333406546292,102.95013773685174,Slim,XXXL
60.193613149443856,30,164.0518848807233,78.51494695056795,94.93680844013716,Regular,L
65.9326422263867,55,170.698940677849,57.28337432337798,75.5359102443366,Curvy,XXS
67.907638833813,62,158.76421727316657,81.63484864781094,90.66256648887777,Slim,XL
60.563939759036295,64,157.30740304824064,82.65602476452797,88.6630865335093,Slim,XL
57.65901159157217,60,168.30709422972663,75.83536797524643,89.88006680173022,Regular,M
69.6525497250898,69,165.82261955427273,77.24824510600983,93.38720496069794,Regular,L
74.25593375164941,51,181.6326743130004,68.58662657042453,94.77485653205743,Curvy,S
72.61436958538022,38,176.10677124073595,77.81903536595048,92.80945581204789,Regular,L
66.21117912394033,20,167.29193439583727,82.93028570416558,103.10924316137871,Regular,XL
66.93118224727097,53,158.34652091380593,77.0709925534473,86.44414450717423,Slim,L
80.72648604402772,27,175.18148229837792,67.95721709275193,94.86018914129741,Curvy,S
65.30313362486423,64,168.3273232678768,65.04255188107224,73.71909486462188,Slim,S
51.67947012119499,37,156.7631066307572,69.39594725217762,82.54495044121292,Regular,S
54.038492997508726,64,163.80765142147047,90.0771917529744,113.50104961191819,Regular,XXL
64.9700050486159,18,165.37969866125985,100.568547356023,121.16178792071156,Regular,XXXL
58.46459955828046,60,159.3881319527501,85.64732045762976,111.91639090586501,Curvy,XL
55.32502432975033,63,166.62544131125972,66.68009612186145,72.91469056456921,Slim,S
61.0404298552651,27,165.15105279197493,68.07783761810916,86.01008701018417,Regular,S
72.46969247142027,68,172.22261242198059,70.50551085819694,87.69981525104765,Regular,M
69.37486867524534,42,165.4841936228226,98.04894227863008,134.54791217101607,Curvy,XXXL
77.04015504411655,44,170.62198268842573,84.30794683863954,105.40694126691037,Regular,XL
64.55051202430543,60,168.50749226785655,65.23445624221083,69.34501471162824,Slim,S
63.605861462002544,55,174.22343401389102,81.96101978880813,88.38208034532242,Slim,XL
65.51570429443407,43,163.67744035993127,70.91703832722557,90.25673758113214,Regular,M
59.56382973091681,57,170.34632431038602,87.16293376171527,105.82782373894744,Curvy,XL
65.48106339120913,50,158.70495869320217,74.56538002816045,89.12800064852956,Regular,M
54.38594002519935,50,162.72439120234415,75.77998233730678,91.48606780449475,Regular,L
67.13706207787858,49,170.54513249577374,102.8426381311474,126.65962147554208,Regular,XXXL
73.90774392162882,27,175.88371769465755,57.80927792223131,72.40836976282361,Curvy,XXS
69.05497207120882,24,181.66490695920064,84.96582965165808,94.87608146134708,Slim,XL
76.8203628960886,20,171.68469693691202,67.43686042546071,81.05468651919395,Slim,M
68.73121757162404,19,177.32828004999402,79.67095075028548,100.30356018826416,Curvy,L
72.48192822408679,32,181.29016009804158,71.19983912753871,78.14034095877749,Slim,M
64.70589423857466,63,169.0755629585313,70.14036410371358,84.40747524114944,Regular,M
69.86066528324469,32,172.84057196808547,72.95782492771335,85.94773779258159,Regular,M
67.03407310526525,16,165.61765969547696,61.74017925902404,74.47914786863754,Regular,XXS
56.59504734938062,29,169.68376129888517,71.78414057693118,78.34038607560551,Slim,M
54.30203798402635,53,156.06222616494978,70.4635595541673,91.74553540856492,Regular,M
65.4170949203993,68,172.36581500520873,78.16265448359775,106.96780975187885,Curvy,L
59.45915879403139,34,168.22142568628618,75.7166126501278,97.21789610809418,Curvy,M
75.34256941884094,59,168.3897441511259,86.5616147266941,123.61983185345608,Curvy,XL
56.42007534120152,20,168.04000030816775,87.09417900430034,95.13712978091597,Slim,XL
84.19825405119737,55,178.5756541362776,64.13723116712089,70.4208462171147,Slim,S
64.93906410259721,41,163.90289574691593,63.572408174059944,72.31304594212229,Slim,S
54.154898438314085,46,164.9258025641925,104.74136758889865,133.42322620464424,Regular,XXXL
65.10174215247956,59,158.29510825959775,61.59625147039053,75.94237511569935,Regular,XXS
66.6095243735965,32,160.33648625063938,65.4412055665279,81.95450674511474,Regular,S
64.99306866554238,54,165.9827813250274,83.37996262720158,100.25527709680584,Regular,XL
56.271725293374764,42,160.50120888021914,62.53788754212638,90.04492284182493,Curvy,S
60.65888774067391,67,164.38811714196444,66.27855590271608,85.11713552574928,Regular,S
63.21259348287007,21,153.60831082215748,63.427625849061535,72.35565004908123,Slim,S
79.4608139454756,33,175.0704383751438,65.64748745975002,87.8266901842581,Curvy,S
64.05059794746656,19,179.48406759126527,78.4698033118415,89.89602742163311,Regular,L
67.81566075281111,48,160.4686329417882,74.08680211304028,82.20037126605051,Slim,M
61.444850367025204,65,165.9740467420679,72.77633293743472,87.01441142248463,Regular,M
80.26535907740295,39,175.74411571599143,81.11783268873391,111.22879156490782,Curvy,L
58.00693886550713,68,167.4085238655835,72.33115463917255,82.3327745762543,Slim,M
66.80846547922727,44,165.79004771860096,69.23739130185392,88.95758037167363,Regular,M
70.69974957978762,40,179.3628756754661,83.15548339461992,90.82163140927854,Slim,XL
57.140170336241,47,161.32739549696768,77.85987573174042,93.40049702212872,Regular,L
60.87780184487746,42,171.36270692841177,75.42189799424682,91.07063897535234,Regular,M
67.10733111997354,57,173.22626752679056,74.6454644148287,91.18259616256928,Regular,L
74.30561949664944,49,171.38913699566103,65.29274537760479,80.05860186504715,Regular,S
62.786664698581994,61,176.9055394178818,66.10935997748467,70.56150373828972,Slim,S
53.12864375588793,35,163.7016744347857,68.02799015304255,73.2250259128367,Slim,S
49.882637096552635,36,160.67512196973038,71.40014849805937,87.06622573695213,Regular,M
65.12944503977194,24,171.71489287850352,58.0800302028929,70.72293924293201,Regular,XXS
68.24847169220355,56,179.29612791249068,83.35469842985012,90.87796451309059,Slim,XL
62.30585197863514,16,170.30283250759734,73.27140161918032,79.05622848287634,Slim,M
68.61252772142876,34,172.04718086239248,65.06799954120865,71.41934269636931,Slim,S
65.54502328124008,67,177.65341198775243,58.15058964928528,79.19254394630572,Curvy,XXS
56.57930285908269,48,160.87268728353644,69.252747281072,86.11367276956109,Regular,M
81.79014405758383,55,174.69291917287606,105.08771015609862,120.57793939136636,Slim,XXXL
80.95424888305847,60,182.39885458522807,73.26280049228266,87.61870629509576,Slim,M
57.83621394849943,50,173.20982841405944,68.0528320828976,75.51284524736505,Slim,S
65.03569596925747,23,160.7855601583554,99.88087251334653,117.17102202496999,Slim,XXXL
76.17661696643131,33,175.57342310511686,85.94172696011042,105.60533656541486,Regular,XL
53.21937866922864,24,164.5485702891199,79.45773281009272,104.53861435047172,Curvy,L
57.782474230491495,38,161.46967073171658,85.34778571935477,95.88095377543407,Slim,XL
70.00182649112897,16,173.94450991415042,90.54502565912573,100.71041694118865,Slim,XXL
66.50990382737646,58,162.76970749029854,70.54452598497708,84.99565757708119,Regular,M
46.369918418703264,19,151.0653795457052,63.26084068723557,88.65327874264823,Curvy,S
52.0219476412482,58,154.43816794704392,90.68216696607048,117.28240986540929,Regular,XXL
77.17967591485039,41,169.45648390343683,62.63955241893249,79.5237514701955,Regular,XXS
73.56229425336078,34,173.8041717279906,74.50176060022636,93.07187323245002,Regular,M
64.96752356824717,41,161.99758951163426,75.68476772761353,95.01098999274704,Regular,L
83.46638173417296,47,178.79000843320387,65.65295045216446,92.22483134043419,Curvy,S
77.15489677668005,45,172.35857071295837,76.36310550565278,100.08435468179324,Regular,L
74.93940976228625,40,170.95098791525996,73.80718442530586,88.61651990380385,Regular,M
76.51628887088908,44,172.74788657413043,90.35796089474104,109.88390556340832,Regular,XXL
69.05056749213543,36,162.07529366180566,79.25325233712812,102.96049674181609,Curvy,L
66.02961530583207,47,162.01113332651352,74.4433847907087,91.73232738083696,Regular,L
74.26199420814326,54,174.1404456805272,91.30400852484163,120.79094994984165,Curvy,XXL
53.64691669296264,35,162.83663366775403,103.79302812790671,129.64299113193337,Regular,XXXL
49.40130396992335,69,159.0004515557242,71.2431458009799,78.27198840657108,Slim,M
63.44034115707906,22,173.42138296074754,91.05070046965214,109.56644211351666,Regular,XXL
67.21465001728012,55,175.8600563089777,85.77012026826019,105.27453456250196,Regular,XL
62.007974144633096,69,171.9784728523002,69.22722293477685,83.1384603624385,Regular,M
58.614344940199736,18,168.95713750368796,69.1334563481722,83.89944909477364,Regular,M
80.73896508886399,17,181.12557145282776,71.50160004346242,85.4712613236178,Regular,M
61.61457952568878,68,169.39104387564856,80.50514346828825,97.54779022931037,Regular,L
75.33372831102844,25,174.86730167281382,81.2959632037454,107.20014284579509,Curvy,XL
70.32155607817798,61,169.97364040445268,71.06514440496098,84.35893071899599,Slim,M
85.61092271954693,25,181.7685302266826,70.96625598321629,78.34549491475312,Slim,M
78.16575369318433,16,173.09881897754906,60.98117187798993,77.32682407436067,Curvy,XXS
60.76099072940189,22,157.05291467921197,72.64087848859474,88.73519662743801,Regular,M
71.12204306474581,44,169.1925577054605,55.113610209321024,63.28661425472985,Slim,XXS
49.509590163827575,57,154.84494613583755,102.43411198251569,122.99597243863472,Regular,XXXL
74.43722578285129,57,170.42185029741813,67.02708201292323,74.23167494974001,Slim,S
58.32480630758069,19,166.03725362156055,63.95510955153981,81.66176002893945,Regular,S
64.81100986158184,58,165.47734494045687,81.25095303060348,92.10096727563716,Slim,XL
64.53175154415824,23,172.32200706285587,80.77453378962232,91.31640085213759,Slim,L
75.48771294169042,38,167.5752148366059,57.10259540091427,71.85360801912626,Regular,XXS
74.89476730175096,29,171.85056455182016,83.86697366734928,102.44292117235182,Regular,XL
58.20744905824325,68,172.59093792788667,66.59671214988956,72.37417384252247,Slim,S
59.205987632895535,59,153.3398593068547,63.69387818995641,76.20354130097299,Regular,S
68.76007029873553,31,173.53839636318432,89.66089248773153,121.93491437559925,Curvy,XXL
64.0970346636024,65,156.14427325940446,79.52173605992381,95.29888581713313,Slim,XL
52.97409471549051,48,166.97605664582454,89.15950473798304,107.6248058341067,Regular,XXL
61.612393061013194,47,171.91500957416923,69.6776003654985,81.42445296594464,Slim,M
69.01402057934617,48,160.49908571447702,81.81047230736368,113.29437762197149,Curvy,XL
77.65707367163031,30,173.20798273152894,57.32103334451554,66.75383438506825,Slim,XXS
48.58411707752399,31,155.00112367067973,79.95681841161323,99.93271139630116,Regular,L
59.72730288360146,59,166.13352562861286,72.00328118188767,83.49796974433704,Regular,M
61.87355790401029,56,157.35061261879136,87.52251633275684,99.2946541401615,Slim,XL
66.86309181215947,60,181.65479664992566,102.10982132374848,121.09697550978845,Regular,XXXL
49.746560590690635,65,161.72578574727996,87.16882940950178,93.74204460063714,Slim,XL
50.13502291870172,22,161.367577284951,87.40458820129774,112.60615652365621,Curvy,XL
65.76214766729966,32,170.7211633204865,81.83894789648008,106.21743159288964,Curvy,L
61.681884755683804,50,166.37768129468205,74.89916907841712,85.5807381185684,Slim,M
72.35922473929556,36,166.07859956076578,88.22832788918299,103.64950248963949,Slim,XL
62.75210417277682,23,178.54653912953333,57.61226258646341,82.84800216275663,Curvy,XXS
61.046880471676296,67,176.59040643695653,90.89339291228865,123.37632634189654,Curvy,XXL
65.39915024918466,68,167.19847683898712,79.20066015020794,105.1471033739138,Curvy,L
68.43616076664325,26,178.06274588471302,83.36957451226357,101.49796495560892,Regular,XL
69.80223396437273,41,171.4419802489349,74.53168302958174,87.56678585041325,Regular,M
73.03944385064217,31,174.27239469298885,82.7089200924594,102.34358917273535,Curvy,L
65.81800944035732,49,184.3282315257793,79.85481849296728,89.64415877301138,Slim,L
54.000933155114595,36,149.63692840189574,83.8799204712113,102.6967009219832,Regular,XL
66.80778708516489,38,157.54907884468415,81.93399536401978,88.40388488681698,Slim,L
54.388676278510516,56,163.04909366556643,85.52789099839302,106.92448992639596,Curvy,XL
54.111646729710486,55,152.66564980363674,73.4683140363749,80.66293081498786,Slim,M
60.213327451759575,43,165.7064768822528,58.84225101466028,76.58440917200979,Regular,XXS
69.02794433297646,69,165.7074107004025,79.44339287572583,96.78392764024262,Regular,L
69.72630510806252,56,169.1520127888041,65.78601816725265,81.69931190849931,Regular,M
53.34037354238485,58,166.09076194451123,91.77504790074389,127.02419364894631,Curvy,XXL
63.487909046399814,49,173.5814671678577,77.3342776842841,92.41307211481026,Slim,L
70.22739812212676,66,175.90139344361674,94.09128239794258,117.60672309011325,Regular,XXL
64.85073483254342,52,161.40823504245932,63.30010482483266,76.82167030118762,Regular,S
52.18788285973866,31,161.4627267804885,83.294430207208,102.30836125119069,Regular,XL
49.84994625329652,48,154.95000620170578,106.28817682541455,135.16326811055757,Regular,XXXL
63.594373600539065,37,177.91463272875194,76.12007856766886,104.13038607534274,Curvy,L
68.66428948887312,24,160.42969507994383,70.32446497443952,78.68948556248962,Slim,M
61.92007762596534,41,158.84907090752606,77.87922174094871,86.90674149123876,Slim,L
63.76400345105278,37,171.89576423335973,62.14982323046294,76.75938396396718,Regular,S
70.22516819537098,21,169.01897964610754,66.45939118827417,80.41131662560267,Regular,S
87.58413089306607,66,185.34316508854639,78.60069896540858,107.19759346263768,Curvy,L
59.919949470621034,28,162.70368220559692,90.3631231556367,101.82936737469095,Slim,XXL
55.97828753175933,36,166.13696466737187,69.91366524586327,90.78597712856282,Curvy,S
83.86350270929854,49,181.48922114478023,83.75542241247075,101.81890090588038,Regular,XL
78.78414420872251,45,178.21824109113686,79.6066221229092,86.77209250246858,Slim,L
73.32683443530597,29,168.49005295044853,80.63390003993769,109.52307639995692,Curvy,L
81.22088822324788,22,180.56277043609234,103.0850810223378,136.8825569220822,Curvy,XXXL
66.96753487923378,32,180.25928938559014,65.71968967779925,81.75816617985338,Regular,S
61.4834795128411,24,177.4591901084252,107.6659005008901,132.02240103149305,Regular,XXXL
84.21019898185463,49,187.4396365013369,69.01815080811917,96.7294273753449,Curvy,M
64.73870960599982,60,183.54685027405037,92.52828803065565,113.70196372999676,Regular,XXL
60.322251063456996,33,167.7329007099187,80.14804819987916,106.10146774183299,Regular,XL
58.05999204350102,37,170.83047824155827,83.77847626894432,107.2076470158271,Curvy,XL
64.63068000414057,47,156.3510711507971,57.14563525322992,69.08956333494694,Regular,XXS
83.38443421744375,59,175.90823315879814,71.23232823291528,100.40138168156442,Curvy,M
64.3019841497411,17,172.46853663816316,85.37328131910918,107.44247847288914,Regular,XL
72.07479120945602,46,174.72226088092071,63.92034074197105,76.27507959325811,Regular,XXS
64.66844558672858,16,175.26825817909787,97.48774595492894,132.6135062628358,Curvy,XXXL
60.02737494614551,60,166.73345653596704,86.94884043491842,112.62323045617661,Regular,XXL
61.48968074555477,28,172.64649616137197,67.76322029439173,83.88654133440059,Regular,M
57.93890898611068,66,166.7841276890609,80.25725657089126,88.28337444203805,Slim,L
57.85862057555798,25,171.99064849080662,69.17163020660153,80.25141438654343,Slim,M
70.38829264189647,24,170.38387464610554,94.62642179563197,123.05279622368263,Curvy,XXL
59.900721098944324,57,175.5098212430832,68.14064265216882,78.57359166602683,Slim,M
60.07460242400241,44,160.22874679589873,94.45910202098194,123.12839295728578,Regular,XXL
61.0055191309402,49,167.5531210622145,71.7320697682634,81.93631970513103,Slim,M
68.24325434984888,65,183.48739137471455,61.65157318326236,75.27844528484987,Slim,S
84.9471682300629,51,180.12426625919653,63.815498785834855,81.97388257528111,Regular,S
56.12138219872043,23,157.5212442630504,80.3419530126759,95.07019038120946,Regular,L
45.47163358524302,17,148.78231921450214,64.99360628804,74.22007266813532,Slim,S
67.2051139090632,61,162.59498438517113,75.4160044696099,93.90549901876106,Regular,L
73.95713612280962,49,174.38589140501944,70.95206676348391,84.71127225639324,Regular,M
56.43589873829696,40,162.56287476744473,61.71683477180815,86.19050588808176,Curvy,S
59.998384975755314,58,166.98759724113228,83.93080281563864,100.89561507556768,Regular,XL
68.33516678195139,65,162.41479960192385,85.89413839353149,105.70116746071297,Regular,XL
49.43922765216389,29,155.25450811946374,68.28824069217788,96.9572703436074,Curvy,M
57.147543269733035,17,161.5427541671783,68.30814853735619,84.70989878491454,Regular,M
61.35401618082839,48,171.7545129163628,84.31941494175234,99.47392962886322,Slim,XL
64.85141059076813,41,161.1916585748439,70.6636761011164,75.1718699274759,Slim,M
56.93709994428531,35,164.57989152531033,72.32289552999403,90.49313058302671,Regular,M
69.37126594938069,58,160.7084042771522,91.66405005142667,112.74398991761838,Regular,XXL
58.44730057411693,68,166.1861807014966,71.15735842697309,93.85653085703808,Curvy,M
59.58244821592382,56,165.53349149380378,69.41533817796434,82.45842735055128,Regular,S
48.73861943974376,42,159.2414740576744,74.87698698178663,105.5132037503787,Curvy,L
61.83887026841922,59,159.2802631638178,93.36172469571032,116.43929830161301,Regular,XXL
72.55406005842268,51,167.66022908083124,80.32351273373526,106.47738502530788,Curvy,L
53.02434038372822,18,162.40189493065378,69.12346451928049,94.98114676303825,Curvy,M
67.68169257051512,20,170.3623217366586,65.61568946579848,74.21774063044107,Slim,S
68.47494641666589,51,172.36433014672232,80.99259774126179,90.47196602922682,Slim,L
78.7831896639914,35,171.39185780609304,56.41271665998554,62.3268416030875,Slim,XXS
57.0312094907301,22,159.4826579880267,79.53589077631197,94.09977935911307,Slim,L
57.87887417847221,22,159.24216566150443,79.99186581465807,98.83968440316355,Regular,L
60.36516707876005,26,164.26219135530926,60.9040282048212,66.01507193916338,Slim,XXS
66.33239153928925,21,172.9253931627075,61.24170833286089,80.2826981700358,Curvy,XXS
55.72732341550353,34,169.6233681729709,71.1204072539712,79.6938766289939,Slim,M
74.90000822588401,61,168.02189015555282,75.60355004971731,94.08479954513842,Regular,L
58.72229532543881,62,165.2090120857286,75.51934583508708,82.1141992983474,Slim,M
70.14020797126003,46,169.1575534213756,80.55281342359797,101.04899317968298,Regular,L
60.317394387132374,47,170.63294747251322,61.90676100281567,78.00739394728471,Regular,S
72.85603623210717,57,168.540200333881,65.44870425075779,74.58361647187218,Slim,S
52.457779224783344,21,158.9318866408285,104.2956850563333,136.62013910463153,Curvy,XXXL
58.41616440524123,23,166.99954560923356,74.20964475177534,93.63248605183762,Regular,M
60.269164148940305,30,170.7141155978189,74.36136831617263,83.15564115980501,Slim,M
58.7742498061866,55,170.6006449631817,70.60678388251823,85.83618459072943,Regular,M
47.51619916458882,17,153.84095198296617,85.22822362538301,110.72716482713076,Regular,XL
71.20237737851077,43,164.92752684946691,83.48366635570162,103.78837684938757,Regular,XL
58.268131665433934,67,170.5259567199085,83.81706006195631,92.02112360918565,Slim,L
62.10602320187016,17,166.37663037852184,77.42237197166871,105.92574438740408,Curvy,L
68.94293033742326,21,159.8720725980266,82.75692702960583,88.21858203202373,Slim,XL
49.286688384273994,58,153.75795419719242,101.26216461358095,130.55715719516314,Regular,XXXL
77.76883104049708,51,177.24601948145798,79.50013215266297,96.35600952118472,Slim,XL
83.09960764077451,28,178.37687257206747,69.89193105896159,91.16727586598905,Regular,M
60.41421433790654,45,158.51581456003382,68.69921324110643,85.29717465499891,Regular,S
73.64794422260664,56,172.88822450923567,62.029814593666984,66.96688985731774,Slim,XXS
68.517903611776,55,166.20750084239447,69.92793152281432,86.55307715705261,Regular,M
65.36851526920512,26,168.04464517715437,83.8999824244371,107.68969457810314,Curvy,XL
69.66400518783385,19,167.70668419796965,63.22689094558994,89.19125218146861,Curvy,S
62.528557271499075,16,152.8519990551945,75.2277113709984,96.53021272642665,Curvy,M
71.498991753105,61,174.9990422480364,73.11711329454403,89.24735587434715,Regular,M
69.77274274207446,56,170.16606120784866,94.48582841173582,105.41528846893158,Slim,XXL
78.09714026782206,33,173.74071005768226,72.16087466032408,81.45656493676037,Slim,M
52.844308263673724,42,159.9673483888043,70.96088449843708,83.12448975225621,Regular,M
66.25276740168268,30,167.71435126907988,83.18394469562448,93.67395508175346,Slim,XL
59.428851296317596,68,172.21857947034937,82.33015882536606,107.14671710887485,Regular,XL
72.86244617751117,44,174.07110850443416,69.22532038219086,84.36713158984657,Regular,M
71.680692662127,40,171.4111375823838,63.369854688054424,80.91148178273293,Curvy,S
55.33007595896448,29,162.18370208654832,77.7705463132499,106.86260013342599,Curvy,L
66.8010145397184,30,161.890637724418,75.02951146718203,91.320106745223,Slim,L
61.705403374756166,46,170.6929306086349,73.95943108278331,93.13373765950838,Curvy,M
54.22800364347253,56,160.75475809823263,67.75630220878539,81.5176094057535,Regular,S
61.041081074391734,33,159.04114785594567,73.11895227222249,83.38452397773294,Slim,M
61.89850950913665,21,176.76317404781327,57.222326301965055,59.69051771056194,Slim,XXS
65.29577861791846,59,160.58440224640532,65.81146451521356,72.22617642535782,Regular,S
61.54352866188303,69,169.1279074529394,78.2540793595681,95.64899841887484,Regular,L
69.8795666596371,56,168.03434226118566,72.52782314432147,82.39621443115306,Slim,M
80.87372698657913,47,181.00894617032137,71.77670599893007,97.49070891544491,Curvy,M
58.8956500171433,23,166.16700162956394,72.81108926382686,82.913881081966,Slim,M
70.76726067755726,67,172.74914450069124,75.06037698987855,104.89039970637673,Curvy,L
82.49858238945488,21,175.06676291380575,89.15896514734186,96.30535516630198,Slim,XXL
58.393101420539494,54,157.44226879546898,83.98635004292518,119.08882477678345,Curvy,XL
68.98543631909102,43,170.69740775373924,105.42424571902824,128.3762007642954,Regular,XXXL
64.13812728085853,65,160.05737303567804,64.01047004456281,90.47150196473952,Curvy,S
79.48677169615729,36,184.9344581642607,68.5441810704979,78.4665631306924,Slim,M
72.33911596249195,44,169.26870431985927,58.83815878342697,68.64333420704007,Slim,XXS
60.66610542981403,17,153.6275326134531,64.36089232922919,90.06314212630843,Curvy,S
58.66684842866838,57,160.14968624348018,91.50906179488453,117.72051788691576,Curvy,XXL
57.45226030080953,42,160.1207560710406,81.10921323795303,98.11344529543842,Regular,XL
55.09777405842604,45,166.818539815028,79.07208693736976,102.0517246230398,Curvy,L
69.04065670433623,16,171.61288069052574,85.9129657012094,104.58901502001731,Regular,XL
47.816308927554026,69,156.51758497721673,86.30292540240343,112.0449899417078,Regular,XXL
59.33242539269961,44,170.4529843067783,73.1425050460259,92.10071956201138,Regular,M
83.75687638611204,25,183.58587996267008,66.77844388262235,92.05590610933801,Curvy,S
66.73277475664658,49,162.95208766527207,89.11221265331791,100.90199552570397,Regular,XXL
62.56413330626115,52,173.3685231974988,86.81936111587449,98.28759579024879,Slim,XL
77.54852282232028,50,170.3055653534289,82.43926004576123,99.49250016253019,Regular,XL
77.19322052798171,65,184.76366424895366,94.54640864839352,104.67703114842105,Slim,XXL
55.723859996897346,62,159.76349990475092,75.13409694241226,102.68069544983193,Curvy,L
55.16047616785747,27,157.03234254742134,82.12633391529984,110.79299947321171,Curvy,XL
67.29082743765684,38,176.89536541701105,83.06251801991084,118.97457555272189,Curvy,XL
66.43612898073233,53,174.23841231377148,58.13464651885375,74.19913269612972,Regular,XXS
49.44485916747185,38,149.84201835662665,61.46623356991222,69.17618514287784,Slim,XXS
70.77050813673206,64,171.00434698132455,56.872069338636514,68.51255812471582,Regular,XXS
55.70889368817348,42,158.03337772153736,71.33222688111377,78.43597352310452,Slim,M
72.33443422976302,52,168.22478272257143,97.94324283869388,115.54414684674383,Slim,XXXL
61.48814440209061,17,161.9531742867346,64.23261662578766,80.03242949470685,Regular,S
85.54418413246681,48,178.2865086725897,77.81707016322486,102.12671996037517,Curvy,L
71.27179410751597,24,163.69635187634066,72.00929732586324,92.17078823178095,Regular,M
51.529926298437836,18,158.9338877677145,65.28809378154284,76.12202255863109,Slim,S
62.971634055749156,46,179.79900770105291,71.02193714429285,83.26801108592586,Slim,M
89.06853052012016,36,186.80901897362833,81.05653686147184,99.72256883081072,Regular,XL
69.42605573575817,41,164.4471310910473,78.59917586276052,91.31385745867989,Slim,L
65.56551218053804,35,161.5540669093642,73.39084696946183,94.82360704998788,Regular,M
62.85074476688511,53,162.26441082709619,90.79163959710475,102.97699752885819,Slim,XXL
59.9401128117733,62,168.90200686702593,67.35960736924419,74.63504131019992,Slim,S
65.94010188586556,66,156.48247798744535,80.74688499348288,106.81627475808574,Regular,XL
66.42537041198251,34,175.52587168286985,74.91620389256798,105.53765603641244,Curvy,L
80.04418622752699,54,189.13700788169928,71.61238337605919,83.8935778178309,Regular,M
66.69432516845292,48,169.34523617225187,94.4360026109752,112.21726866182868,Slim,XXXL
75.61075938406384,49,187.5678454852376,108.67464437954659,147.24339848916767,Curvy,XXXL
50.477615481732215,23,153.1203217523666,78.18202686992883,106.15473901728677,Curvy,L
66.06180741558701,18,166.7226371363246,61.008590783500246,71.31349547711231,Slim,XXS
59.76636120635888,60,175.21767920949355,64.21213831399027,79.49547920879336,Regular,S
67.14424340663054,48,171.0457036809767,91.97950952453836,114.20058635096555,Regular,XXL
77.3541862811787,31,172.53510298830145,75.45755760123659,94.92232377680916,Curvy,M
54.92703129030634,67,168.59718658568218,82.31236312741792,98.18367084283942,Regular,L
70.14084752426248,45,179.86515501077798,73.9424711375472,87.44220982538833,Regular,M
65.22553033085065,28,176.2573135825415,79.24642723410251,85.86437552539734,Slim,L
47.26523331588567,49,153.157940821886,84.53145166666647,89.45994716505129,Slim,XL
63.66357007556662,39,161.98016497300998,60.90371408875607,75.97615429098475,Regular,XXS
57.21123745827475,26,160.1468346294809,78.35492380081715,90.2670957174732,Slim,L
51.84395078160917,26,163.5278563136541,81.26018303362999,94.99669943890837,Regular,L
55.88143063709701,40,169.0820266655566,67.55974109375643,82.67056994559134,Regular,S
62.96492027726077,16,161.89562359100185,71.9268738477522,81.16547515835443,Slim,M
60.25867985360351,21,158.663342951111,72.64534470115424,78.78902885605906,Slim,M
66.483314367797,59,159.9252397262903,57.0347254000252,73.92392275573813,Curvy,XXS
75.29641230396923,40,178.91613638938068,97.64120804332512,122.23093562429497,Curvy,XXXL
76.83872620906357,64,177.8513303155465,56.15461734363551,72.3675955256321,Regular,XXS
78.09510125474121,23,172.25314421162116,57.82362016886007,68.5730166180207,Regular,XXS
57.15811962823252,46,167.3952319278592,60.20233070677537,74.97664044189918,Regular,XXS
54.90066686827389,50,164.56983441922483,66.50382793432068,86.28717806977735,Regular,S
65.07943768045568,19,167.19963411511145,81.3906258830733,89.03691339698172,Slim,L
65.63921385262793,16,171.15042354690007,75.34522544174698,101.88882577564904,Curvy,L
67.23461989868466,44,180.64361794163395,70.36548952745417,85.84764007842534,Regular,M
65.51923849783351,54,166.7200725800854,81.65254688008493,109.0294276410761,Curvy,L
63.48610259584322,35,159.96578767118388,62.09154626216899,83.99624192911884,Curvy,XXS
56.6813227089677,66,165.01032882318486,72.18774647667865,92.03818221749154,Regular,M
74.08766096651468,68,176.87621818153025,65.49317238083226,81.58114192032214,Regular,S
67.56176408320557,33,166.93551299793245,64.45057024801768,75.0092045442824,Slim,S
58.50559547806105,52,171.16857805131562,73.4282972104806,90.07762867354599,Regular,M
71.0916171295896,25,165.24395185159,70.25440931195607,86.76840139501955,Regular,M
52.001358239091374,28,156.40575461487776,76.14874718199837,95.54454073245952,Regular,L
85.44439105050206,59,184.90970915700927,100.09077001141355,121.74830703729393,Regular,XXXL
59.51629426584863,31,172.85374809933714,74.81688270953228,95.41637690749154,Curvy,M
66.96405945948588,46,159.00313996210883,83.73412038846762,116.929596734913,Curvy,XL
64.90388478543144,58,171.81649705244234,85.66686507532269,91.50251620015791,Slim,XL
79.5659697004564,52,173.9888263280048,66.73932902862981,80.9216050961753,Regular,S
61.433723063454075,45,161.20145298558745,80.87297534808656,110.66779465809525,Curvy,L
64.35168710512283,61,164.53154169889626,99.86222510128341,121.96518768915114,Regular,XXXL
68.80497588091656,29,166.30372852541157,79.43247530618318,111.25425645799824,Curvy,L
77.63666582524432,23,179.9372538219218,97.726237008986,118.39599810143906,Regular,XXXL
49.93282142150963,63,161.15044641050565,74.90551003414355,85.12528348970663,Slim,M
53.55914353675756,17,156.58899927065454,69.31620898959665,82.97014831342746,Regular,M
73.98429966666805,49,166.7970965799317,77.13418971961978,82.35912227195361,Slim,L
68.1604679607451,18,165.85938265465938,59.94637229847321,63.16549191279281,Slim,XXS
71.97192764776798,33,167.9618716904561,75.83598181354539,93.06325291673662,Regular,L
61.561175104791424,61,163.78208935932952,63.50728514638908,72.71608567024742,Slim,S
59.99406384076035,40,175.4482628160829,58.02157494561078,62.19398621549157,Slim,XXS
59.763896169789405,58,163.54974114668383,68.71921404719505,81.9574325773168,Slim,M
62.949881599296795,24,158.66107903339966,66.59009239971829,94.19396596803168,Curvy,S
70.59901229305163,61,164.87720173622998,80.65169854499439,97.35002210647153,Regular,L
64.59912011702171,22,168.67083291160284,102.45643292621524,118.73732483684991,Slim,XXXL
68.29952635469772,48,166.7475003172791,78.37600178329816,100.43747342260167,Regular,L
56.36574093335579,25,155.02688611854884,71.75384147536963,85.63438519906019,Slim,M
69.33998485649988,37,168.6026065435753,91.59317040419907,107.09925566002113,Regular,XXL
52.78714948727423,57,158.17696597248138,98.42750748872412,115.50493085154613,Regular,XXXL
56.98383786296323,28,165.49213800230055,80.70544848903612,101.73149595370398,Regular,L
69.10015200775806,26,169.17696672676462,87.93766500322666,103.3658525326278,Regular,XL
59.061549763649545,26,169.40589301270003,93.44254606923086,118.30676011384436,Regular,XXL
70.6005027875385,41,163.41085952034754,72.7405235960102,92.62444802037305,Regular,M
65.92657881601194,58,167.80641838374075,63.189997725893875,79.27536855709263,Regular,S
53.4227858675419,19,166.400458478207,72.48067408651625,94.46511884238093,Regular,M
68.99180933964517,49,160.18822561239122,73.1345127394501,90.74162357195783,Regular,M
87.38195822061753,38,179.98162774937006,68.85999481852845,97.28122120884987,Curvy,M
66.04206010650763,63,185.94116424986115,59.06362074868806,71.21254230711244,Regular,XXS
76.06016655383524,21,169.46901296863095,80.29764558739546,112.76163168464637,Curvy,L
63.26736420741838,61,164.94286212326355,84.16229823373673,99.49942009980886,Regular,XL
62.82048236281343,32,152.6990752769944,67.32595125222234,75.67895144965722,Slim,S
71.90015573872641,69,180.5170620628529,78.24418492232002,99.6832154672493,Curvy,L
60.22953997253529,36,169.6107858296363,102.51371009683974,127.09159322988003,Regular,XXXL
77.30946151225308,37,170.02389313340802,71.95891153708438,83.41727530719594,Regular,M
52.62627592306377,61,160.76870197313625,74.30321336073767,93.18160824440398,Regular,M
60.636699741907655,18,157.2710769616214,77.08836000174313,93.71829472898288,Regular,L
88.79615879192728,65,183.4495187815839,80.69222500936002,101.01297834371918,Regular,L
60.33645928610352,18,168.8840257517118,74.96326433784338,80.67034785129137,Slim,M
68.75953787279225,32,179.10885046757215,87.93564748116935,98.95427034010753,Slim,XL
82.22134629254549,69,175.96759267808415,72.66450789023646,92.27772012502936,Curvy,M
67.8543796967024,43,164.30200960156162,65.04485523012747,83.03463861857436,Curvy,S
68.73611951886349,18,172.44061651189318,81.00365703496098,104.64102160710061,Curvy,L
57.63978304055068,53,157.94386207254286,74.30346574971674,98.81370214128671,Curvy,M
65.32377073701447,57,161.07092201825762,70.77321025458947,79.31323819623333,Slim,M
77.6703443501415,23,172.3615982476266,64.26617027605782,71.54033356994915,Slim,S
73.68848806241314,42,169.1511756220049,78.21135547739489,107.36736269091843,Curvy,L
72.36599471544693,56,166.72130668012701,79.27552979690238,110.87703128172176,Curvy,L
62.806178288426445,32,170.5651503527241,95.91817151124994,102.98473362686717,Slim,XXL
57.62502384423005,58,172.1385435669336,69.20797461080114,79.76839934056379,Slim,M
75.34804299249772,51,171.4198210360622,73.18388461511964,99.595253186274,Curvy,M
69.03475132099993,30,168.70499052685594,70.56339618419095,83.33689290771215,Regular,M
66.44749288970607,46,170.75551794298624,65.43839440306921,87.52152379533135,Regular,S
84.25007233629266,41,177.3412513383369,65.07704648624329,81.45183119641293,Regular,S
58.18392186357882,36,162.86301277194545,79.87838802663819,104.38853064026644,Regular,XL
53.50412171610124,58,156.21324975649952,77.69986796979016,89.41518310893588,Slim,L
80.39860837340137,45,177.42501638423812,60.897359024465125,66.84989542574485,Slim,XXS
66.01107570980764,26,173.6985697487578,71.11700789500193,82.39507294499383,Slim,M
71.83877676603099,56,163.72143547135093,65.67057288161851,85.242582820473,Curvy,S
58.03334732512001,69,159.80324233226133,67.11505486717846,91.15872279395694,Curvy,S
48.99470692781101,46,157.44609393234936,87.68534090744701,96.55605068960669,Slim,XL
73.11009727931538,51,171.75243929723328,76.48266412008286,90.67060636270747,Slim,L
59.68506140382791,31,162.76086288103036,58.17119871925658,81.43908052442403,Curvy,XXS
63.98648114716798,42,154.69626823272404,72.8095203924349,86.55189065749313,Regular,M
60.69556524639262,30,170.28501545197955,66.05584438221594,87.90343483133667,Curvy,S
60.39554128900088,57,159.40513145143228,61.56988559256423,85.74719784039782,Curvy,S
60.259105026983654,37,177.99280979645783,76.85785078556326,83.7609666578417,Slim,L
58.84880690232048,25,171.43389928327878,75.31141901491532,97.8652014045079,Curvy,M
62.23938330528176,33,171.4270596891231,69.6321098758757,95.91685193982173,Curvy,M
61.76684387218359,33,176.59806342780465,72.33406487429379,83.825770583115,Slim,M
92.42723215775992,56,186.2207044905759,76.6676736833981,96.83663036557319,Regular,L
69.09242167408311,37,168.53739497219698,59.66608517936506,69.19745260089664,Slim,XXS
76.70832288130768,65,173.30785530330638,107.03190497227465,136.7379931402549,Regular,XXXL
52.85967915071813,20,148.3692131972121,64.0134732780491,75.54672454576951,Regular,XXS
73.27242166294039,28,173.04597349324416,64.7913175587548,81.88804346130296,Regular,S
80.83156662102468,56,189.76371476921946,71.77390959669474,96.10605754120567,Curvy,M
70.11160479533933,62,172.3018559273463,77.04227758392605,97.08164781868193,Curvy,L
75.49421996659613,64,171.73109703696068,75.95155722003263,97.0404816265922,Regular,L
74.2374028909981,57,175.46413391551621,76.23522026486533,93.68916249389247,Regular,L
63.26486423941485,51,167.58912588586543,76.20628408488366,98.89931604013475,Curvy,L
57.89907813768092,54,154.59056487242066,73.18990436872545,99.76016730601737,Curvy,M
69.78981181910727,35,168.81352019003558,81.60899065026453,100.16712514808532,Regular,XL
53.60336019160448,66,162.79060215922024,77.34180728611655,106.14961007209563,Curvy,L
62.75290057245021,39,167.7529088895197,68.86190053406297,89.68114990683654,Curvy,S
74.03909855702003,65,168.08966590707473,73.29082829282443,83.03432415829226,Slim,M
55.83710100488461,47,154.90382072643658,73.51228404074993,87.64048036930718,Regular,M
83.40251956408402,19,186.8259651093245,61.28972337225039,83.08886848000532,Curvy,XXS
75.50988858050707,69,170.05896032778523,88.15951041587303,113.51869762326558,Regular,XXL
64.6124643281694,49,170.2221014497202,56.919995978275395,79.87261174036506,Curvy,XXS
84.4939853086453,52,176.96616885389344,71.93818866982161,98.12162411421852,Curvy,M
61.56914135670193,63,167.93286422264148,84.52077014527124,103.77810327367023,Regular,XL
64.02578890935575,32,157.25559987011587,72.01400234494294,88.51102291814705,Regular,M
63.25405798273687,69,179.24183339728106,58.98363215269025,75.1435386057282,Regular,XXS
64.97598632376746,43,165.83593640589805,97.7716286904841,124.0203500951699,Regular,XXXL
62.95620583971097,58,159.5250166700577,67.58541222256933,77.6321959168816,Slim,S
54.51653935758021,26,164.9652207055269,101.50705086127844,132.02648227549926,Curvy,XXXL
50.77457561583662,35,158.93257060026264,70.03770903562355,81.99186983628762,Regular,M
63.993516047380105,25,175.9296957625456,70.00548242204293,92.11184193129276,Curvy,M
73.67791659091456,37,167.70947185082363,72.1563847762545,87.67717837350122,Regular,M
55.266791750419664,27,168.52549332864373,90.90931770793517,111.65309799243528,Regular,XXL
63.2565811424333,22,164.8732248645407,84.23156957094633,113.66527609106669,Curvy,XL
56.14637152637591,56,167.0557311991078,78.4445054073887,93.19725124566125,Regular,L
79.61933338645477,60,172.00778455011877,74.85865853380331,96.06576030068368,Regular,L
66.65298867519923,62,170.5061398919388,77.41398005067984,108.0878878603745,Curvy,L
52.08287181560948,21,157.2708069812071,72.49634321388743,81.46069284969067,Slim,M
60.32276298433901,23,172.1109648371718,78.94201138487598,97.14236779860728,Regular,L
60.760345581044554,26,160.3143524007054,91.08881930421315,113.91849245585072,Regular,XXL
83.9483063386373,17,187.8283360962711,81.7256721309222,89.07365968241938,Slim,L
54.74619809661154,62,158.92824206591374,106.24764017925276,119.70682524331652,Slim,XXXL
65.40616409332394,25,172.03723669523941,67.21453060227185,83.88241231165239,Regular,M
68.71446753749304,53,161.25854473455882,76.08079300190549,81.64365541017538,Slim,M
58.4860137838773,35,173.64596304135807,80.46053911717276,100.37289227500825,Regular,L
73.13630641554103,34,167.83653006451297,94.1417284308439,127.95715073681015,Curvy,XXXL
75.33098405093224,32,167.3919346830302,78.71953286863219,84.13879696411789,Slim,L
64.32391275432599,65,178.91157626160188,56.19693355026597,76.27579834419194,Curvy,XXS
61.8680157101814,16,163.8956481297988,79.38694778107443,87.84938732843051,Slim,L
55.08978549803483,49,167.5820583178811,78.86266322740703,94.69519918318275,Regular,L
73.44333049392945,59,167.1722376491087,92.82591088254,104.85098196461945,Slim,XXL
79.55600784877252,27,174.22856324260945,73.559356919832,91.09313529957785,Regular,M
79.63328320416251,53,178.3052453118124,79.04360604742995,89.31236298014414,Slim,L
82.5994900399654,47,177.2737253389356,64.10818675379078,74.75124951092761,Regular,S
83.19131402045296,59,176.11171262370536,67.46944657774455,90.85870703446184,Curvy,M
72.01333107104837,20,164.99328885365284,56.882477805153634,70.81634644702355,Regular,XXS
69.62094072962016,49,171.98624798730782,91.30677481785497,109.93257047825718,Regular,XXL
62.72902483187177,63,172.35695455456514,65.66962127969899,85.57417069847745,Curvy,S
81.54861888073744,40,174.11527935677458,65.97385107542023,79.97046543877931,Slim,S
59.379199647316604,31,149.46268954412733,75.2116386710783,91.00980887561275,Regular,M
64.47472794228068,49,174.79846106348913,68.23485570440258,90.70268260947788,Curvy,M
54.60802702562577,41,152.36343585517716,65.83030922200548,75.75176550848633,Slim,S
54.08358391625301,32,153.09791872481043,73.16488956566208,89.43317225331666,Regular,M
59.76158231511657,52,160.98712999928026,69.75378152263261,85.22607736966414,Regular,M
68.1965821745366,29,182.34481143457313,76.37387203109967,103.02100708699834,Curvy,M
61.38396157616103,43,162.30890767236747,89.02264261098848,97.964578370419,Slim,XL
65.56349832528943,26,161.69256698612085,83.98483484913108,96.58976317596249,Slim,XL
46.52851401154576,65,156.22818774443832,70.3186630547588,97.3994828400763,Curvy,M
67.29665517292233,41,164.16554457170963,63.961888715295565,79.91354115414296,Regular,S
61.74642947694005,30,170.2666577970716,62.95376507884024,72.79581683502748,Slim,S
70.12558467218656,57,168.6824709171355,80.43908957218247,97.19388802990913,Regular,L
62.87454559487949,27,174.11013171205386,86.34116776827946,109.16752724322257,Regular,XL
64.72663102146838,30,166.4609395934397,90.19875499883709,100.699361457799,Slim,XXL
71.74041940254364,47,177.7409854006675,80.73201666738404,108.317450114723,Curvy,L
64.54696325827136,66,162.4153780068381,73.37114060323506,101.71113326385341,Curvy,M
64.24065582237316,63,175.41171269318235,88.67848035375839,101.82241881982988,Slim,XXL
54.219423328944664,26,160.2495967792978,89.30547706188466,111.5604516647105,Regular,XL
46.731504694344615,25,155.86955985955302,68.90638841651855,79.47514878806479,Slim,M
70.08459662697959,19,167.36006789684694,67.23611077551448,71.50581028915033,Slim,S
67.61373122260957,60,164.8437042575305,73.76908365806143,87.10094132000833,Regular,L
63.72262487688533,22,164.85820696139385,83.91593523353322,94.76615678327423,Slim,XL
66.86297141951212,17,161.807357546489,84.76056508903537,108.31360356140992,Curvy,XL
57.21079041537325,64,170.30833362810972,76.20147694349143,83.32924665765432,Slim,M
71.38586291743742,21,175.38219294952827,95.916821785177,116.64778020768263,Regular,XXXL
64.7541378087072,60,158.7468615682749,78.6520821865843,96.75463885598249,Regular,L
77.4399047475797,32,170.7517554168661,75.20403136535211,92.24003990285706,Regular,L
80.5574163074108,29,179.04302130365943,76.45006321275339,88.2176039845699,Slim,L
65.09361494640297,58,172.08626834539336,105.0502127499091,134.84717825604244,Regular,XXXL
62.98862675534229,20,162.8086618176026,73.41534338405432,88.99162896802643,Regular,M
73.8303100928627,37,177.8449587555065,83.15521646098264,104.30964913797197,Regular,XL
54.1789812535852,61,160.85953759035888,74.58105460527422,91.71010344223603,Regular,L
49.14522900249229,50,155.17112969619103,75.55774740309602,90.27342761400799,Slim,L
55.8657470175959,45,165.5713377275995,83.3542053648776,104.53211904674231,Regular,XL
69.28463817345073,34,166.13044177580625,85.59486646378116,106.52418704466358,Regular,XL
64.18579500435199,68,175.02464776900982,55.884186237716264,61.26160740447347,Slim,XXS
69.13021905813872,59,160.76466216734227,82.67998747994424,103.05226824963492,Regular,XL
62.59284793347692,37,164.31630343561778,70.89663059952244,88.8569303575231,Regular,M
58.88631305525864,46,160.38574229908255,88.6237947214234,103.84469343803086,Regular,XL
56.57207924750206,54,170.6071830024489,82.10455817020252,98.36573035580668,Regular,XL
68.59495335408351,43,160.0156226148627,69.43170171707106,77.8467940512478,Slim,M
59.87683169152322,52,158.8617306469981,72.08285501275566,77.86055274925965,Slim,M
53.14911832724025,27,158.54943192722706,94.53526294572244,129.94388789785327,Curvy,XXXL
66.28577000294197,31,162.73999346830144,69.25158056451826,84.67858828736398,Regular,M
59.07901025398164,34,170.6536001063779,91.5070324025306,114.46280874824348,Regular,XXL
54.67459076043192,34,161.7624394297576,70.51245193461509,78.79188463680103,Slim,M
59.77419811216256,19,168.5300973991705,72.7234572802548,88.61292830446378,Regular,M
71.40089465285503,18,170.90372914743227,71.46753101313291,85.11119110272502,Regular,M
77.7420263312978,61,176.31864015846406,100.81546726565418,114.92729912336722,Regular,XXXL
66.05422878255611,34,170.9394448274623,73.53757460561212,79.29118640238165,Slim,M
69.58030673192063,60,170.9835051842167,61.51907616538696,76.40301178080298,Regular,S
54.64898836438625,35,162.88318519132739,74.89424237192083,88.37353077514838,Regular,M
66.12079826822759,57,169.3990300704484,56.23419882649488,84.19222935567875,Curvy,XXS
49.69012458275074,40,159.06556699132614,84.19993197980867,120.34306014394474,Curvy,XL
64.32542715048942,57,163.84745954703098,81.32815475558459,110.57928488266194,Curvy,L
50.56527702471411,18,158.27960783155112,76.42420593221348,93.90290415815548,Regular,M
79.98886779719113,29,172.73579897491527,74.64526017424781,93.95432355719304,Curvy,M
80.19194661283072,41,173.84779046602827,70.42133889175285,91.17207851073468,Regular,M
55.1354602428619,61,158.29365857608917,64.0943394825017,73.58489349816452,Slim,S
63.008507210455534,65,168.5234124948986,60.49416607926449,76.09459657892259,Regular,XXS
61.08680648321425,19,162.07580850935514,59.6691403877459,80.89572919679742,Curvy,S
77.71531840141188,23,177.39078224279345,80.87984498126943,102.82774182405902,Curvy,L
70.44605825887412,21,165.6771117180993,80.56523991068129,92.67178040795237,Regular,L
68.21752706030365,54,178.2381566726719,99.92761436477687,110.46896803391869,Slim,XXXL
51.548057799916506,19,163.67778876067626,78.43432700703517,94.66913196594776,Regular,L
65.06246474121097,46,158.45742943412114,83.38776802953635,92.4493344804168,Slim,XL
51.874971004204404,48,160.05991743186286,69.88970668478306,87.59998728292359,Curvy,M
88.0459027234334,57,182.51661419500442,76.24205774795244,96.1714902889467,Regular,L
63.16004222477121,27,174.76744529393164,86.06404817302455,104.57502177916342,Regular,XL
63.280825424256754,62,163.36511111515804,58.87635155365905,78.34489758593108,Curvy,XXS
58.54816014719008,21,171.66688202878044,76.54808429283491,86.36447776276401,Slim,L
61.48509513470309,26,170.73043027034672,78.50757235700938,96.66703757738716,Regular,L
62.44450586550212,68,156.1202275620444,76.59475357039513,104.87384843853619,Curvy,L
55.10021513626807,33,162.37700977068425,58.65350892062418,74.61602728019923,Regular,XXS
68.77584378068163,25,171.87843484094603,83.93510708096031,110.56966525496756,Curvy,XL
66.12895844767046,54,165.67011069662865,66.83947564293054,87.80152627452834,Curvy,S
53.65095173937746,50,162.94671072805275,71.3194955420904,92.18258474950942,Regular,M
62.560126915917,30,174.28044342479936,66.40613603690402,79.71808828893066,Regular,S
72.9735265554283,35,172.35784441001812,89.1361369048038,99.00067482705744,Slim,XXL
66.26960600688254,64,166.8190464874219,89.08274969703002,100.3120827023402,Slim,XXL
66.40012326866714,42,165.3184034956767,73.58080186642287,85.59203138393059,Slim,M
70.24580545533478,45,175.62928378117158,91.3355361994665,103.63571580705485,Slim,XXL
68.33707931617556,24,170.93928746410785,73.54796836858685,88.51725511497058,Regular,M
65.88903737951904,16,171.5106273138971,78.48302991036978,98.68635101223283,Regular,L
50.19110076690877,53,162.4409735973453,67.25891669129605,82.12201785188088,Regular,S
51.23662216469216,61,163.3112374339214,75.96182026227261,82.19151542003993,Slim,L
54.13360932820485,44,167.85566961019464,59.198914686065464,82.86874320640932,Curvy,XXS
77.27204918448545,67,172.71326181349988,91.96811905578373,113.34025463244859,Regular,XXL
62.81880836762159,43,161.132658695554,78.28695148660645,95.80906905260683,Regular,L
73.72074482140633,38,172.6846912203829,74.95882161020012,93.46977563544307,Regular,L
74.04115264479785,51,170.4410470418264,92.1151497343498,117.80999067724206,Curvy,XXL
70.65941687701586,64,168.12952902467947,67.39833568061765,85.43943140066231,Regular,S
66.48056806450349,43,168.41434937570386,86.5281703981394,109.61717064349918,Regular,XL
84.87140880449205,63,177.9013159957286,71.69638813504054,78.68857720603008,Slim,M
56.20044005883421,28,157.03051681614707,74.41745096303923,93.30292668350349,Regular,L
58.22680425295596,52,162.40732046914695,92.61415128989769,102.98015127582606,Slim,XXL
69.02045681821652,29,168.41262465614747,70.89833206568247,91.32406226196248,Regular,M
51.354511326438285,23,158.76617414492875,85.2667580852818,109.00705185165263,Curvy,XL
63.73575947182354,49,164.1207673459197,75.11547918731804,99.46095768261151,Curvy,M
59.949230626034854,53,167.11728234097635,77.91338319473235,86.46396297886542,Slim,L
71.96721160811913,29,173.19969303766803,74.73715393422953,85.76915388793938,Slim,L
60.613189914505554,31,158.1154192844615,85.61125569864956,118.07125127671362,Curvy,XL
58.71283284858097,17,164.66410163386516,66.21629874996684,89.39661816413548,Curvy,S
63.87255338405309,41,169.80824879598003,79.6221216424096,92.22415840535271,Regular,L
53.681248559200604,47,158.08609481991323,73.65228182359087,84.42582132608665,Slim,L
71.34863897683951,63,170.0391805554266,67.54436955128418,95.59695021431514,Curvy,S
70.01633880629629,44,168.0786120979375,62.56616958600322,66.67659453725851,Slim,S
60.94579165646882,62,166.39246791387805,79.78707383532598,106.04637904576516,Curvy,L
71.06282761346579,56,168.4469225715546,66.2569967401901,81.02976302308997,Regular,S
55.27251371785617,35,169.8713375877844,70.78660439016276,80.40889712917316,Slim,M
70.96507195949351,33,164.29332675384705,72.46907116409668,83.87167343987349,Slim,M
81.15804230968783,57,175.46366372919496,64.49479698129298,72.88845609193373,Slim,S
58.97456100230239,30,171.5111754361903,67.14087383687007,83.42638154114975,Regular,S
79.77401068913886,55,177.98677812279158,92.11075117515477,112.61701190565073,Regular,XXL
76.41469122861919,22,173.51447159806418,82.41551769477769,95.56286537209371,Slim,XL
69.91141415947087,66,183.94849919071544,63.02096372612399,85.68597115609073,Curvy,S
46.169450066646434,19,149.8372659344102,83.8530625828219,110.89890124863712,Curvy,XL
81.76315577893659,40,181.77599283806526,62.956494489089714,74.52636098321827,Slim,S
59.92264473661706,33,158.06536502855104,72.7895394505658,87.69456099076024,Regular,M
69.61798781152832,53,172.0549549861706,68.85385151241476,94.78943423395734,Curvy,M
59.78307084100098,33,172.16857702672843,74.70846390081691,89.03548859650557,Slim,M
83.08188812827213,41,179.60102199479428,85.34680681647905,119.47539051217943,Curvy,XL
57.876060747040206,68,164.73261911367675,70.576906148657,88.51892666298768,Regular,M
71.33336743848744,43,165.0475189903789,88.60273125542248,109.47124613357201,Regular,XL
78.24836323558591,35,171.47288852193188,79.6432777520122,102.72749067291802,Regular,L
59.69807558496123,65,157.1679704560594,71.88968237719934,94.82946775666126,Curvy,M
61.91053753589038,25,174.13871482222333,70.28940016897003,86.17749576060854,Slim,M
56.0381501751948,27,165.54712282823283,92.69931427814801,114.31091401635871,Regular,XXL
69.67291052802418,54,180.17257732081092,69.18171510349978,88.93848542011963,Curvy,M
51.26583452879446,47,163.82934265459852,72.88410800317855,87.10440092363746,Regular,M
60.95178191101115,24,165.86057987879772,65.80952787386776,74.90815584180368,Slim,M
51.21003848928219,39,161.87137466081916,63.85139198400131,73.39821814429779,Slim,S
69.86861407345117,67,175.28245570021105,79.61402375619453,90.51030911988178,Slim,L
58.690349065378115,58,165.34731247347847,69.64277660180511,83.94063273930362,Regular,M
52.78276822667125,69,158.63752578345452,55.66063472871093,67.19813757914282,Slim,XXS
67.12401809539467,30,173.60491626485415,72.4136687932462,93.2829143105979,Curvy,M
51.1764687980628,40,157.82036809885176,62.341879511463894,75.78194650180475,Regular,S
52.47094025764034,65,162.16966279694068,68.69902064234462,80.99749186620186,Regular,S
72.56304468389494,37,170.8383176832105,83.18738397595844,111.95110635192445,Curvy,XL
78.54121423357867,61,178.81948759009157,75.21927684499865,88.20468871677163,Regular,M
61.01161755452864,31,166.5176501329385,71.63998748989337,81.70835413328213,Regular,M
71.10051924990536,65,163.15165691216956,77.12450036306632,94.52350511814022,Regular,L
82.30133114948616,53,175.19313218590366,73.8928199520586,88.07873502034694,Regular,M
64.4314153612058,51,181.8284585436655,92.21921582070027,109.47007397823461,Slim,XXL
68.95346379972703,36,171.47493347806335,63.15362470327081,74.84881898025193,Slim,S
50.04419190591195,31,162.20577050601435,91.72301037751693,113.87130051018721,Regular,XXL
59.05435049150792,51,174.1247973301171,56.59669064502285,66.16798943299212,Regular,XXS
72.22799270849293,23,172.24296631638717,76.03520342968633,83.70246502834685,Slim,M
66.25166706175932,35,160.53260205062026,73.48697863246021,92.97554780055344,Regular,M
79.51610074672841,60,179.1788330396657,103.22978485767082,145.01174125502476,Curvy,XXXL
66.77940144416267,50,169.69564796715883,84.40647163176118,106.2339517451426,Regular,XL
76.13433853714018,26,170.38882940834793,77.70284950027549,99.41002883493897,Curvy,L
59.44683544156067,32,173.89134993806746,69.83687882466437,88.94981395747335,Regular,M
69.23641747902857,65,162.0250519786041,88.33600287516103,98.81166304202888,Regular,XL
56.65250833584743,64,167.29239686056235,83.0971462075686,94.17833741016267,Slim,XL
78.19410390309234,62,170.35660566912455,80.00663497148967,107.36574367016871,Curvy,L
69.79276623732082,51,169.5360662765036,80.93224231625595,92.11009596259494,Slim,L
56.77507299733193,47,158.29293924645,96.97118063641598,121.54864330733082,Regular,XXXL
58.90925155331269,44,172.58046445684994,73.09551421733323,89.19167949353881,Regular,M
63.16480577662141,24,174.81761587892527,74.9103684020157,89.03136592923546,Regular,L
59.619846703795616,40,172.660340785773,65.15675735346747,80.93160881484373,Regular,S
62.24072440329503,26,161.056865797106,79.31871082733711,86.09545321088342,Slim,L
76.40629466197083,45,181.32792439958374,70.14157460544523,82.11021735626368,Slim,M
71.36788433218955,52,172.26538545653196,69.91215331585701,93.11188559261237,Regular,M
55.01242351294153,24,161.9561588372357,100.9362344242608,129.43630193741637,Regular,XXXL
69.34743776264456,68,162.84159953373228,77.7158520128057,89.49941203880923,Slim,L
52.15568596869129,41,162.6974886705476,80.26270516845703,104.29305353784572,Regular,XL
80.24762160198611,29,175.48150133983987,59.35545103119325,70.16612509651871,Slim,XXS
67.85858198680363,55,163.00884562786896,63.54882112873465,74.45731697119696,Slim,S
57.74060131197392,66,150.10394139208688,78.07515306859521,93.13050524720552,Regular,L
56.85786001822554,46,161.3061866635442,81.57061109583509,98.84400253305292,Regular,XL
69.69376572702006,36,181.08704454842652,79.13629803105177,99.1697080001933,Regular,L
52.46332529609495,33,162.57318828664768,65.25275541520561,81.19170068309667,Regular,S
64.21913877815608,54,167.84143775530194,71.27293861041721,76.10729603533343,Slim,M
58.03053548807772,31,159.79345876927195,71.3768179604879,81.34795945735411,Slim,M
53.2653854006723,26,167.02337685810323,69.89141526445906,83.42442783726655,Regular,M
64.40634701660154,66,166.48474555501784,84.73999847795528,101.51524444721171,Regular,XL
66.3698116409273,47,167.21012105640344,76.51035906140281,96.59441937991745,Curvy,L
86.68784089605253,67,180.55566048968788,82.78480829093577,98.53897872169577,Regular,XL
60.85930035254441,51,172.80956439790336,89.70698038698274,110.73606992997911,Regular,XXL
72.7451341921472,45,170.11754367414784,66.90014908550614,75.05287410953376,Slim,S
56.72552246484477,33,169.42709497992914,77.35817983479654,90.15990893100204,Regular,L
55.6918862174889,20,157.4778418227108,56.1866092429885,64.04825838838546,Slim,XXS
76.67076766197361,35,174.6845202045283,65.75817307104174,76.60252422755802,Regular,S
47.59051420997409,69,152.55463386440135,83.63151897006371,91.71853639745157,Slim,XL
67.14243911805053,52,172.556111404949,78.25967805928448,87.50989777877726,Slim,L
57.569197213016295,39,168.83107974136297,100.56073610057742,114.09522159496159,Slim,XXXL
76.87266460656188,16,171.099026568971,69.56907463490248,85.58375891620159,Regular,M
54.20694712412425,32,160.63010977878415,65.32201356646014,73.34484396891817,Slim,S
75.18623251556684,36,170.1843603262999,81.42001926156554,102.86463605780187,Regular,XL
77.1178754381704,20,173.35985209058487,84.71156497771945,105.76319231222809,Regular,XL
48.53259537981955,41,158.57732738352266,69.4547108848068,91.03206113077783,Curvy,M
59.367830140462864,63,163.13454690004812,69.12952726944225,78.90436882244131,Slim,M
47.69461346558574,22,157.8163393322363,71.66867165507563,86.52926547565957,Regular,M
57.18665982951507,43,164.90764523593995,66.61572133622147,86.57344698262264,Curvy,S
61.356993693608096,27,172.14155519343757,92.38720013428308,112.94144066993812,Regular,XXL
56.767652566525214,46,164.4903422559925,84.72046614251198,104.05346455454975,Regular,XL
80.60549258548748,61,187.5981828922861,65.16402239053079,83.89277599904385,Curvy,S
64.32422618364583,31,172.15357584428077,96.9806146738805,122.42879754516697,Regular,XXXL
74.81877245888965,40,177.45482718393902,58.686721498986365,71.5643310689417,Regular,XXS
73.34967312567709,66,166.52625371012988,80.50484943122329,93.56300335505117,Slim,L
63.29530352937608,40,156.5294305101558,82.55103886535879,108.33881122655309,Curvy,XL
62.08740602432703,66,166.27932323917034,78.59746300426504,94.91833017445671,Regular,L
71.83219353735122,66,170.78308092411504,63.80130047124111,76.56321105458925,Regular,S
64.50930804731249,29,169.95792358314463,69.04387667894795,93.90769204858981,Curvy,M
61.3322418331794,24,157.74873854664722,99.34513173487379,130.72279822308133,Curvy,XXXL
52.98382447205641,24,157.05739018228402,82.7313031955026,99.08461680029028,Regular,XL
73.1331699629399,57,165.80874381526672,71.57446177065607,99.17561575019792,Curvy,M
59.38828164728928,38,161.93937037713653,88.95559716829803,107.96899918894161,Regular,XXL
77.17347820181224,24,170.3526985683417,86.19013332455854,109.55481688215819,Regular,XL
79.41861360628043,69,172.63153617103063,108.36674404013151,115.29739082123484,Slim,XXXL
74.57514565406765,69,172.0000326825829,70.22689826505567,83.54629706483084,Regular,M
73.29762590841152,43,167.7525636465629,88.52252570005955,122.3141132726392,Curvy,XL
60.87958833555253,17,173.1254565407157,66.17925619605113,82.47136908628842,Regular,S
67.98126185038166,53,170.80278173362728,95.57266267515365,108.27143470069652,Slim,XXL
65.39381073958057,68,174.2748337243197,86.08582931020666,119.32850319066077,Curvy,XL
64.64977988537376,59,164.73818915273583,61.3112062674308,73.36936105855591,Regular,XXS
66.3580957964397,31,172.39311833726524,71.48627665621999,99.55934471266374,Curvy,M
60.34553248213244,54,171.21268361193373,76.81703499998086,85.30097738776333,Slim,L
50.78949277713177,16,162.0189885618494,109.31055820634711,146.47244095759666,Curvy,XXXL
63.54179798885573,51,162.03454897623703,78.17174880526393,95.6963420350093,Regular,L
61.516874324792965,55,157.60469673462921,77.15966728454025,99.80165386718107,Curvy,L
63.83529755129822,66,153.95317641537898,72.18440376164854,82.06685049021483,Slim,M
61.73414404419123,65,164.89631068018986,69.63016208162408,75.66313502720665,Slim,M
85.06010849209811,24,185.3315930265309,76.43993911789302,108.92543141122148,Curvy,L
75.52633585440856,67,176.64726719318344,85.21879202461791,123.0032071628035,Curvy,XL
74.80456015523609,62,171.3323541732907,79.64222238480197,85.8083081295089,Slim,L
62.71056470914239,46,167.14130287042215,70.33042753161588,86.86506946510289,Regular,M
60.84930435362451,20,165.49947292753475,75.83361407300815,84.01504420436669,Slim,L
61.74117592046384,21,159.88812338671835,60.10481975684914,71.67506580717274,Regular,XXS
57.53821807613855,30,152.8343264756425,85.94462138128667,109.20148750321002,Regular,XL
68.51356146602275,16,168.74740767312025,91.69255518628373,109.78739672463972,Regular,XXL
55.77991816187845,50,166.07010709623063,71.85032678291958,78.10557675425338,Slim,M
59.003858081115936,37,166.59324119348463,83.55656658189183,102.6430804627855,Regular,XL
76.3655997928259,54,178.55253659264307,98.08964852128665,109.39486687756467,Slim,XXXL
83.93729805161719,31,178.42123269696742,79.50200945166179,90.86021752965863,Slim,L
66.72598769398618,23,179.44772204541104,58.677119306346725,77.55924744770961,Curvy,XXS
48.8084185615368,39,153.17372414571292,95.18453372508776,108.73170170882449,Slim,XXL
71.54274132221782,54,171.65066689973062,72.9753128197231,100.1472812885401,Curvy,M
56.94735890174829,69,165.4920165743597,74.6103649186212,86.91778388906867,Regular,M
70.02552319569901,18,162.36617524919544,89.21824799834664,101.56334765042428,Slim,XXL
66.32614144725017,17,166.59562296610915,59.966677607824515,76.5434973794146,Regular,S
63.38866875738612,69,172.29480688933543,83.0286635515533,108.20093184361826,Curvy,XL
77.81165239618268,32,176.53404327893716,94.1826444145707,119.62948793050153,Regular,XXL
48.49917570077737,17,154.99497983357924,71.71176777037186,84.12299210192496,Slim,M
71.16548891175282,48,165.64960086054154,70.29587683671782,82.6877098318997,Slim,M
55.16296186120205,57,169.70249203877196,77.0506624706746,105.62028742556257,Curvy,L
75.01751443257031,46,168.79852510175684,73.14867736361604,103.57901767275702,Curvy,M
65.09879883310724,20,161.07385799007255,70.32501500225291,79.51619834431872,Slim,M
67.4837616958381,20,160.02673589516067,81.6792446325686,94.68830254236661,Slim,L
83.23371345074632,51,177.8438477431295,73.21766315664317,97.0315672834966,Curvy,M
65.34249169056132,16,174.5957342381705,76.77625780863296,81.97067695411968,Slim,L
60.205427265716246,21,163.7261555327137,73.09551049110425,92.98186968578008,Regular,M
68.18247227779126,32,168.84888097746315,78.42916969668515,91.07456706684371,Slim,L
55.81610218665973,33,161.5540234277199,93.27780936013289,105.89912006095292,Slim,XXL
54.63219982660226,46,159.95439219378292,91.51827937475333,101.77195801323911,Slim,XXL
60.359099001538304,47,170.92143605656463,81.2134187795061,97.6589152784334,Regular,L
59.37822873719495,21,167.82614039803354,77.6711086538928,95.30871594009886,Regular,L
58.05122386579596,48,165.30123930225125,83.92420642438168,105.46799062496625,Regular,XL
54.89527923319321,63,168.10162714840843,66.07263579128357,86.67857026822121,Regular,S
77.45613003207984,49,171.51358418040118,82.17116268228526,112.75063803647043,Curvy,XL
56.34859667288279,57,168.89866771475735,71.08268803896476,84.57394960182441,Regular,M
77.62789298985211,55,184.30692138453313,67.66901118297419,85.02673251297342,Regular,M
60.834156716805836,30,169.79066589631688,73.44268173047183,81.73716530649767,Slim,L
65.07198257810563,48,161.7103482206738,90.62372828936327,110.05048889745788,Regular,XXL
64.67670837400267,21,169.0889478759535,64.96003951634148,75.5548957035116,Slim,S
68.95977185882712,63,160.36044887711702,74.71866956121553,85.1389448921545,Slim,M
51.760349343112445,57,161.1282180184281,70.59894866774209,90.88144262797049,Regular,M
66.5057126964011,68,170.81393942693086,89.54046232139838,111.1247006328277,Regular,XXL
57.55622751398232,49,172.6242615590966,67.2033834763532,83.2152574553768,Regular,S
62.40809558804946,48,164.69544139637708,79.00982693832707,98.4718772362622,Regular,L
63.09370153083796,48,164.5260507332838,65.61702313029986,85.18904127057547,Regular,S
70.50729163829166,46,161.7841071342843,68.7852556582425,88.18017345127299,Curvy,M
73.55724247698566,49,167.53453454833698,78.87332461942479,96.7986117418679,Regular,L
63.19614637396581,46,175.2339971845953,80.24627563634294,98.49142572515011,Regular,L
61.25030074715212,21,154.49362129841802,61.599185954717655,70.53794328258674,Slim,XXS
51.399560988323486,58,161.94315073513252,61.37382368018513,73.43406117429879,Slim,XXS
73.25201469507978,57,165.27639279816879,79.06894387514048,101.1270174875326,Regular,L
71.13693958770183,27,170.90811595503465,57.122865499429466,79.43740835703417,Curvy,XXS
68.73929043680212,22,161.12953079024962,59.658499748665996,80.13929088696054,Curvy,XXS
58.19632699026091,41,171.37552675156599,66.60960107052667,75.5283356027517,Slim,S
59.75641917242762,60,158.46669561906882,87.70461885671322,120.62232927684775,Curvy,XL
61.64210858635648,48,167.55228419745154,103.20428559780524,120.6359988063611,Regular,XXXL
62.78827164313737,47,165.4669982473796,58.12863734723595,74.64699106849451,Regular,XXS
73.10304783022399,60,181.3326175861102,73.17721483822592,93.22014152924874,Regular,M
61.207211814871094,61,160.15395133694645,92.3756640069441,105.87620983486934,Slim,XXL
92.08334946642711,38,186.9070369425762,106.25011263453173,133.00838459933175,Regular,XXXL
66.91924884613672,19,181.02722246092003,73.18439874068476,91.42847583695853,Regular,L
63.127702379990396,19,169.29654599656809,89.62932398938962,112.0307396995078,Regular,XXL
70.75612584982198,36,171.2792248209398,60.94353844842773,66.17752832413933,Slim,XXS
84.35044094834387,20,179.42827716397917,54.936155945928384,74.40134636489122,Curvy,XXS
73.2201212559906,44,169.74875951586648,72.81705774648063,91.23800893473755,Regular,M
57.579652315611796,37,172.49758449880218,64.74540138973256,75.20223014223212,Regular,S
74.63311657376696,64,170.39411490690063,94.50577905240543,130.56286203646383,Curvy,XXL
72.5583857583338,69,175.99546714484012,85.25694804975944,108.4817931506764,Regular,XL
71.96723330003664,61,177.50699211605703,82.58026129393448,94.8299938263879,Slim,XL
63.594325212133604,67,173.55671324928292,73.29685880598397,86.98241520007716,Regular,M
71.20721678769046,34,180.49417577812042,72.18735587727363,81.39498803576713,Slim,M
62.6836858112637,17,171.98051088695277,84.98672629885421,108.01760180620073,Regular,XL
77.28864839043594,59,172.76654932635594,90.24454560430105,126.67712998958238,Curvy,XXL
68.06690068163815,58,176.898457148578,81.64096104925899,103.13414393983687,Regular,XL
45.61806861687889,38,154.7191874827707,66.03680847208274,88.58139223331891,Curvy,S
64.31628571682859,67,161.38611566820813,94.97732041674394,133.01571436322848,Curvy,XXL
68.59482815096159,62,177.85179591280203,68.48569756272279,77.51599729516076,Slim,S
61.06050825064345,20,171.4463928261488,63.30427668749709,80.48385972530494,Regular,S
65.00889110620953,51,159.59565192096716,63.898095946930454,84.18061281174865,Curvy,S
82.53032557685479,40,177.09082715975813,73.54709559153132,81.8216039952859,Slim,M
86.29032508346792,29,182.43512950002977,101.04264184785302,132.275231591025,Regular,XXXL
56.726745643416244,50,161.30604806023663,88.5828142423526,100.48051096888678,Slim,XXL
55.7037690586192,34,167.24265571193683,78.08735344226186,88.22231557196554,Slim,L
52.09011493030083,59,163.53007915977688,80.78439789566413,87.98872801482318,Slim,L
65.89536233031535,53,166.45677342207017,90.04001796320021,121.1535133995289,Curvy,XXL
73.67563410208105,26,168.69321926622777,86.82945259047439,101.581990021645,Regular,XL
52.579327764369374,50,165.76242705745088,93.02697078421059,113.18543490922558,Regular,XXL
60.59864251697171,33,166.00626149730135,72.28931022754806,77.73179947148276,Slim,M
63.03816262580515,66,173.05283428223885,80.25345291537427,99.41259882119499,Regular,L
48.72787376786836,64,158.79533154289624,77.52168116781556,91.31889269729741,Regular,L
71.20981458734859,49,173.9295757314289,78.05091658747484,99.60199877482056,Regular,L
67.51974922418385,31,166.56915486212228,106.97036226361347,131.6666270884456,Regular,XXXL
68.50553400237689,39,166.36643165620077,89.33551482612785,97.16027335638876,Slim,XXL
55.7606964175575,17,163.80367515404524,89.66149248064316,115.28377349038588,Curvy,XXL
58.55857860045725,42,156.8330236015581,56.016141920630936,67.3680250731508,Regular,XXS
77.75139143181387,61,171.21816678203206,66.76077465219907,84.21054072802959,Regular,S
61.510657417952245,35,160.8647798142277,74.04022188932313,89.26412351492901,Regular,M
75.44010178430165,66,170.13504174826997,73.89294298134871,87.42448338263812,Slim,L
59.351396818573214,28,163.7834174736243,80.72243802553449,99.78408235834375,Regular,L
60.01588494089988,21,174.0799280241926,82.82346497175833,117.18340869664364,Curvy,XL
52.747070839305486,66,153.37253376197026,70.46540878259289,84.62140661498066,Regular,M
69.89704742218875,30,166.15407378014348,63.055661420518476,69.70480079092685,Slim,S
63.59606373957759,48,166.3612779942523,72.37902685426086,93.99862823595033,Curvy,M
57.390697355296666,69,167.32536476729044,76.58950179116408,95.89179503602968,Regular,L
70.82924423872667,46,164.28565025879877,91.94062691616917,117.75440045842087,Regular,XXL
71.88236420796959,48,174.83302646170074,70.70182427719637,98.30875538873791,Curvy,M
53.31387988955774,44,164.83657373810945,65.77729032618667,80.05494011909603,Regular,S
56.83737062774022,62,162.2077956586419,59.705546656205414,69.53811256314194,Regular,XXS
65.78824476610603,40,176.38726619175506,98.95788584783078,135.36765013035915,Curvy,XXXL
66.29073836017507,50,158.88076223966206,66.10915442851265,87.5109236468399,Curvy,S
60.22646195917693,18,161.5540794201183,84.7553397287389,108.9945502853452,Regular,XL
82.01370558391277,28,174.4908507896026,83.47039825976661,90.8614055350916,Slim,XL
65.97220937905,32,163.3766331840015,84.21366186076719,109.42807012782488,Regular,XL
69.76376248378656,68,168.6375063729677,68.01867918917843,72.5245068472706,Slim,S
57.082332634833456,55,170.54091956876186,73.86132296837171,94.84512014401636,Regular,M
63.370258822931525,17,174.53453736171434,64.48377354461938,78.61291345704538,Regular,S
61.225775453356725,49,168.90245530287484,82.74500501542505,101.02863503965088,Regular,XL
62.145141030286986,43,164.71801333834892,88.66905611514747,93.2261729968598,Slim,XL
59.60130758262613,48,164.67459850485946,98.58981562503874,118.11620549656375,Regular,XXXL
67.95787814495391,26,162.49896899537453,66.50182180588753,77.20735126072331,Slim,S
72.18551695040735,47,174.53065827743828,84.31163776051797,103.03073687828947,Regular,XL
52.94339712138062,50,154.3838758952606,81.3030795686385,88.74057458852258,Slim,XL
69.32870670987298,23,166.1414218214593,78.0533281451442,91.18603304855442,Slim,L
87.34981885762197,55,184.5808076564578,63.44489770820453,84.87837608218018,Curvy,XXS
58.73318148025754,57,162.2849483909755,84.85938058782924,105.37667894543334,Regular,XL
63.6733569427447,58,171.48506413349693,71.17049379844804,102.63310892006831,Curvy,M
59.12110965430657,66,159.9014552844497,70.08883759873581,85.96212745935472,Regular,M
68.715157139526,60,167.54137784169708,75.81051021277067,97.18510851802397,Curvy,M
46.866012665718024,45,148.56624456648274,82.1039362949837,101.98034385527382,Regular,XL
67.1424446199172,52,176.75388781046158,85.25695609280451,111.49192229046403,Curvy,XL
63.25671707117664,63,159.4860025385465,78.68910880255156,95.09807511096038,Regular,L
69.34357797466619,46,166.48033518074783,95.43371760591266,117.88548462866748,Regular,XXL
56.33262827550991,46,168.32548347762577,82.85680503969668,94.77785245979959,Slim,XL
57.71221819735165,38,153.0701166839782,65.5159183368038,80.4771519909511,Regular,S
53.51904972611506,19,167.13404302233369,89.76250618518716,106.36730820365524,Regular,XL
63.07069152070011,67,158.33243474131157,106.56556867273555,115.88324179893434,Slim,XXXL
63.265746858962586,22,162.37029213198048,74.75628824318848,100.19153224013422,Curvy,L
55.28968835307362,51,154.54773926590582,102.42477661911775,138.00901821029225,Curvy,XXXL
66.97517715467976,40,160.46897868806928,79.27397778384112,91.69079267963014,Slim,L
54.684790367750374,33,168.23709194006196,73.55880789058479,79.53990599461298,Slim,M
55.05641167318571,69,168.27503756340283,65.62631083598559,87.48320644539729,Curvy,S
74.56918098271605,40,181.50998270070525,70.82506334800986,83.85026289711118,Regular,M
73.3585906211465,16,166.79398932673115,74.32539525525999,82.90447840661245,Slim,M
61.791710633288915,18,156.42144703420934,80.21886281563526,93.97812936573206,Regular,L
75.49112404488862,45,173.3670239412549,93.23016718408644,113.59455607466637,Regular,XXL
61.19459710740401,16,157.25505866651088,69.74806660700457,89.15620379088293,Regular,M
59.87145979283005,22,175.63497237476696,68.90349034537584,94.7948465050953,Curvy,S
55.66143216177189,63,149.96892378592597,59.97526961380234,73.29914768621542,Regular,XXS
62.178361055241815,38,167.77228543379425,79.36491862194141,101.78561013275089,Regular,L
72.42926860571235,19,167.8940781675415,71.28676742632257,83.2719920584866,Regular,M
57.763236913971916,24,167.39218618000328,76.99005725303209,93.57551977042668,Regular,L
73.58305264293078,64,171.03737589984524,58.882313305203894,69.6942509756249,Slim,XXS
68.40128622640678,54,162.8586171577827,90.60627525372031,114.81666286450356,Regular,XXL
63.97924899874202,16,166.119733877412,92.14865739666672,116.45601480826419,Curvy,XXL
53.29844818419848,68,160.09700644143874,78.88837157207247,99.77737026611382,Regular,L
55.98734694012321,63,163.18909856881714,71.36534916200394,96.3772239073338,Curvy,M
62.61235502300231,31,155.67926187491793,72.15013206491517,88.84498628989279,Regular,M
81.99391172756184,52,180.54116824678886,90.91686488724494,109.97933746784602,Regular,XXL
49.074133552601076,20,153.7872519745767,76.34379794933061,94.54196429711897,Regular,L
72.78856985326446,16,175.11952685844173,75.15752515590303,85.14603476303947,Slim,L
71.47390612524714,19,170.77455150863406,78.39666609414363,90.02641358424995,Slim,L
45.342724931271924,40,153.0001056888452,63.46203174770245,78.86194614296227,Regular,S
76.44662694457654,22,174.0930398657016,85.32273453387015,108.75536896794753,Regular,XL
62.01513130679127,44,159.35970228892646,79.2812988885049,107.4286473845213,Curvy,L
77.82117740488987,49,177.0011085598525,85.28292116243601,116.38032459299575,Curvy,XL
83.82426186714314,23,184.31951219300748,99.08265960609455,120.70355380788052,Regular,XXXL
79.63242020088708,34,174.88310105142875,89.31481816349363,112.69672120739158,Curvy,XL
66.99852885211735,28,181.06679207334426,77.31553812341501,106.6025812253802,Curvy,L
78.05268966169074,23,174.34993641035635,75.30397604549954,80.54570499506893,Slim,L
54.38878742836708,66,157.84562295326296,89.00953003552968,102.98179822039793,Slim,XXL
49.04229797461424,68,159.3137906559659,73.59854627247294,104.15678924880518,Curvy,M
77.16122770177431,60,170.85902011578276,64.49167858876645,83.2756378889179,Regular,S
69.56162071114865,40,173.00067467527825,65.64543326834038,79.58604507997696,Regular,S
72.63100853209208,46,166.45816116141268,74.32597815770153,88.3022247162393,Regular,M
65.77161308916756,57,170.91836214806682,74.56664257271575,92.83018751113921,Regular,M
57.96266335021126,16,162.09500409340373,77.67822302271539,106.4564999392614,Curvy,L
71.2945852975707,47,168.78564916543246,78.62435828395277,108.05027611803447,Curvy,L
57.188351106085754,51,169.00323844911307,76.3153507885526,89.99433564300762,Slim,L
59.51709738259835,29,167.9372572595735,73.29218968928386,80.9971924391185,Slim,M
67.72996676117117,38,162.11802984977476,69.04700715731283,86.06983603658756,Regular,M
58.86877346217567,48,166.7734130569386,76.79241472052955,110.07538057296594,Curvy,L
47.36455184758333,22,157.6118271761023,66.64058596965556,75.1623399116111,Slim,S
61.74057427658385,21,154.9155096692523,61.91308595223676,75.02932569481398,Regular,S
65.92530260217778,63,157.17109925683746,75.47419091808591,84.28883061881966,Slim,L
59.035530866943795,57,175.68721943654066,73.20480561911202,83.42054904206711,Slim,M
82.40057370910836,56,177.06748577739242,72.38058484842956,82.29181719614415,Slim,M
55.166493619519784,18,163.82066783855234,71.24642526391186,90.23928811792743,Regular,M
69.99124960881066,23,179.33327607845112,73.18625850014581,92.03277661973621,Regular,M
63.102117538144256,48,160.30186571107095,78.73212448267664,93.45717603827619,Regular,L
57.63842104536146,65,165.08793861374187,65.6459470673779,93.58031952745827,Curvy,S
65.24661298189085,44,171.87642341009033,72.7655576081229,88.67900092966775,Regular,M
74.32148915558597,30,172.7490551301437,83.15668305892754,94.68516317001902,Slim,XL
52.27812346141565,34,165.25072112454157,84.38078030700635,99.26846515327175,Regular,XL
65.60634359882687,48,162.48086355185856,79.94110268363045,95.73878523015559,Regular,L
71.09085221937808,18,165.85851916568947,58.089728729695196,73.99372357717175,Regular,XXS
60.396516350904065,41,169.94059751485597,74.50117135451823,92.54983046936472,Regular,L
53.35114753459838,51,154.07280505603606,75.11156616906041,88.69863664930277,Regular,M
74.08822902265048,38,173.00297097872664,79.16703902748255,110.4699331427778,Curvy,L
67.41612896422718,57,175.4749516218669,56.83576950737295,65.08261725539462,Slim,XXS
66.30911724888094,38,167.8065398423707,71.22674612083209,100.00939402269492,Curvy,M
54.92162845048721,58,169.60578199233484,82.32509669077056,102.67541300657774,Regular,XL
60.98697902826482,42,170.53704611302766,93.03202418029778,100.07874680712195,Slim,XXL
70.47466221157866,46,165.84711177301378,77.18073215014857,100.3879225826251,Regular,L
71.65259038952851,68,164.11835936039677,60.81997928757255,84.56067447037464,Curvy,XXS
63.03829274978495,69,165.1107184840474,62.178218895441695,67.33376059382407,Slim,S
72.35038357722861,57,171.6693302057542,70.47233709756783,88.07316158986619,Regular,M
55.52914661561424,46,163.7644542169832,74.84510091001994,90.22692564441259,Slim,L
84.76927404766334,56,184.13839260242634,81.37287161463632,97.26115176904779,Regular,L
63.89992644764591,48,173.13416867892767,83.49421902122205,118.37534332184607,Curvy,XL
65.85248698726663,32,160.76817063589283,97.66161679885144,123.27832193408842,Regular,XXXL
56.22958409776498,19,161.1370807980678,89.96761782872791,110.22229245255554,Regular,XXL
63.1511990687827,59,163.88269803232726,83.9905945635806,101.46282779021033,Regular,XL
69.02912859842446,38,161.3664777146902,74.14110637987011,95.8105021770604,Curvy,M
54.92563920740782,35,169.41855356865403,98.12989517989749,108.56502981854857,Slim,XXXL
65.80748422539797,65,171.58199882497163,68.61950786691328,91.28481677881597,Regular,M
58.50777185643481,52,162.74867271701115,77.66704200855155,106.38898536535795,Curvy,L
58.84074727630167,45,169.85375043978843,55.89963886687081,64.2069410023703,Regular,XXS
76.1134731621824,62,177.4051554451418,63.827179235102015,76.59258614156595,Regular,S
69.295702763129,34,173.28621216797887,87.50357731003196,102.96110396458647,Regular,XL
65.90394924563891,66,172.91420913073057,61.888532805272675,80.48012177677424,Regular,S
61.7880550854742,40,162.77315483146424,62.135284499563724,84.0950539927846,Curvy,XXS
66.74037836085843,26,181.03815947074312,73.16161719466453,81.29741983954781,Slim,M
52.15844207722614,45,162.1235942357471,67.97760830608541,89.73096008545252,Curvy,M
83.58327728755314,59,182.88567276842463,64.12475951237931,84.17433103873562,Regular,S
78.27518308547285,39,175.85126457837194,78.0758561511768,107.07088854183998,Curvy,L
85.0740800763744,30,178.68036743843874,63.742772588937065,73.23362372632278,Slim,S
80.4478521526687,31,175.65628691164127,72.99342261093433,91.86452875567437,Regular,L
73.36658857370128,65,166.62954819781476,64.5253109835322,75.01402005571202,Slim,S
66.1984416254021,60,182.8147592907842,66.53143488788602,86.33848731844134,Regular,M
66.86868162637994,23,164.93594062659164,65.00568953427835,78.35586136242654,Regular,S
84.19743631432975,20,181.3552986165131,71.74180807836443,77.34098999500218,Slim,M
43.38872198310865,39,149.44484532995554,103.80549173946729,117.51099683504864,Slim,XXXL
66.72692168647102,66,163.62059946440215,80.37314585430825,88.8618170665499,Slim,XL
87.7732113812583,25,186.73385668885516,84.3641644958791,93.24627988624486,Slim,XL
69.1715972552239,25,171.57635498657336,77.25475434129771,88.60022406591442,Slim,L
52.22537861551153,31,160.53413257083082,76.29904929659894,102.25530746865982,Curvy,L
75.91917126946772,69,172.94904211237636,90.70839656697397,128.9007038113697,Curvy,XXL
72.0348127691431,62,165.76358715829875,72.63833431655483,92.1402345131704,Regular,M
79.26114400384455,59,172.0228588420234,87.73492128804398,99.61925658172107,Slim,XL
60.3506896592936,63,176.33980475880082,82.86640081463561,90.98127338967795,Slim,XL
69.21658070254432,25,168.57439020251869,63.083343577295146,73.539516632348,Slim,S
72.43220562527274,68,172.0167715277219,83.79035669957806,101.39704013870784,Regular,XL
62.03272142829198,35,167.73934447789733,74.81386113813869,93.12951358341208,Regular,L
51.54055561567089,60,157.777266874555,83.75068556469516,107.5470552812568,Regular,XL
75.4712285171612,21,183.8826733586301,71.19039190306553,89.2381627909619,Regular,M
70.26467519530621,31,164.54659470112202,74.71439493547265,87.9181945093825,Regular,M
55.80277451741918,61,151.48655716666542,83.9649520886656,106.44007946359088,Regular,XL
65.90099701072168,37,171.51334187823315,96.455190459947,123.76866097024065,Curvy,XXXL
56.20966497139452,65,161.20518302508827,62.699080441045695,78.4011388830382,Regular,S
82.74431876664302,21,178.97186136405116,69.39561346482769,85.58432302171425,Regular,S
75.50032919447699,62,169.029106982407,73.18350204514739,103.54104581040463,Curvy,M
68.73026657832209,57,168.5442893404057,90.10612128754832,102.94759694597863,Slim,XXL
70.4499875121465,55,171.42091749128582,77.75661652526887,87.49756438764793,Slim,L
56.18852118502002,25,163.90783573455974,90.06321778058955,108.17853273198118,Regular,XXL
58.94407557115817,40,166.4216399268172,71.28671536759967,85.09027493466353,Regular,M
77.87972916295269,32,185.32796108669214,72.20860453821602,86.7244356417756,Regular,M
64.06603685636156,46,168.41407879062004,80.7565856022394,95.20918866290977,Regular,L
71.53844678859673,33,171.13725147424532,80.09456266357739,92.50465863927884,Slim,L
63.917704053449455,19,168.9088837928174,90.71031875067565,98.43053896023089,Slim,XXL
56.39701037357237,31,169.44852885504523,63.71647006223068,74.58815927092274,Regular,S
58.48967898956384,40,174.46552676312712,67.7725543633492,91.51008205229375,Curvy,S
59.71788686116136,56,168.58779977126588,74.60324086006354,88.83749202956776,Regular,M
54.629208711985896,66,151.51078385521578,69.8243720705148,82.8972632336199,Regular,M
81.82834161084583,57,176.4697485467722,63.69751040262746,79.61580182038148,Regular,S
62.2465690037442,20,176.18219635659062,63.08229878315853,79.41699447028535,Regular,S
78.17545620831902,49,184.19100669405984,60.01781646477471,78.32282265773799,Regular,XXS
47.99190374883779,56,154.0257135452498,77.20540050684708,92.2868432800456,Slim,L
80.47166954668218,33,185.42253249284846,91.43561032724126,104.09632821356668,Slim,XXL
80.1724665248105,65,174.10541847776213,66.3821908808985,82.43079611541044,Regular,S
82.03950740073664,31,178.62647819962189,77.43311420184413,92.47443918588445,Regular,L
93.14001475819914,30,188.67477537175375,83.11032538068379,102.9287321389392,Regular,XL
58.771507167958404,16,163.70076150213856,80.41587127629742,95.63408214931006,Regular,L
67.7192353013074,20,171.4203350116622,77.66181880163951,94.29342443569918,Regular,L
67.50650110790899,48,164.9853118756465,75.39622524601641,92.88825343594014,Regular,L
65.99038379324,18,179.13217393947983,81.07796080299094,111.38872255615142,Curvy,L
74.8173190194996,27,168.04062594932762,87.72515248669114,121.61726544758132,Curvy,XL
64.4650405448069,39,158.23423922337392,83.67023216920741,92.15492930984546,Slim,XL
67.02872620971945,59,167.9064299483793,94.35839223309159,105.98554868863567,Slim,XXXL
60.248715392358214,21,174.8086111928322,80.2516006249536,107.35629239649643,Curvy,L
68.35855503661851,63,178.5237567927397,74.90990607897727,94.72539304767994,Regular,L
66.14361219069812,32,165.69460601404143,77.88398096624893,108.03092701581953,Curvy,L
77.40886709281153,60,177.07982369588925,104.1784247221117,138.167575421009,Curvy,XXXL
70.84939669760709,61,183.75432499007184,90.9652947922387,117.37829920404896,Curvy,XXL
58.23593510819062,40,165.29090014148866,78.36130001049615,85.60474926890933,Slim,L
68.48057102340594,61,185.30594623612532,69.05439394210589,91.70652219641799,Curvy,S
62.25972409184875,62,168.74118248556755,75.2809835855716,85.91989828047559,Slim,L
71.38617154095122,18,168.44583581061775,58.71313135421281,71.11120543381085,Slim,XXS
84.89104335767796,27,184.23067519779386,101.79977236444184,141.6599285368552,Curvy,XXXL
58.109174956536904,68,171.55974715808784,60.53823801282911,85.0690239912063,Curvy,XXS
59.76786717299045,58,173.98783847610284,77.5651975786595,90.19784658132127,Slim,L
82.58003491896815,29,178.50078366218736,66.12570120689078,79.12702955534654,Regular,S
53.282776977223,22,164.23820137752864,62.43759847195879,67.4662819876298,Slim,S
78.17279677009341,19,182.1416630870612,78.74256074015994,97.78259447328742,Regular,L
70.62263588390246,60,174.29936778293074,77.68375806355168,96.09822572375568,Regular,L
59.5925334093402,37,172.41211880316368,76.68294799436586,95.4582594493352,Regular,L
56.653429134823824,49,169.63405277201628,77.88090436817215,92.87043960522148,Regular,L
84.08652083926293,43,176.67960325765557,68.79760033066559,87.6335510136434,Regular,S
62.41074727124793,34,155.65898677525212,71.60645858153691,90.32301438670228,Curvy,M
62.143576184575224,30,154.56348453077663,70.97339277728531,84.6371527101706,Regular,M
61.98386374140695,69,166.94509366285615,105.05860923885423,121.66397231178719,Slim,XXXL
58.33632245276445,19,157.52650750563305,73.37087594139047,94.14522345010707,Curvy,M
57.93044926068807,61,161.47960202849217,64.61039844496082,76.23215043287625,Slim,S
65.49375484329714,38,163.58236523230175,78.80342279172756,97.8099747875091,Regular,L
65.24451579351727,51,167.71114906295608,86.76666567760743,102.25580154453158,Regular,XL
84.4614578068513,56,184.03871323410738,97.29383314242008,116.36234643335614,Slim,XXXL
56.20199924794192,51,159.23494304018675,76.98124628125726,95.21586805479211,Regular,L
62.52209498910963,57,165.81654600902783,73.06873377578368,81.5174095349207,Slim,M
70.82884209940195,26,175.10446920632162,73.08550007406913,85.61086500532579,Slim,M
63.232563377666196,65,171.33105947588984,63.84461203318517,83.71281503686642,Curvy,S
74.2773956956568,60,170.44965944333308,66.63680120169212,76.72782053835813,Regular,S
57.28365514540225,69,158.26480853767828,59.827398851533175,84.17109603636715,Curvy,XXS
66.6165821555867,66,175.3413636789395,89.93034284510485,100.72085717061317,Slim,XXL
63.65223960458985,24,171.57431752286192,104.40458315613067,128.7617953583563,Regular,XXXL
79.59227285003128,66,178.45253787259318,75.1090378761729,92.69794557702659,Regular,L
76.41055797291608,39,168.66994890978646,67.53010781357953,84.09738844642602,Curvy,S
67.97892906845328,18,159.92273684930998,66.22212877576058,88.41018849279243,Curvy,S
69.05472899828871,25,178.16484438691992,61.5607739409211,68.90397062458658,Slim,S
58.8430067128395,50,160.33231612157587,70.54644325623352,84.80697942937168,Slim,M
65.52340098262947,49,166.79624063908688,102.01266650904428,119.31886001610687,Slim,XXXL
52.00933396487821,24,155.72154510009776,71.71953502837115,88.61109465944111,Regular,M
76.42395164903088,64,179.17383798348595,81.44135880939743,93.04839237502608,Slim,L
69.97564067864131,49,177.6744376315191,82.36049841606207,94.61278575854024,Slim,XL
54.86849968514447,32,163.58752077216766,79.14248076619776,99.8402067843232,Regular,L
53.722897120124955,34,163.25206040465181,73.12079150864102,90.39473193001162,Regular,M
57.5222095461772,24,166.38313995055188,64.35014474925619,85.08336165850928,Curvy,S
59.00521762289789,33,166.94599531794677,80.37590275458467,88.56997218158432,Slim,L
68.22998778369329,21,168.8413995354214,91.97743219878424,114.6291766845244,Curvy,XXL
70.83701044508916,54,173.1091666171994,76.92411012714855,95.41407990918756,Regular,L
66.7364283654855,27,159.32853529846926,70.22452467766463,82.73859856703469,Slim,M
62.03558285548095,18,174.72168646777334,81.66785472255616,101.40521947536507,Regular,XL
65.61126603487914,19,169.30828791276286,71.67737049875063,87.71772020781958,Regular,M
73.60283315192676,29,166.93812563951536,89.31098337756721,105.91116582347787,Regular,XXL
66.66441478847908,17,177.08489959412807,72.48073426345108,87.2853703583431,Regular,M
59.29839988795315,65,168.89190404404005,60.46591422621155,78.55284760296404,Regular,XXS
76.92214181420475,59,180.46016251380158,64.24356613181223,78.03930416393177,Regular,XXS
60.69202506324275,20,170.97617374320507,98.37746704985989,106.74117691768342,Slim,XXXL
75.06540214470802,58,167.75766011852053,70.2181789034906,81.83693567822611,Slim,M
54.12783916392257,16,164.97405468117273,71.01182283051845,92.63186899103354,Curvy,M
68.65527505188727,37,161.9070930617536,93.339384277982,117.2161023724947,Regular,XXL
63.62576214828796,51,174.5499211985564,97.72510848647728,136.57119146089468,Curvy,XXXL
79.2718079872939,32,171.95683750857447,74.479519700903,91.79230025146393,Regular,M
64.98103056049469,42,171.1627896049194,75.27543759558503,91.45508804074777,Slim,L
72.96916504112293,18,167.9168431407645,74.03474299302061,88.25005816185376,Regular,M
71.30153713074387,26,169.23718481217796,69.59490661176952,76.98568599462548,Slim,M
60.738062486756526,66,176.534029530137,63.62312573797424,76.49772498335432,Regular,S
65.07254511147573,24,180.0858346515902,70.84361749021211,79.64740352965262,Slim,M
64.29992747859072,27,175.36749219030278,85.01735925046991,111.78065743271027,Curvy,XL
66.91056081640184,56,170.64471248373005,79.98394339653414,91.53373449952942,Slim,L
70.4910362336957,32,169.07001695358304,66.11995250324225,77.19508751377175,Slim,S
53.96996172022857,46,162.28024588141724,76.74870798076132,83.92641706566282,Slim,L
59.16569828498302,42,174.5159750164796,87.19853277115165,101.73251491502995,Slim,XL
72.45830451473967,44,164.2882288195301,70.78668439812857,90.66959877502526,Regular,M
50.36628483565189,17,157.1672222977459,79.56107846814432,95.96313094745238,Regular,L
59.28334214075085,50,171.07881419521365,71.95106915328418,94.32726061429648,Curvy,M
68.1594534368367,39,180.60525680210986,77.74764079190605,92.08957978873062,Slim,L
75.20132658454104,26,168.5336316137064,70.1570276762174,88.37288093576927,Regular,M
59.38561000705859,38,164.3334485378552,70.6390734362383,92.60372178360728,Curvy,M
64.40694420653287,48,162.49746442253408,74.16006586525639,101.47939374037855,Curvy,M
79.67001536225641,22,171.80923206258626,76.9547218597683,84.56607893191924,Slim,L
82.30069438952742,45,175.85996161502345,70.29767686480751,83.1657313254255,Slim,M
54.555762328692225,57,164.42935650266966,56.2099404220877,75.41737830688574,Regular,XXS
53.53526540652666,26,164.4782242013303,103.03135514164376,122.3170979527658,Regular,XXXL
61.08708758990722,26,177.88983804462407,75.02917482799249,102.74917117924856,Curvy,L
81.03885557996797,69,174.84253432350044,73.27505276705551,98.3161285935846,Curvy,M
77.59535097587619,45,175.42723866528388,89.22891456134717,126.4454364598804,Curvy,XXL
70.72524663768266,30,172.65819292731612,78.69440064937451,83.26917150571276,Slim,L
70.57649236906164,46,176.54996562911714,80.21382535896764,87.39348104103377,Slim,L
64.38749294875088,68,165.37863160633057,81.31857098495651,89.84099972171921,Slim,XL
79.6792647544048,21,182.05936664606833,75.58108489931541,103.72519463698049,Curvy,M
65.14376760115502,21,165.90901608990953,69.12357333328477,97.05184436115108,Curvy,M
67.51012388195534,49,158.39165068557688,89.31206219550113,106.24055344970792,Regular,XXL
66.78389466070846,64,164.87495630153626,89.02776847647054,118.52230798289672,Curvy,XL
63.39648658500557,46,170.85304971840623,60.37545583406218,86.94708284559846,Curvy,XXS
59.76076370057708,39,171.78654115000674,71.2884506929727,83.91519935652013,Regular,M
67.98600040128865,42,176.0694503031223,70.34127719710511,87.358007227857,Regular,M
73.09465323224153,63,165.80439299726348,71.24386610550799,81.66762208541292,Slim,M
71.41090940763746,18,166.77967931472244,72.0240115503859,97.87052177892221,Curvy,M
60.33181688446127,61,154.98701171389612,81.65970599377228,90.50751905108051,Slim,L
63.3849446855331,50,175.66443472378924,71.59228879019354,86.22103053928734,Regular,M
70.65326652629655,16,165.62456876603036,65.26806262390251,73.27206882248456,Regular,S
60.61476018639328,62,165.57203028037895,83.44765213191042,104.7394845132261,Regular,XL
65.73043146033135,35,177.18246181836403,79.89738964980218,89.98368642628421,Slim,L
78.27376861847156,18,183.66741860872511,75.53461009428207,90.77409316700593,Regular,L
57.040892940568845,45,170.7061724663009,78.63457168843028,97.07305798373588,Regular,L
68.22213090992847,68,169.1270242922254,86.62461094220602,97.03919938943845,Slim,XL
67.15708397144223,62,179.15771246564776,68.31466704399615,100.16822565454424,Curvy,M
62.438815748103195,19,169.52295222871734,56.7985985132921,69.30283789905054,Slim,XXS
66.32139524200788,18,159.09637060159156,69.04289525046337,81.7101937723283,Regular,M
52.14305235833439,25,160.63712374260592,74.82874197506864,91.31000244707778,Regular,M
78.72799434036835,17,184.7068708151257,78.38839271687716,96.8749798638452,Regular,L
54.41609834543723,35,164.97925394534562,86.12202914025553,121.37670960903093,Curvy,XL
73.97827008995316,31,165.56444010637165,79.23678297205889,89.99642790523076,Slim,L
65.18982187243326,45,166.76982396087433,79.15093993454957,94.69350757877604,Regular,L
57.907426307529136,47,162.28860543587083,81.45022242699437,114.94647789370967,Curvy,XL
49.54702076586649,21,151.625761213781,83.69149750560489,103.91427674151824,Regular,XL
77.15847643383498,60,170.15909959473328,73.86737454828985,92.13097394799249,Regular,M
51.27971604219243,53,162.69671699928864,68.3287309099769,91.33561317854779,Regular,M
64.32981947843739,59,172.58259525191806,69.77907588533971,98.2544445329268,Curvy,M
67.07538945744163,36,160.4540195725872,68.29090329429832,83.47053486922758,Regular,S
64.64827724541868,35,168.91276510897433,56.83651480821703,61.95220647666724,Slim,XXS
78.04330247317579,28,182.42629551613317,85.28732388712989,114.85857032356698,Curvy,XL
80.45226177490879,42,173.45511111427018,70.7499605383168,82.3001800125152,Slim,M
73.51475427456657,52,169.56484275642075,63.887365197264316,82.16282605421901,Regular,S
54.661245973803325,55,168.1985685060199,92.30912876260398,109.60445904892482,Regular,XXL
69.10092142279527,16,172.61508161190508,78.24083612883152,83.36044181680052,Slim,L
56.76235614341075,37,168.48612009592273,84.24654363094197,103.15046442283383,Slim,XL
83.38736617045922,19,181.1865656388827,73.6492317445892,93.20148642318621,Regular,M
56.675553631517445,16,168.98252377299823,70.36871233887861,99.97660808873167,Curvy,M
65.35442093783297,50,160.7078137867897,62.25367288399899,74.30076790894883,Regular,XXS
69.64280869915441,43,167.75604018552028,65.05291631466169,76.07168380659954,Slim,S
72.829705099806,24,171.32143338360098,95.15620349577084,114.60481724660171,Regular,XXL
65.88149091193782,63,161.60092890227773,76.31218809977781,103.49731582208615,Curvy,L
56.29693911565451,64,162.86311171979682,79.31532341740969,99.27340603765927,Regular,L
72.1130153005186,51,170.97732190289472,74.75749833328959,92.25981037090534,Regular,L
64.2200650757738,69,171.44404067787147,80.69123380690544,90.39947833507618,Slim,L
63.34553332589497,58,180.05317402601534,56.91979163297014,62.05907443737565,Slim,XXS
66.9770589643312,29,163.4543766686069,94.58331497394896,116.17737511877915,Regular,XXL
76.01945250287388,62,176.04851464131363,75.75452077702658,100.50937340967631,Curvy,M
62.360217374278896,45,180.8234658257308,75.41545886800827,78.71763546929438,Slim,M
63.188138576473186,24,165.78261925789954,70.75691274541218,80.40561113368148,Slim,M
75.24266622111024,18,167.17396700509696,75.02821230125755,86.64778364721612,Slim,M
54.02542475649874,37,164.7282825841475,83.98862777044864,117.35410932340797,Curvy,XL
59.96224425881118,44,156.08392074702195,78.98178276716598,84.15748787984481,Slim,L
61.3042356955596,43,172.93087034699158,75.80760307332648,88.88573075647253,Regular,L
69.27850430509763,36,162.7220072554335,73.62655642943477,90.36648356739262,Regular,M
67.57398137958062,16,175.3908471025431,65.24680016882384,78.89775583721811,Regular,S
71.12184937110422,68,175.4462968859768,54.88340853904272,66.91964799157202,Regular,XXS
66.34019345576236,35,162.2661139778216,55.51849279651259,62.16297410880735,Slim,XXS
55.20065349821272,26,167.1113290452797,71.56069600648175,77.84462476526583,Slim,M
71.98654919779842,62,178.6431211264815,78.75065744405848,111.85629984389965,Curvy,L
53.65569002751513,48,165.14760910231487,69.46936226219914,87.18959000442116,Regular,M
51.809363280200415,45,159.4594088308295,76.8827028323905,99.96781961109538,Curvy,L
56.86257471872172,40,166.54477773657155,68.40784660113812,81.22568514149734,Slim,S
64.75372915871263,60,164.57016371132144,83.0682242678057,98.15815173499227,Regular,XL
69.60938854743348,61,168.81989007147325,78.51246357678322,96.24737105426722,Regular,L
72.58863027851564,24,166.2909817190393,74.83851521992655,93.50224055639805,Regular,L
55.28914668670616,37,170.0345852634801,65.80506610109049,75.38403852881342,Slim,S
65.2769573506836,62,165.9798774417974,76.2734142403009,100.7474939328018,Curvy,L
80.99850359460629,62,177.72128045486073,95.06435000583859,123.80858050944012,Curvy,XXL
56.13608465832259,45,163.10438625214576,76.18536114917431,92.43363660336192,Regular,L
69.26524244933562,50,167.48326189804163,92.15445145575269,107.84589809545596,Slim,XXL
59.38836785081878,25,171.74691136387915,89.5454672698471,99.17721893375163,Slim,XXL
72.89660041251379,55,178.51721083310846,86.76045090515603,112.38584509468899,Curvy,XL
86.38800680716825,35,182.40458325272888,67.62823422826001,92.85365661188573,Curvy,M
64.8080708854431,26,163.02918665462926,71.21120831632811,87.03638631843637,Regular,M
66.61311151504984,63,170.20166833745682,74.77896891075423,93.45984159291348,Regular,L
79.7242725139562,64,174.33821891164493,81.78906050950518,94.74587328488884,Slim,XL
47.44206050979697,47,152.7336513568388,74.17102041042365,100.78181226924451,Curvy,M
63.01894080089103,26,162.20906433141448,78.43620268404688,86.71757385938558,Slim,L
63.245558597832535,66,166.371391939287,61.830153388133425,81.07744400164152,Curvy,S
68.69646238779765,56,170.15386451996008,86.89041635854959,100.33288717019842,Regular,XL
75.20998986868163,53,175.46787904121226,82.38854798506017,100.25833597805301,Regular,XL
85.19555493807768,65,178.2690543480265,66.70361376560257,80.11144743517413,Regular,S
69.27172348741585,45,171.7443766776679,77.88764125321062,92.4057136501691,Regular,L
48.61827179136221,35,154.89917892326326,67.83463174340065,91.0531483453533,Curvy,S
58.9371565574071,22,161.49914098544676,90.69872426024085,111.44433338183195,Regular,XXL
66.95062723967301,48,175.0667264556604,75.84893001209102,92.83148685632233,Regular,L
64.43446062878178,52,160.55696786822975,84.84480554504981,117.85184691825854,Curvy,XL
57.44207810349881,63,163.28781648523554,69.717039426514,80.25683763869785,Slim,M
68.95256430324417,63,171.04082008979043,82.62360272868159,116.13849999365034,Curvy,XL
69.53603973335834,46,165.42652530296124,56.59176684905207,65.20654100115632,Regular,XXS
78.68627557008307,67,180.3533535291759,72.00720706370063,88.07256920157937,Regular,M
50.24340806329584,25,160.78423558348942,64.04654984739474,68.87470782422596,Slim,S
68.8672706686296,53,165.87121320131692,72.4129421731248,104.50932572694305,Curvy,M
85.11379383127618,46,178.9541384438035,59.394175677884995,74.12144029610543,Regular,XXS
65.43667089659722,60,164.8559356385598,61.90952378243658,62.95292341793712,Slim,XXS
45.131112884019686,28,153.29177474688444,73.03768669128043,80.44721623411394,Slim,M
52.78363168129713,38,160.54417735745986,86.8406633858725,99.56723434607429,Slim,XL
61.4695570892252,50,153.49464569691688,72.01048514217594,83.71579093423762,Slim,M
65.36234476010182,51,171.1894919188358,107.26375574925636,146.7394212341893,Curvy,XXXL
66.48647974658034,51,174.56542921617316,87.52819205384247,112.96143972825037,Regular,XXL
67.95906692349381,60,164.8021593132016,81.40225102001683,106.73366308033317,Curvy,XL
74.01716195081752,62,171.49505563372486,85.53462628586958,100.33291585613523,Regular,XL
69.16371021015557,59,173.87845349564807,69.43094532906055,91.14530643982262,Curvy,M
79.7314565463684,26,172.8222836057185,58.32928194855202,72.62543568352194,Regular,XXS
52.62242974680266,69,161.49195717871558,92.65214751776203,103.72272764828587,Slim,XXL
65.66166816578448,48,173.90099934026875,64.65239863900416,84.84713183290025,Curvy,S
67.3785587453602,56,169.8348477468705,77.93037345584908,87.56496716847637,Slim,L
58.165274991857224,51,173.63977755196095,76.43792985346433,104.7925941468165,Curvy,L
61.75846776874585,16,170.36087253482737,77.11475928902978,89.71509697437605,Slim,L
72.1294697382751,39,179.20131750029228,84.35699476675138,113.57452093831732,Curvy,XL
67.1481818229234,49,168.5576699368362,77.75727756976714,84.16928138500184,Slim,L
60.71707357783648,46,150.22669676278005,88.11747105525757,107.5376426846302,Regular,XL
55.065797000627036,34,160.4504186455034,75.95400577090844,98.6836003297681,Regular,L
56.877662934972825,37,170.56742191204293,83.88178194437788,106.76848506030824,Curvy,XL
73.88117020713315,60,171.31443662763525,88.3019904224418,103.46832201782061,Regular,XL
76.49650421394354,24,174.17508177858448,86.98320869845129,119.49991392860062,Curvy,XL
57.920033082360874,52,169.56732618176326,90.83528335071117,109.27823938238303,Regular,XXL
59.29260249759405,41,163.1666834621241,79.47809416716227,94.30019215372377,Regular,L
73.5196782138115,50,173.2690957621162,73.81110288043953,102.95163941975956,Curvy,M
59.49953902963116,63,161.8348229935831,65.09273468907101,72.62142500545698,Slim,S
58.754595984605594,45,162.84035562200114,65.05305968972038,71.93560074787746,Slim,S
64.09077372701552,50,165.1394506253326,85.80492978050907,93.79042554689134,Slim,XL
79.82445040270294,61,177.49511455321135,75.60217742381043,96.14309466541226,Curvy,L
70.78337477014496,69,171.83103794274916,57.002050539757676,70.38829074738872,Regular,XXS
83.63163391876195,44,184.3123938074657,73.05510458722861,89.74446722954708,Regular,M
54.48166895181022,36,168.40577284516908,90.2446206789895,120.0465050754898,Curvy,XXL
56.187531157638574,35,168.90112493494547,79.33699836760772,87.92396889145814,Slim,L
54.904071716511865,57,169.83330311294574,75.78597430634491,94.7170726980392,Regular,L
59.25583026538082,33,171.35359419540936,64.70273258852917,83.32194714245485,Curvy,S
72.80379649160513,35,170.93585162798362,77.24766583919534,90.68790262446626,Regular,L
75.04943161224381,57,187.8554531454219,66.44440440084304,83.74098025406951,Curvy,S
70.96937560303286,17,178.5913034691014,71.5697325263634,80.67057734939263,Slim,M
76.34959863096154,17,183.274178298815,68.1374837446474,75.15606049634164,Slim,M
58.00905626208387,47,163.63784898946267,69.26040540030154,86.01584469439842,Regular,M
61.36747478880948,63,153.3387861113094,72.60407272826276,87.99157185860507,Regular,M
47.53109780956624,46,154.8521480996262,75.71780530440796,104.52445258406458,Curvy,L
72.35579576535652,35,179.04269644471037,78.1591665768765,100.85003435771192,Regular,L
66.16959644905774,43,160.25878533670945,78.6516925908196,105.29708282938623,Curvy,L
74.47029436739163,69,184.7082393466406,91.38191298515717,126.2786793255505,Curvy,XXL
75.94754521894093,33,180.26610729921518,68.33876016052953,80.67284374737048,Regular,S
63.5510742056345,58,182.13678656944512,70.16822792331237,82.55194214130972,Slim,M
79.0817750212004,34,180.81283877282544,64.1640589311602,73.35890482831682,Slim,S
62.30246011776093,19,176.7225578147258,69.89294630809977,81.62329426530732,Slim,M
51.193698010528735,60,154.60240271910172,57.325340232533236,64.51513327208805,Slim,XXS
89.49386583874087,69,182.94826196230235,63.7109354533764,84.04870566394061,Curvy,S
58.98756094173712,64,158.84934276983552,86.05628222368114,108.86260908025127,Regular,XL
73.4030592093895,51,165.95251289777343,76.05566895280585,93.89933881343048,Regular,L
66.01568286242268,63,164.34353052380226,80.77633949813624,111.1941839074017,Curvy,XL
52.46277943222179,43,164.71696703836676,62.71972736099016,73.73158092349746,Slim,S
51.65666938992448,22,162.1302680782465,90.29306722734465,109.99939421964056,Regular,XXL
59.552701530543125,63,175.29348912356156,65.25473867162266,72.73828965703485,Slim,S
68.67086680140052,60,162.5187708584026,67.47016134810615,82.03922342895038,Slim,M
71.24580788781954,68,166.72238396272502,61.30508896750241,73.56966841769805,Regular,XXS
61.48329276476743,61,167.6200721440878,78.80469502774835,98.80289116463535,Regular,L
65.11588169166069,24,173.0150728279729,72.0379033063276,84.43489829706402,Regular,M
78.24013374344996,61,182.16574602025156,66.09157939227562,81.58369315856613,Regular,S
77.72084096627715,21,173.36203267867464,82.18616719723784,99.1012643892755,Regular,XL
55.071676553520426,45,166.16567242494486,72.52826125490779,80.16501035664601,Slim,M
73.69076564771177,28,179.28582508634597,88.13096065101779,122.53418194874529,Curvy,XXL
50.994724550885266,18,163.76079096095745,68.20083622339281,84.33762648934172,Slim,M
56.907904577548464,38,170.50097883120642,78.82083437170235,99.40849618525498,Regular,L
74.89526255101082,18,181.26569794569718,69.60867789097814,88.76427245965768,Regular,M
93.05755758879533,27,189.6644515403053,84.06846518700102,100.14031968452801,Regular,XL
61.76129797709247,63,178.93191723422456,71.65290006475165,78.87483539409278,Slim,M
64.86655784148572,61,170.38845672755465,85.3221778900008,103.57506833567177,Regular,XL
66.46445688818056,67,162.0738356362329,75.02991056894847,85.23635573146467,Slim,L
64.67250475724923,41,173.01219046943814,79.23969324386442,99.52919092186293,Regular,L
74.99920071871564,44,180.87477425970135,66.78850946848107,79.17857049482711,Regular,S
74.74721017322372,22,179.5683802200249,91.47925422315276,104.06374367331902,Slim,XXL
72.57029761091077,46,166.80751330964495,85.66263212279853,119.33037820101856,Curvy,XL
89.67479715849598,27,184.68098672547632,64.36999745711233,82.03034134715105,Regular,S
63.46419830754497,17,175.40396636944317,83.84469477398719,105.5158248846366,Regular,XL
69.22982516180403,43,175.7265568984663,70.56699962874207,87.96383291769449,Regular,M
72.03353989188582,59,176.91292509089413,65.16499313794743,77.99432561722784,Regular,S
83.30089999173336,69,178.95798559959385,61.731065309963356,77.24683971140915,Curvy,XXS
66.23436976522478,47,169.7824256845632,77.7850881032956,97.08488801162193,Regular,L
81.06150192556933,51,175.14576717272445,66.3276152791864,72.8505069765634,Slim,S
50.0908550678806,43,156.87929597593524,69.30817695439487,89.16718720916768,Regular,M
64.46918957802329,38,156.49642337418905,76.87433083088,89.992318578672,Regular,L
66.05856547374265,47,164.92122139750313,64.35596852842552,79.19274626326161,Regular,S
48.574869202758,27,159.53986894146297,79.2752092925946,104.39079798370396,Regular,L
57.464808020761616,43,173.62788169580105,69.45826340973647,81.27804130307038,Slim,M
75.0710603138609,68,170.23163571937403,55.49604792780386,66.95501163570528,Slim,XXS
63.80981351628135,28,161.63469225272559,58.843272605499,68.93441733991557,Regular,XXS
63.073158472912255,62,161.68314214604843,82.33229376632114,106.35702304948505,Curvy,L
59.09108477436915,41,164.6122127060153,79.71579836382683,107.11608593994559,Curvy,L
63.35749516691747,37,178.2751187428362,80.11850902750169,96.02265966492836,Regular,L
74.14941678542449,16,171.6314779535735,83.36754275705471,101.42294094179633,Regular,XL
67.5860252938956,57,187.1014025235982,66.05435536913755,82.15826533540987,Regular,S
63.664960412250004,45,176.89685844242825,77.46456583937628,101.3239453795357,Regular,L
58.64761413544344,17,152.94789148620663,89.97269160754409,95.1914272432637,Slim,XL
50.22682051378027,18,154.11120540673747,65.58098749609913,80.32036919748644,Regular,S
71.28065776599199,34,167.9937652972045,77.00962911436554,88.39033551646567,Slim,L
62.47725493023736,63,163.55129809066108,77.25782597767835,103.34722234411603,Curvy,L
53.43891119376581,40,161.26282182704824,84.40565719796562,92.58062342188647,Slim,XL
50.64326592744193,31,158.70660529558688,76.2467228259347,104.48818077665722,Curvy,L
62.87571615958346,53,168.39108931194252,76.18402350012639,104.51543039609616,Curvy,L
55.89039950670544,62,161.27895237324978,81.05808420997994,100.39441949181392,Regular,L
75.18315610789165,30,176.56698375346338,101.79801848616552,131.79156707386434,Curvy,XXXL
69.03075553864183,68,177.84277239495538,83.79106207748085,88.93110996036232,Slim,XL
61.93454631741947,28,161.36050020552833,73.39845727055399,105.8739338805531,Curvy,M
66.32828996880268,51,167.75723540536407,79.65932141167708,95.27851703423227,Regular,L
55.79961344571488,63,160.41438692355547,85.31678982325774,110.52376633612187,Regular,XL
67.23056545387612,43,171.463370426684,68.90217073945912,75.71484989324743,Slim,M
65.92810477029225,52,170.34421370633086,84.73890484320373,102.35902819193272,Regular,XL
48.35187456653906,37,156.69902204336645,65.57284304819854,78.85735048214543,Regular,S
58.084944526190924,52,168.60909286552237,54.84927556146176,77.40012128390529,Curvy,XXS
68.37315281905997,27,177.9646294384949,93.54182025752672,100.7972821563385,Slim,XXL
66.83905969016713,29,163.57652873516088,65.49563257807465,77.91117904140434,Slim,S
52.34224323589606,44,165.14490023605842,72.2285600664839,80.22234016211368,Slim,M
59.09545558293578,36,164.69082985020933,83.80026062846959,111.48390710006231,Curvy,XL
61.578276941452714,32,160.47757182140248,58.611059463942624,78.99582931032269,Curvy,XXS
74.90436578982207,46,177.75627315835308,78.66007337024634,98.52871283311283,Regular,L
61.90164551344287,50,167.53339730669796,71.52142093464788,88.24721669503676,Regular,M
59.84653534473369,32,176.4912485556995,84.65615547824649,96.9214954328622,Regular,XL
63.72741529626737,40,160.46933743341773,82.34783557314616,101.84362597511456,Regular,XL
71.38114909723107,26,172.29355802027726,79.52109850941216,112.04629841174318,Curvy,L
51.429885267195274,53,159.26044180127695,72.8388878247856,85.00458166594059,Regular,M
51.29905207729025,45,152.95832514544728,72.63246483482769,97.77730924391892,Curvy,M
81.52884553171661,51,178.94250161746015,69.25373654753271,96.27819506970437,Curvy,M
63.5847987797781,19,163.3684084299409,92.53643941324542,114.96657519066073,Regular,XXL
56.41587301260783,19,154.51337553596824,60.98352414993363,66.95129588599258,Slim,XXS
72.24737792877713,62,168.5609951364098,74.2070370559227,96.42398551842207,Curvy,M
81.88560256794449,58,176.10771944334311,73.02829766236945,82.80412925592557,Slim,M
71.76064392689484,60,182.0351226952891,64.05279310006608,76.7905614125033,Regular,S
70.31771002021004,59,176.63995422573768,75.97814452122658,92.04786721684594,Regular,M
72.11350917868864,49,165.93880498009128,78.83156656162386,92.36665899319317,Slim,L
81.4311454993765,58,177.82620775548108,58.50769215623687,72.50385220072418,Regular,XXS
49.74145789834395,45,151.71060845871125,69.35750873798003,93.68325833100143,Curvy,M
57.144035050447606,66,158.0615601564703,85.9135753659396,97.49106511920951,Slim,XL
56.73919671524485,18,151.82189479422217,64.18071202078316,79.82857419193984,Regular,S
58.53015357591377,20,165.681890703987,81.48024222557666,90.82101329029656,Slim,L
59.218778865270515,53,170.14446282803837,75.43600008259564,95.54882121034186,Regular,L
72.00352920413285,17,167.09924312437957,71.54850310163005,80.22888236478994,Slim,M
74.78095913645481,35,178.788395236412,77.74070195489637,86.82666158458716,Slim,L
85.1174443802246,42,179.71481051206715,60.35058967551315,70.36960104984794,Regular,XXS
57.958553051791476,68,157.62183832006286,76.53191929586241,106.83692287459345,Curvy,L
60.08753310014778,26,157.283571664202,71.92720158154637,79.19881939037677,Slim,M
70.01977429849903,48,165.4639072295685,65.50304825447321,80.64059379407462,Regular,S
84.38970541367237,20,180.46929234383148,65.99029643477384,76.12749809547938,Slim,S
54.86537562382109,31,168.56719897781443,57.935320300450876,67.52860179315608,Regular,XXS
74.28231299440654,68,169.46318087844585,75.55117373823381,101.08174305157817,Curvy,M
81.00449633840235,42,175.57594033280816,81.05044698883677,99.84941719967058,Regular,L
59.9518597673608,61,175.63897270898354,63.949712885898535,83.35830867616319,Curvy,S
63.830960622150315,40,166.36490791340069,73.02410950395344,81.09931129425954,Slim,M
78.00039663118667,27,187.18120019743543,86.14796737603926,104.33317458984094,Curvy,XL
62.01817147444389,51,154.70392136637858,88.15781178058128,93.48748953849028,Slim,XL
75.08656267147853,38,170.30366403138322,86.39764733010496,97.58861546010606,Slim,XL
54.11805120129123,36,151.14239816189337,96.347984750193,115.06307038543838,Regular,XXXL
47.433150639139924,60,156.87482122318923,78.70568373516656,107.39970690315639,Curvy,L
57.40237468603805,34,172.14443022968163,69.16868723171073,87.60172309609553,Regular,M
75.926428734239,17,172.06823444754957,62.01817335642376,75.24206822560596,Regular,S
53.80594566678902,54,167.84280974674112,100.67414777018202,131.88947731463531,Curvy,XXXL
69.81411254838153,52,168.2885888697465,72.63390656260573,86.34812014566573,Regular,M
50.24622311903845,36,153.31960487273585,71.895052595375,89.24698048099539,Regular,M
82.11135689729574,51,176.25203389742876,67.6709215057307,74.86853536299697,Slim,M
80.95397560501563,61,176.7252612188082,65.7486066416176,82.45364390912853,Regular,S
70.34933921227163,39,168.03283703590125,82.50974880717388,107.62228112858051,Curvy,XL
77.11974154803339,46,169.9244418580904,77.74189819428784,97.15007170935067,Regular,L
67.49034473882915,60,167.096620912652,83.1334886488357,101.03278943554032,Regular,XL
57.85130450076355,26,159.56400946373637,85.38717367350868,119.84455070820391,Curvy,XL
71.78129622433447,38,187.0071015366186,70.43861081076383,76.02824927964461,Slim,M
53.071051940905335,20,157.77286525190675,82.7329627358823,110.92940365218287,Regular,XL
65.50078142050305,27,177.91986121155517,80.11280553030569,97.13202844964793,Regular,L
74.21913029055695,21,167.86725447889023,59.25687986463318,74.96399215014631,Curvy,XXS
59.374321363042725,49,163.78004202697022,94.43248646082134,111.00419065956855,Slim,XXL
61.79777142511911,33,169.420598986487,78.98816148049443,110.19695109179627,Curvy,L
57.03584996485354,20,160.9633225812031,94.00877851237006,111.97693714413636,Regular,XXXL
58.75769674268463,35,160.38267313766525,83.54681611117059,105.03214572523332,Curvy,XL
74.02852534818915,20,172.7430431155064,66.13352874439617,83.88305710173063,Regular,S
67.10950029452768,33,171.41509306674158,63.28504037359626,75.52255787387985,Slim,S
74.3340678357621,22,188.5223441187891,72.19590763797936,96.24743212526275,Curvy,M
65.97124022438875,28,171.21424647140446,67.30557213464176,87.30675509563784,Regular,S
59.197452754927234,38,172.91882164698418,80.77659356122936,98.439039866123,Regular,L
62.37233154058286,50,163.99079034385315,65.79276385632934,80.92585691633744,Regular,S
65.95999221110813,44,170.74450759397124,69.71050932097667,73.19329849544168,Slim,M
70.07837338982588,21,167.87118416921817,76.95002852507238,103.87971310654393,Curvy,L
57.40949464919317,48,163.90178606398513,90.81284978027892,110.06989558548888,Regular,XXL
56.37412909557985,16,168.20462375882872,71.23989084926045,91.07358020631636,Regular,M
71.03719857973866,17,167.14326667230125,70.64409283089259,79.86318042668549,Slim,M
71.57387244600125,57,181.7903522226639,92.55594063432437,107.86139361409587,Regular,XXL
56.380834639339554,17,163.12034617167583,65.19975788354955,84.85819116745606,Regular,S
66.5301733076374,25,167.36818139933933,79.19878870751596,84.42955762365489,Slim,L
76.8858017918307,69,179.92145305989033,63.466649938778566,73.03118122864885,Regular,S
51.58858064090631,23,159.27884319509562,60.03594863818808,82.88966959609583,Curvy,XXS
58.25353830179875,64,164.2056991830469,90.55575919653892,120.98575940103579,Curvy,XXL
65.2468247746345,64,179.93086128462545,76.99753661021288,95.15314499193991,Regular,L
73.69252793871287,64,171.91057068692652,71.49806618789047,90.87708610622433,Curvy,M
68.00836949518465,27,172.6656858409904,93.42353161543197,111.68373782712058,Regular,XXL
76.38393230060187,51,172.2441323629221,88.71375228313441,111.64206682783666,Regular,XXL
59.05848335458144,65,159.40092450113195,94.8966613403948,110.99710523559293,Regular,XXL
63.55766468051434,28,167.34593984773025,60.75383896234737,81.18898048021018,Curvy,XXS
51.60236384064408,35,162.41803483510665,69.27685977138474,87.3403001855303,Regular,M
63.846790390458956,67,159.75619015708295,72.05137554568792,103.42052638566736,Curvy,M
78.42127609225595,55,174.0953397642748,70.76638357594358,82.53163915481078,Regular,M
66.17308280720826,44,167.17189066787054,105.88007995590668,119.70768752127034,Slim,XXXL
71.80217880819187,41,167.22564413779645,74.13085122590849,91.4976894636282,Regular,M
61.60598395602659,63,167.7734954801812,84.42863607552879,99.5942886207795,Slim,XL
75.81103570333042,64,170.11614463517546,71.54009447063677,87.62040915302305,Regular,M
58.69284103560957,52,162.93209897763415,80.3476011799817,98.5659459478131,Regular,L
70.88122311426669,46,176.53229489808402,71.13904779792378,84.74256908207494,Slim,M
46.781182515849416,66,148.9624883878871,73.32027940509506,90.09014888944441,Regular,M
61.48047427790596,51,157.15107841551142,77.46545094857197,95.92364531273284,Regular,L
55.076746065080684,49,164.46858866428488,61.67276748627056,79.62794974567092,Regular,XXS
64.74676926657155,62,158.6697012116227,87.16386422787446,100.20120284403653,Slim,XXL
73.89124847068955,67,171.63626777508853,64.81027371714359,80.26492137152809,Regular,S
78.59258294410697,38,172.99820089813318,87.61365848522655,101.08369053083031,Regular,XL
70.1724226547303,60,184.35857007567054,63.88933184606661,81.64393938986308,Curvy,S
65.34624332122252,36,181.730068418977,77.52310056858201,90.3598548117678,Slim,L
55.81376992761333,26,167.11847295335858,65.07302508525913,80.04297201115065,Regular,S
69.24499801887144,52,172.80722088382527,70.76789179479236,86.18830516972733,Regular,M
62.4731367854426,28,168.73903771570903,78.64688456580592,98.95333072658985,Regular,L
52.78857256251004,17,160.44058606976716,79.59984072686575,97.98664301745531,Regular,L
74.48907458155917,69,169.64838791739925,69.07531000339014,88.05561805953506,Regular,M
90.12644702383223,34,184.6173581164182,69.38107365926871,81.27955374919087,Regular,S
68.29829744229366,69,171.03555713845176,65.9376050485644,76.62683603252299,Regular,S
54.175015157619605,54,162.99911282546003,74.49876835237521,86.48620116124559,Regular,M
60.5073805026567,16,168.38978756289535,83.01520941897138,89.38392730716336,Slim,XL
58.433557826716225,63,174.330733591168,68.51621640127699,83.4404779603645,Regular,M
59.931723728592324,46,163.81087025594366,77.9310922585486,94.84033292676892,Regular,L
65.05782886564191,52,159.1061397638078,70.61598774621936,82.63911353842741,Slim,M
63.43101074083532,48,177.57977239208378,96.52391828935224,127.63588875125788,Curvy,XXL
49.466370129602936,65,161.09814929867954,64.35702462180974,88.4530152199483,Curvy,S
70.53370318704376,64,164.05065755804722,77.93073459574408,97.7990341844126,Regular,L
49.285091037939445,31,159.7901252044698,89.73017266210594,122.8480341174777,Curvy,XXL
53.95087671856957,18,152.63056138681895,63.54881563857763,84.4289637539254,Regular,S
80.91531748021224,56,174.46822012201227,75.2724444343094,108.36837574743821,Curvy,L
57.7147574546503,67,167.34176799916486,66.79622986412845,83.23634009700606,Regular,S
56.019529936271844,65,171.3867378806116,71.57708638940016,92.09735351008547,Regular,M
69.331607422738,35,170.95039411647468,78.56554406005033,97.78725586980818,Regular,L
59.47927892867344,42,173.76067787068285,58.39143147724458,73.84373999102536,Regular,XXS
71.67555136278193,49,163.88633259502598,77.93156904923643,107.22845263554443,Curvy,L
61.93146871723104,30,152.44031639679918,85.83198913515866,111.75573363049955,Curvy,XL
53.034430734145246,44,165.6258443975767,65.5761187790425,72.79185633099937,Slim,S
57.6703438641877,64,164.02490854854233,62.12007749315389,76.44050661531959,Regular,S
77.71415942889361,42,172.76349115047395,105.37143176588452,127.62268793310058,Regular,XXXL
52.23214264375649,52,165.2649115584124,81.03076869564751,108.92660017079287,Curvy,XL
66.04380172302484,25,176.62887093052177,75.90325504199022,99.15944153933593,Curvy,L
52.848078889746866,50,166.30935271944276,87.75934094647953,107.88953351482738,Regular,XL
62.93460611957689,45,178.28119351941052,103.92611099529059,129.8481539170227,Regular,XXXL
62.03454561478921,39,164.3980956120407,76.0748374160941,91.64790282914154,Regular,L
67.51940242659448,69,164.4648238941224,93.37625468793821,113.95912450639901,Regular,XXL
72.19806714469674,30,171.16912456112672,65.44210321108187,76.65194870993602,Regular,S
71.71364747291733,23,164.7912016468452,70.67628338289052,95.37956926176587,Curvy,M
84.75192565764964,24,185.8637818895354,84.02776923773833,116.34012180279694,Curvy,XL
61.47253184234081,46,168.56680135307604,83.419163763884,97.94784255719094,Regular,XL
70.23977067044814,52,165.06689199374648,80.48127283306233,95.84692085441064,Regular,L
79.23725789982667,23,173.40240740507664,105.0399906171879,124.7963887161408,Regular,XXXL
72.09620037396559,52,170.34045325708112,74.34444337088829,106.47105742668056,Curvy,L
64.46148517929277,56,160.83434654919947,79.2370054430155,106.67504195578606,Curvy,L
61.904910119880114,64,161.18349000820783,64.59815553393074,71.80979537147849,Slim,S
72.70743140138522,18,176.23088794235017,69.85053241671255,82.01219779480745,Regular,M
54.95689491281906,60,166.0419117884296,78.58806361657189,86.37447330841465,Slim,L
55.35729194825531,16,166.82152809476332,69.25000452026865,79.80799878936283,Slim,M
59.98813463174443,45,171.45099019613852,74.3466452652295,93.83772858252769,Curvy,M
53.88431406728358,20,162.61000206785602,75.96316483223805,82.39796069413724,Slim,M
58.88400034610901,18,166.98705776986296,75.61870798637122,101.77121996639805,Curvy,L
63.334917360383734,50,172.3438334926518,72.15317836679641,91.80770710385323,Regular,M
48.97384990772987,58,160.1455286796973,78.27362926402976,97.52654742065177,Regular,L
72.6477523189444,40,175.69629009342287,71.31822945410424,84.68549310456035,Regular,M
74.31628759260279,47,171.5022344448068,100.1578031904298,126.69818424521806,Regular,XXXL
57.15755153696529,41,158.9933816807073,72.1677768641171,89.94299773857165,Regular,M
74.41478499457219,17,170.11005124435127,86.18638634688772,109.85660544233173,Regular,XL
70.32995291700466,67,174.35102813804252,67.71830144066664,83.20738412281126,Regular,S
70.00777634946539,44,162.8746318931512,69.57044443988313,93.37163626207824,Curvy,M
75.70826594112157,62,180.26496994137636,78.1075548046008,110.20261539765869,Curvy,L
76.18598751042627,62,174.53275407285884,86.60975468456569,100.85629369268725,Regular,XL
75.55747332460463,19,181.82313842442795,59.23030146633482,64.48113302658734,Slim,XXS
76.03995521484289,21,180.95564241860527,56.822280312511225,61.49551830518976,Slim,XXS
75.28362527024649,44,177.13118077484154,86.48341693222889,107.59558695047667,Regular,XL
59.775636367991794,17,161.79298972683543,81.76545413146454,114.1784887506939,Curvy,L
51.90093159286234,38,156.60147518695962,59.70361813788186,68.08469225223038,Regular,XXS
54.60809896142925,69,168.38865535869778,94.76076103108589,113.82124281374695,Regular,XXXL
81.57474315055337,23,186.07830249325303,86.60689145804128,95.55701122635918,Slim,XL
59.09737239644397,28,159.77022250585097,65.32977236236168,73.1454336755678,Slim,S
63.28199356749945,35,167.85067746572633,78.12228669406471,88.42569569398346,Slim,L
79.83625700777385,24,178.4731300986715,79.74768213071174,103.39170989251313,Curvy,L
57.26886053693136,69,156.98556718832575,92.98830590219018,101.35227298786761,Slim,XXL
59.30350859430874,53,174.87004596914332,66.21892034329966,76.49432661460266,Slim,S
79.80201410160308,53,188.39664925145135,89.00770683102371,109.89849049008616,Regular,XXL
46.413399858138355,48,155.2877958758642,69.83776774044506,82.6871415935197,Regular,M
61.74461826083561,37,167.7153492892966,80.9738818934192,91.03198301522063,Slim,L
82.65564230852509,44,176.91193564914437,73.91064839154896,81.42111041965795,Slim,M
73.23854175727199,41,183.9618041396518,55.776378553478516,79.41306523405974,Curvy,XXS
62.8761257373471,60,165.85614062338894,61.408801629753505,75.77298606023804,Regular,XXS
71.65359233758387,57,170.03584011400443,82.78313348093778,105.10933765799804,Curvy,L
55.81886634416841,63,159.53879078371224,55.40822879610231,65.91297217915233,Regular,XXS
72.81395942575404,41,172.8702755727275,66.21013634946803,86.89571333927071,Curvy,S
72.07728326277537,57,164.34205286795174,70.85142651662058,82.67352540971925,Slim,M
57.2427667986924,61,168.77676976236228,73.80350821560812,93.95823157134943,Curvy,M
58.56819159175282,29,153.36938043728162,76.79541245898417,99.99671148541815,Curvy,L
73.33583032772127,62,172.63897015929632,102.30867943539842,129.16742899197715,Curvy,XXXL
56.03964483786314,25,166.52437385035958,95.74401912913139,110.15453764878974,Slim,XXL
66.40055178133879,20,160.2936754077071,80.27629066696618,96.70336810182576,Regular,L
63.7477928591847,52,179.70759821417045,80.44518805788456,103.45859431518241,Curvy,XL
74.62442819382471,67,169.03111073027262,88.50516897521294,110.26072780498316,Regular,XL
62.41048282100742,61,170.1445407558473,77.46559755683684,91.47217187826332,Regular,L
78.20615517488369,16,171.79631096812048,73.53271551590554,97.37073067801943,Curvy,M
60.29883697605798,55,166.9453178583619,72.75408460766874,100.64327997280245,Curvy,M
66.81789350152414,25,175.347765431478,74.3554172019179,84.65906404676517,Slim,M
59.37872213215072,46,160.76345716882426,66.05953549675357,77.82162243371016,Slim,S
69.08057926625705,45,173.21794492524094,60.91270102269822,80.77166131492493,Curvy,XXS
73.67521764136185,36,176.01619135430374,70.87715330476061,86.2617128176603,Slim,M
72.34664593688336,32,167.95576532642204,71.16988302864385,77.74107775920905,Slim,M
57.49361972581914,33,170.0619181660062,65.76774859055718,74.94306695269299,Regular,S
70.67086537252267,55,164.91732119062289,98.12881121686407,120.26876247132434,Regular,XXXL
66.5131911940813,39,159.9825742661661,68.28335898667632,91.45900198215975,Curvy,S
61.75361783702098,59,175.7166885828224,73.91379543698874,88.8619144146633,Regular,M
63.74683185802848,62,157.08142056155745,93.42080134896317,113.45489996704434,Regular,XXL
81.54874622000345,59,178.121286377452,84.6083466386484,122.20628955839233,Curvy,XL
79.48210126875172,62,174.7751246019551,73.63112881343288,95.24192222056521,Curvy,M
71.79340825268058,37,166.78323000751985,66.17726522113102,74.09247821980969,Slim,M
58.67815580649017,34,165.34057067753122,78.27205450916966,102.39946239436696,Curvy,L
68.21295912507404,47,168.8939496326083,73.65703431900269,94.89080954599726,Curvy,M
74.25124998604427,35,168.7824839616448,93.33627646610749,124.22282777048066,Curvy,XXL
67.18201276247123,60,168.7955505560133,59.628968261683674,67.77766027721229,Slim,XXS
66.66220632460868,63,167.05006010515612,86.73792637204842,108.47094165520033,Regular,XL
56.67968932671655,22,168.70037830388023,76.98825513300773,103.60463317374321,Curvy,L
73.1685245004477,48,167.34552843523048,69.83299450664305,99.19900812380534,Curvy,M
62.039580205308596,28,162.79282360518445,71.65505258445175,86.95246711682077,Regular,M
69.45191541463761,24,174.90840298906068,82.02388369251167,92.60710809750863,Slim,XL
61.322192472384685,24,161.44841661286077,76.04820974561682,85.03171361252123,Slim,L
60.394909016604736,65,164.63897240598536,70.8158418782288,93.1163073277263,Curvy,M
66.72424707486117,59,181.66895026596842,71.92983671527199,85.0201337734924,Regular,M
61.94141718696912,19,174.54701678581725,65.7996085508388,78.50568742377492,Slim,S
73.71776978789688,40,173.0567538637065,70.0373245871948,77.57729287836763,Slim,M
83.65663971355623,53,186.2698028542804,77.69857300323747,88.39995019242873,Slim,L
72.8199366761497,51,180.32063177524745,92.22603516365716,114.84614186918066,Regular,XXL
74.58363699708282,21,169.52995895519376,86.09207733749034,103.45243818283066,Regular,XL
58.68302633978486,63,162.18076173711611,66.15140761064133,80.52529373754415,Curvy,S
66.76519802961948,27,166.26683306788576,77.31350316303019,93.62761100259407,Regular,L
74.46544406804627,25,170.8245289559634,75.68648725718525,95.49186807572782,Regular,L
63.99831775943069,53,164.33549167983287,80.41981674456161,98.03737087643178,Regular,L
56.93335135819409,54,171.66135840469673,85.87230370050383,102.03098994659118,Slim,XL
54.46955736074326,36,168.25151628551893,79.77058566405391,93.93146871776604,Slim,L
65.7796175642978,69,161.23124226860003,63.99819813704095,86.60647464252781,Curvy,S
66.37438097863686,28,160.7827333439077,73.66589310996832,91.14596346092165,Regular,M
90.14372758347595,69,183.18445807005213,61.71981956759506,86.56265095086536,Curvy,S
66.48499738501269,55,171.33751178221596,71.13915524364177,93.17818116918471,Regular,M
69.20299438772076,63,176.34118247174058,83.8596181966524,97.83931807543634,Regular,XL
64.35425559281454,25,170.07317676620124,64.53424317028619,76.26403631446958,Slim,S
79.19848651106037,20,171.5555081544579,64.2873541121905,83.78766951683768,Regular,S
67.37215534219166,41,164.5786102013246,84.63859627701633,93.57713370857225,Slim,XL
53.16078011607051,42,159.6010670619465,56.683507238735025,70.45011365892827,Regular,XXS
79.57747608796191,51,173.70403208463216,102.53261942710833,126.77796668307208,Regular,XXXL
62.43507621354428,51,170.8098245732442,77.16373625915465,93.53884983073057,Regular,L
73.23684410701858,19,175.43304627882495,54.425627220092316,71.02799849505209,Curvy,XXS
61.108624594282276,18,163.56458074907837,89.00475910977043,114.2108228427255,Regular,XXL
58.18785296115426,21,154.49196418894988,68.86448778484679,81.10686707004419,Slim,M
53.37019079662012,28,158.31925353075349,70.7240959013516,84.07769640467546,Slim,M
61.53786276453066,67,167.07879893624207,86.30695559091622,98.74013160771001,Slim,XL
52.69212772446369,25,165.1710042735761,87.19026004804624,122.9542254149663,Curvy,XXL
54.6997918654484,22,166.45611378759347,78.34719205468532,96.27168023020926,Regular,L
78.80889800799177,28,177.80515644759834,88.54106008363547,112.58188269759582,Regular,XL
65.8016846594397,23,166.15118175251828,70.61149921836967,79.50483330146827,Slim,M
76.06780086483163,28,171.97260816713785,105.31376790769625,115.375695740548,Slim,XXXL
50.0314691041149,17,160.21467457961154,107.07585042859274,143.78585499592396,Curvy,XXXL
50.814803708777504,28,159.184435725483,74.69342975379497,89.77160226219266,Regular,M
54.651148793199326,57,162.95198615648695,56.98716388102432,58.73841131432455,Slim,XXS
56.1959353275225,16,163.54013719783097,99.5433285599645,127.88514364140534,Curvy,XXXL
54.828584063786735,28,153.1317257880912,69.86679237355997,82.53140061542955,Slim,M
75.2790748524928,54,167.61354143682556,76.84351483926604,96.97283440488253,Regular,L
65.19808916741002,41,163.54238422869733,67.18860733904525,84.99766296145526,Regular,S
62.245417421319665,49,173.60468413720665,82.17848067789919,98.19744569590098,Regular,XL
72.64614313379143,63,175.81388055906686,80.06093948838385,88.66296913393653,Slim,L
67.26578045871594,53,161.0208825443768,99.86101073753304,110.25651828653201,Slim,XXXL
54.2191859696859,34,149.452905709482,57.8098584788041,68.29253499760789,Regular,XXS
77.27132808613119,24,175.94294041136945,55.62250202930403,65.5295623287111,Slim,XXS
43.16795397867826,39,148.8832031426968,63.100196131000835,78.26121677057853,Regular,S
66.77825212500808,23,162.6869800775963,88.08473713064389,118.27184003011106,Curvy,XL
92.23906067028533,62,185.77705974114443,71.58445276873968,88.33727753403763,Regular,M
75.1151129703084,17,167.09769210567225,91.99593142426481,99.04875079185852,Slim,XXL
69.79692320348046,67,164.6343690667973,88.34296741553948,93.29070699107311,Slim,XL
53.49857359117975,63,165.88985493822378,64.33939485128165,73.63687815233133,Slim,S
64.84741342005995,54,172.8455137692032,77.68524581048986,88.36355482213725,Slim,L
67.27898689202493,16,165.77790216051332,69.29694321758198,83.66601037381602,Regular,M
65.34403783959404,60,173.58785619055038,80.73535969654772,98.83979630911826,Regular,L
49.68213350071908,45,157.3821595706092,82.11250586872292,93.36753043477809,Slim,XL
73.30368346740765,61,169.3759964706422,57.08841071220317,65.21142148082978,Regular,XXS
75.56181823633393,67,175.46341177100993,59.89361690574581,77.91506887843113,Curvy,XXS
47.295104911509895,34,156.5017640994427,68.62594743360975,81.32707820616373,Regular,M
70.66403128596318,63,175.56755427672275,81.14551788211564,87.68835273018023,Slim,L
65.58408223237852,39,167.47305823577884,70.19573314814987,82.04837531828932,Regular,M
50.94240676188493,46,163.41004908597014,72.88687442099649,94.26963365757031,Curvy,M
68.61993004894168,16,176.48878360642237,76.46478147062592,87.51110469098333,Slim,L
66.75532863815842,44,162.94917396979696,83.11937448696338,105.30727080991564,Regular,XL
69.31364363592651,45,160.36542633994986,68.60507696324761,97.71612498519842,Curvy,M
57.49736452154244,60,157.05224908849948,102.7777497508762,116.33515453625604,Slim,XXXL
55.99778794440829,25,161.81862806639512,74.24304973460556,98.04729348354057,Curvy,M
60.85795780639692,57,160.79096242150644,71.5741994939418,81.40789696827129,Slim,M
70.63140409286459,68,165.96595812696765,83.35844257314199,92.93401424754445,Slim,XL
61.76582027521905,44,167.43123134050032,73.57479737369854,82.5930660849655,Slim,L
66.47984177283416,61,174.39924484052185,75.11860085223292,106.78382724377101,Curvy,L
83.10083433968018,19,185.40441465073243,66.75376889102,71.5587628185754,Slim,S
62.66316243116771,26,165.9715603339338,105.4166411115004,126.5117924633867,Regular,XXXL
71.95283541202319,63,174.1548535808645,79.68289702545457,91.03413882428862,Slim,L
62.339311704014605,33,175.9253627237237,70.42237058497005,91.15413582639984,Regular,M
75.15837534147205,28,169.21139925130987,60.81437682353752,68.57503869051952,Slim,XXS
82.38664913874308,64,181.3806454274624,80.08172774542548,114.41393239432432,Curvy,L
59.77718789907357,16,166.40866375081833,73.4077953968242,90.37552811974594,Regular,M
68.69541856280097,32,176.28516209740445,101.9306570304438,126.69690640932433,Regular,XXXL
65.08100553569129,27,162.29206484328307,68.49817573580279,89.40003196531671,Curvy,M
63.84189079711132,38,175.9192866241142,76.97894086801314,88.89374409833138,Regular,L
76.36264190258875,65,174.62532428508104,61.390731334517476,66.91743548756935,Slim,XXS
60.91258788737669,16,178.3678574146807,68.85652651340322,79.5125342988795,Slim,M
58.974790000913075,44,171.73849987320074,86.09873847022368,112.29204758428244,Curvy,XL
60.88782419474079,44,161.6967191677615,84.20713704107506,105.20880973391,Regular,XL
66.33153905120403,36,166.36332558090368,65.51634271524593,79.67575625484979,Regular,S
55.59977390004579,27,160.44029844649063,70.9170999493963,77.57522295418258,Slim,M
56.28513958946733,30,171.35085404615393,71.11352365560053,91.6849477762362,Regular,M
65.9044369304986,54,157.11149948772572,76.33523014035161,99.82341758412787,Regular,L
73.02623916122464,30,171.29200123844282,63.45152350362477,71.93253931372892,Slim,S
56.15569533299047,56,148.847164317407,82.8484122273889,89.27096534413876,Slim,XL
55.62577066049037,55,163.6022261730322,68.79351056967444,78.79343421623577,Slim,M
46.760515342099204,62,154.0075522961484,82.93341624913448,99.87650238775566,Regular,XL
56.55165015855581,29,164.885235446116,69.33383629456583,82.17638318366843,Regular,M
70.42494196496271,32,162.6892199368411,80.61435186531668,102.11985211352544,Regular,L
58.849734870118105,61,166.93153123506403,79.11561787742835,99.94992181756814,Regular,L
82.43941841161244,48,184.3052696277476,78.294249569139,116.68087210399395,Curvy,L
53.29354520152089,54,159.9485583857211,71.9012487175378,83.06940601831933,Slim,M
73.47419486907982,50,168.83004194417688,61.84054117255914,68.51493249427153,Slim,XXS
70.58249920477442,67,165.3051191389849,100.26077557249872,127.79477786800896,Regular,XXXL
55.77671414267682,21,165.0233410545973,83.59819374901994,102.41347990869129,Regular,XL
88.35013094899759,36,182.43772636132132,70.58981414394437,88.44083633397932,Regular,M
67.89011801290197,27,160.11035669527132,55.02660952067645,64.18331448176137,Slim,XXS
57.248280308233625,60,163.3189325715941,78.79352726509943,100.61041158594311,Curvy,L
56.49195151125981,56,154.50448226637144,64.08525361197881,72.11687104491911,Slim,S
52.86014808662473,51,166.15857511859238,70.64932623905807,95.87840674022745,Curvy,M
70.435373391389,24,172.60281855795827,60.35694786859341,74.6345634897263,Regular,XXS
63.55772441515928,37,173.5035869086932,102.78581969860417,142.55012120880684,Curvy,XXXL
82.57436273150147,27,180.55579399770403,91.82784530357691,106.2749773370951,Slim,XXL
63.89596415821545,54,173.57740427743238,88.64916401278103,99.41522233909252,Slim,XXL
55.541688468838736,45,162.94154556644696,84.53328159304765,93.23905496060576,Slim,XL
54.622967873712426,19,157.55272564366499,83.05211724630705,115.31153738913665,Curvy,XL
65.99698474036767,29,173.33789620206048,92.85514261533224,111.117043044331,Regular,XXL
73.62170886342476,20,165.5659058408318,82.78873215341754,97.04998057894865,Regular,XL
58.607180953992675,41,167.4700302174434,69.15604112449765,81.50986647433811,Slim,M
75.06440329935175,30,179.80832844108215,58.79577911319303,66.61658785981933,Regular,XXS
71.99064607965107,68,176.10177813824376,79.82881467600711,100.55210538530146,Regular,L
67.05583856060014,35,163.5732590134461,67.93852957724607,78.42959145383355,Slim,M
73.33200651901522,66,171.6010850733346,61.675497246457596,73.90210401328007,Regular,XXS
79.44808543363595,37,173.0996849721133,85.8098175042348,93.51393394608523,Slim,XL
54.846291658635664,27,157.4351623223387,85.84740571662911,102.84442091087408,Regular,XL
67.3439657800994,55,164.49124432491595,53.882924418490376,76.00860480373152,Curvy,XXS
91.14457785437965,39,188.78196225681958,89.99014514197708,127.35410033330278,Curvy,XXL
73.15008018573552,37,168.27936991414543,89.25295535960251,106.37032600490242,Slim,XXL
65.48208976739072,25,175.1322238063073,93.27439010589069,114.52507589734904,Regular,XXL
69.94904034460428,48,172.31297027578316,68.46039450142781,84.22361887271227,Regular,M
75.5777458217293,17,173.44918449331902,64.4215061952166,83.86277521121062,Curvy,S
66.48405660050508,39,177.86474690169302,82.44344570116665,97.76253330967783,Slim,XL
72.65597647949629,37,179.74771382899513,79.72567897286736,101.80979216555403,Regular,L
57.24486511287228,60,163.10792636726396,75.62700295575526,106.9509754147606,Curvy,L
60.22184523752181,28,153.11911823554198,66.05549529539073,83.45250198722695,Regular,S
59.85676518072941,36,158.93761758992747,75.6007929326273,88.27943662662133,Slim,M
74.22360129728344,63,172.438867822561,83.83972437940717,105.44062271828861,Regular,XL
61.172585926804736,48,150.70172435347675,71.42002438284526,88.603155104681,Regular,M
61.59089640658594,42,160.5630906724648,61.636874599111636,76.12500755341784,Regular,S
55.79609768036132,28,152.4557854476875,86.51180237993881,100.6806699246169,Slim,XL
46.91515602622403,23,148.38443423667178,65.64976570580659,92.53884920579215,Curvy,S
75.83133724461968,45,168.02064034889642,76.77591751215904,93.78888851565563,Regular,L
49.535775210746856,68,161.39332280983092,72.32066375916652,97.11274449877133,Curvy,M
62.86902891552509,19,177.71842355124866,69.87693175733978,77.08832568921369,Slim,M
58.60065168561511,22,169.24169665095252,55.434868100985106,74.77792387440292,Curvy,XXS
55.65576211998812,20,164.84585984431976,84.23153626775348,102.8699485608812,Regular,XL
65.07349501530159,26,167.50558821723828,92.42027108584739,111.456553498999,Regular,XXL
57.319480915255845,66,163.43197580106386,104.35524825166914,125.70081249994071,Regular,XXXL
77.42507913840934,33,177.04408694770976,93.54232088523565,118.3773687726525,Curvy,XXL
54.51195009055547,30,158.53163798887164,65.63203392293332,74.04056656310564,Slim,S
74.83123757434294,24,175.77469434609523,67.46397100002287,80.25027209101087,Regular,S
68.7079436371925,43,166.56713447138046,79.22918038291641,108.50420878545594,Curvy,L
65.92915755143844,59,176.24309445799997,94.14176404854481,121.49621634200662,Curvy,XXL
72.1462202249956,64,172.5733916630066,90.42248019819642,106.25966924054812,Slim,XXL
58.02367448916652,18,169.65413199715425,77.38181159774061,90.60815543463515,Slim,L
64.18964994587289,50,170.32221441279998,76.92053399718996,93.06992979421365,Regular,L
66.694557279486,63,176.33952081540565,56.42274238396585,73.32850978053061,Curvy,XXS
50.641268481372784,52,154.22616515755084,107.09965988685626,135.0555047274665,Regular,XXXL
49.53496422310076,40,157.80171571226546,66.58516766405633,74.58544756038128,Slim,S
71.34950670325414,63,167.44729692442402,70.63116449420423,94.3930761356373,Curvy,M
58.613987776936014,38,169.70401217675877,76.09562937133467,92.37392347363831,Regular,L
78.90376589299926,38,174.35637472492112,75.97256105411952,85.06462046914065,Slim,L
70.83487616820406,62,168.6180689441849,75.43628957889975,82.4757786715115,Slim,M
66.77278192882247,44,167.2906114662456,72.71614432278506,89.7117788319797,Regular,M
59.51462869476192,33,164.16753907542477,64.2180637801456,79.39731313879423,Regular,S
64.67956036592089,57,160.71555547158093,81.63429920734247,99.32591277533378,Regular,L
66.9973473972872,30,172.48172965597115,94.99423268019443,115.27214836235757,Regular,XXL
71.15369552083222,54,175.9705166058846,71.02955449352294,82.7617545955709,Regular,M
61.20239458591433,25,158.65832518131558,75.41393589780401,90.39587722535961,Regular,M
64.40263697431604,53,168.19806697140837,74.1852334870124,95.63890276822629,Curvy,M
56.34274856202508,41,169.18752504306448,63.460189512026304,86.10566694121971,Curvy,S
76.05906669592082,42,185.68117604429005,76.37979880621847,94.60353699532855,Regular,L
60.38982922176343,38,173.5094480094023,77.5520026436638,96.40870405566591,Regular,L
57.00337322724457,56,171.09925191856127,68.32954230307917,82.66420991522297,Regular,S
56.9423103501003,37,164.19620463685652,84.91951675034208,112.9415986124726,Curvy,XL
50.81785382577465,29,160.10974064725647,68.7705021090786,81.7250772126559,Regular,M
90.40618751136887,61,186.26810216523074,84.20222067065284,101.79464933513668,Slim,XL
62.01806308160601,66,175.73016024851384,61.837759689592346,70.02035286026664,Slim,XXS
59.927444770161365,46,167.13781852192372,92.24060220139584,109.8229304416031,Regular,XXL
58.04139007598248,19,162.85027199272227,84.83793652262337,105.97674399743684,Regular,XL
57.94042210560089,25,159.20815242374354,66.34222193732982,78.1444034882234,Regular,S
61.66845588380648,27,175.3782702893509,63.85646530377134,72.9038379231142,Slim,S
69.92918166196264,33,177.30514393037612,69.93424260176833,91.35051011160265,Curvy,M
63.6013197948607,35,159.9428165966234,92.3062239972538,121.4197526709128,Curvy,XXL
54.683573544855825,59,148.07694352662705,85.91133857716363,99.09803723992019,Slim,XL
72.60066836180515,51,165.99928130893014,71.35657197927151,89.69972015378414,Regular,M
80.40617591999752,56,174.63921102103987,78.00006468689514,97.75536473444959,Regular,L
69.56787219730566,35,172.47876391817476,79.36402663867439,111.61698728579742,Curvy,L
73.81546970000353,47,176.4575474940032,58.622509085138006,66.13432562404164,Slim,XXS
51.41910116118048,31,156.4261035388822,68.11048291805072,81.40566780726454,Regular,S
65.88625182154617,22,157.7699861324148,62.47611140904929,80.23001564553773,Regular,S
59.57238476955098,47,149.04262675806433,94.21989167256446,113.2530116207294,Regular,XXL
64.96248302226813,25,163.53656009174273,107.40549595089512,131.8131917947366,Regular,XXXL
70.17364247138529,23,175.3126612468161,69.98673637388714,87.77793132865281,Regular,M
61.04012853760534,27,171.57508146897788,104.53290147683039,147.13237163536246,Curvy,XXXL
60.75225491572913,29,160.38869163202696,83.62396223712014,93.5750393603368,Slim,XL
60.033293346406055,18,172.8081615810515,59.697702794969636,61.51814058015121,Slim,XXS
69.9708323071708,59,174.3497088338564,70.72426535960929,79.11432853856087,Slim,M
42.68369241483964,55,148.8391794408794,103.15948592583183,118.2375808446794,Slim,XXXL
73.53217549230122,34,169.33434904948436,67.8509399950188,75.61369473249944,Slim,S
62.09001323023511,23,168.54354104714528,65.42186360803389,70.70533550112829,Slim,S
75.63756420426145,47,178.43067992646587,85.99679177159213,114.52244325382624,Curvy,XL
74.49850640410945,23,169.29102150263114,85.38038411241037,108.61398317444883,Regular,XL
53.512056550881674,16,167.40554518770412,100.12021734599855,113.65703369315854,Slim,XXXL
81.20080898360922,23,175.73499643521066,86.93785563017614,98.87563338737449,Slim,XL
56.53069795078384,34,150.72950052603466,64.940070539688,92.4758510441233,Curvy,S
74.18089044579808,42,167.774415281045,55.60739673931582,74.260355219551,Curvy,XXS
65.51395354482773,56,160.64289511040064,55.0530211052419,73.30668914184686,Curvy,XXS
55.64225307444306,28,148.40778277673243,99.75478765219125,118.5077987890717,Regular,XXXL
77.06549988599438,23,173.2422047437497,85.94217075253286,104.50205025082424,Regular,XL
67.88138965610803,62,176.74404162468363,74.2377534809493,96.24458336504864,Curvy,M
59.21449296620991,32,171.88291500652838,62.10641036416134,77.71172766688541,Regular,S
67.59076119302568,61,177.72653350256502,63.36238939711981,86.48707366809049,Curvy,XXS
59.90107840641792,44,172.24505775011312,72.59723309367409,84.25238539384758,Regular,M
54.58151481489289,43,162.61744814348611,85.30452757249682,111.38652812562694,Curvy,XL
85.38825296378062,51,185.01838933696177,59.60097267389164,78.82246161856554,Curvy,XXS
82.04910388957788,23,179.38597567344488,71.8469059403918,85.29156101515203,Slim,M
65.35201544896819,32,172.55273157709684,77.17342115728141,100.37777327403282,Curvy,L
55.403276071736855,54,160.95164114964035,76.42046053551398,92.36930958010286,Regular,L
55.45964934331452,67,160.7531847157907,96.4099562739091,115.77824095891413,Slim,XXXL
59.099267243936616,46,170.40791147819152,83.34151411353693,109.87690870079189,Curvy,XL
71.6831403513651,21,168.51854009679334,81.49259935866314,100.91310444164468,Regular,L
73.53312351884097,41,167.3181889190901,88.27787862471084,124.30734239554708,Curvy,XXL
67.79775569399878,53,167.37972267973802,76.46586890599436,93.72952598497079,Regular,L
51.23297985648149,39,157.18202185696532,73.93215104331924,87.44495594011167,Regular,M
53.65787753336892,25,159.1541689961432,90.73860900952452,118.74327700865774,Regular,XXL
71.33766969323759,31,169.0209665767951,65.08824358894698,75.33653569871696,Slim,S
63.7978086034755,30,165.76625161981605,78.14890731684874,100.18428008656892,Regular,L
66.59714044125211,54,160.72245015082996,75.38047840749411,93.88131054895274,Regular,M
67.3208358761973,52,176.71593821769346,82.2983432980567,86.19892133666544,Slim,L
71.03915191388212,65,172.13626142285162,59.36462656115215,66.00294581650097,Slim,XXS
61.1075099178631,22,170.97042154420714,102.98317261048753,109.22113290944785,Slim,XXXL
76.0788102190423,22,176.208721411247,71.72343842169522,89.20891938241965,Curvy,M
59.13005141512842,22,175.55538410094778,71.8429184373614,77.80374405741958,Slim,M
54.31291803451596,49,162.12483793681756,63.730104247406096,78.9014009938809,Regular,S
64.59870458798206,55,182.2790791423475,68.76930955244207,99.95679132636019,Curvy,M
70.65650543526603,50,168.63367238372652,78.72384618767641,99.7633028599865,Regular,L
69.20975284069668,41,173.8677602590562,79.22874234307281,91.85812811758719,Regular,L
58.25222698803811,49,171.99070815762948,80.75516366525551,93.77850849926648,Slim,XL
73.6844303210415,34,169.00225753762945,66.50709174955773,72.49355795929155,Slim,S
64.07287383636938,66,181.5867904003836,76.53193744410399,89.67499703008095,Slim,L
59.91847620197261,35,164.06957925841823,70.12796866843884,91.19582147163867,Regular,M
59.85948910424491,36,173.81894425762255,82.77809765474757,112.28889909623415,Curvy,XL
58.20482210242357,30,166.1746649359321,74.69578004066913,100.28268688733252,Curvy,M
54.18210448230576,39,154.08636818038067,70.35474557956036,96.32250531115339,Curvy,M
62.48178912380075,45,170.99851951609295,75.46820362372134,98.85086598795931,Curvy,M
68.46907922244455,60,164.37664224230642,69.95316722542027,78.95355965770148,Slim,M
55.23568055815026,60,165.11378226460482,100.00206081799391,131.8517499395234,Curvy,XXXL
68.68108319045947,40,172.68095514210395,67.03512812155567,73.68043368899964,Slim,S
81.9280793970438,30,174.84376122508925,79.9209698214634,91.55346572369304,Slim,L
73.92699268566433,38,178.26643089044384,61.55480353979086,72.27363508280322,Slim,S
64.70927614021048,31,162.18817747403324,78.32406389547533,91.87497866547561,Regular,L
46.263400669805314,49,153.62797562683434,78.7142583141913,99.50029607092564,Regular,L
59.62797379777074,44,167.14505943271476,91.1126091678538,117.48617462373181,Curvy,XXL
61.446414582399484,45,174.58353052195056,83.10688035539104,100.45697101470826,Regular,XL
74.85810913264575,65,169.81761464305373,69.95631185803393,84.8475893724796,Slim,M
75.99287016701896,61,182.09658424678807,69.56923759375924,78.5964826475333,Slim,M
65.72301761916059,27,162.19567854923173,80.16653043610256,108.59666947349336,Curvy,L
47.5788081887057,68,156.1990651261629,71.99362730616393,92.07512662587503,Curvy,M
63.06000812840757,31,160.2667172929447,85.36234545801733,102.02907970753485,Slim,XL
55.95632204454719,69,165.6752612689967,68.81251903443405,75.4175757349079,Slim,S
72.21220816416688,51,173.27985077093393,59.743468465636276,78.52089921756307,Regular,XXS
73.49515997902567,33,171.5747032209716,78.97529102850545,99.18415596023067,Regular,L
59.035979830156585,31,166.790522528903,84.00593822873779,92.88169263452319,Slim,XL
82.42069737472333,38,175.69057974139287,66.54122874331968,74.19809880943832,Slim,S
78.43238561186804,40,181.073740071644,80.27385030628294,90.3280436943179,Slim,XL
74.17036496916793,41,171.36461821488993,101.77913523944346,119.71847715145392,Regular,XXXL
60.09610468946142,32,172.3904691670072,71.1049611704271,81.35127121371741,Slim,M
61.28413884389787,31,169.7784017509881,99.64825474608696,120.6369999023641,Regular,XXXL
49.876405848439596,44,159.26665464785412,83.45618205144376,104.77992300860102,Regular,XL
69.93348858213197,51,165.45867756942698,63.704926453553014,80.04895328364019,Regular,S
56.89087894032884,43,163.97395884041083,74.12869174957251,87.15481892845567,Slim,L
72.53947804827078,45,183.4070179218724,71.16190836057638,89.3535191225072,Regular,M
65.73288460535738,20,175.24575452609935,77.8534561385696,91.34523247200005,Slim,L
61.29993218811307,16,176.86677679534031,73.23583001818243,98.32360019111292,Curvy,M
63.28596597094631,58,161.39593518757263,84.98265416969204,118.36239735233997,Curvy,XL
67.18154270958239,29,176.23473270047052,63.52051818182353,88.21489166122348,Curvy,S
64.18895384200742,67,167.07270709356,70.83152813953076,100.42495685040575,Curvy,M
55.507596481523755,39,155.62071723634955,70.08492276509402,79.9892853088739,Slim,M
53.468906408397565,45,164.43894267142034,68.9832558285188,86.56846239396621,Regular,M
68.95997839710306,53,182.91614751020052,63.857329272234445,68.44696595657433,Slim,S
65.70710036121022,19,166.1691702447692,70.00648058879669,80.01422839137008,Slim,M
75.86966899567842,67,175.52555115998933,73.80297666420121,92.29982757947525,Regular,M
70.27518068634032,39,167.93708710301811,79.07366751132624,95.89030225598758,Regular,L
61.377525456157095,27,157.71413067272047,67.06708936773677,77.01974792574742,Slim,S
67.9152817482549,60,172.43363149381153,79.5586941932024,101.09820070616819,Curvy,L
59.74912436608514,28,177.29878614202315,75.74767407151306,91.36762951908872,Regular,L
62.91978097870578,59,160.51054055227166,61.88802142078959,83.1350176786113,Curvy,S
61.006278160053384,67,174.31979579974103,86.36524282995178,114.20222595422524,Curvy,XL
69.70956627330648,59,167.07580257459554,87.30978578292752,97.21528746574268,Slim,XXL
53.64987981008923,40,167.72373999377376,85.96714484450459,115.93679051710032,Curvy,XL
58.090262919220535,47,165.24037206135392,88.42460312759827,112.97853821113996,Regular,XXL
59.46023590675384,61,163.98656091244112,76.13364205549667,89.71279929188835,Slim,L
72.09207550428216,60,170.13063441665952,91.86216953053354,123.44694425980467,Curvy,XXL
73.88562181696254,61,176.12280992148837,60.57003320353973,68.70569147907118,Slim,XXS
67.78747464266078,42,168.27311615061728,75.32498980977273,100.32850270040802,Regular,L
75.92063738512972,17,169.31594155949097,68.91023548472391,85.75360732672657,Regular,S
62.82020822928515,20,170.87091347483099,73.7034004669549,90.99973797130922,Regular,M
71.33201491952416,39,178.0161858076502,80.20579642284042,109.8828944935329,Curvy,L
70.66611433446589,19,170.8627101133318,69.17665854441857,84.42574385180806,Regular,M
67.97838683332935,33,172.06185285686573,65.46661685922744,71.77142980865044,Slim,S
89.42628754612457,38,186.26560978343798,72.11624373045296,94.21099810224781,Curvy,M
64.51509831048644,69,166.21077740935345,66.54046037374886,81.80145353411753,Regular,M
75.02133816803786,32,176.64856836231567,60.02341846832456,79.72634737008123,Curvy,XXS
51.01973135703768,24,156.61600614630194,65.62379073638593,79.75314611105284,Regular,S
57.2443112057489,64,168.62419975327387,82.96126813611404,93.28013729010651,Slim,XL
66.22442074522904,23,172.0688191453111,68.75469119008095,81.50545262236913,Slim,M
61.120119908100285,45,167.99385248144762,86.29999835688791,108.70546923261996,Curvy,XL
56.798872747369785,56,170.30429130014514,66.6045082820408,75.87284403112446,Slim,S
59.71425404170017,37,165.88353781561145,97.24999198817198,113.40729806251908,Regular,XXXL
58.118807142859545,24,151.13081562803606,89.01590110598808,104.36249749283945,Regular,XL
66.96091740630622,41,171.2164392664746,89.51021334760067,124.68302674429853,Curvy,XL
71.96765391383288,38,176.12247363090287,88.58828148400275,96.31322592153721,Slim,XL
62.49466007921444,56,177.3272940682808,78.88504861170027,91.28540538562716,Slim,L
72.66351216677174,59,164.97631449180454,64.59434877926206,71.63009611972787,Slim,S
72.22682103908899,42,168.0727778859872,70.75888930647014,85.4331626642057,Regular,M
66.7680115090777,33,165.41734946084048,67.42759692659067,76.74048145769498,Slim,S
63.862100598695946,62,178.0492325627024,79.43344906648178,108.53597646646155,Curvy,L
62.599120830331145,49,157.89243880013595,68.61901349888596,80.88715384075178,Slim,M
62.01095750452184,48,162.20317009979416,68.08587486983757,76.38642767228977,Slim,S
65.75117815856886,26,166.03260780784703,80.22928892148744,87.29982253474581,Slim,L
69.40563285640283,24,178.64327798105225,104.88948987157298,128.62690846780825,Regular,XXXL
69.07717350124224,54,169.63718239142145,78.36104026367231,97.53275450489191,Regular,XL
55.092097936339414,52,152.2301020972025,61.79839961463476,78.78704528873502,Regular,S
58.67549317150863,64,162.49981697950926,67.77876142544726,72.86277178411058,Slim,S
79.78041807521444,40,172.20134337731278,58.01245987767861,66.92256772366477,Slim,XXS
55.64936905003679,67,149.8870077652359,59.95094172800803,70.36737602601447,Slim,XXS
55.92465094452683,40,168.58494158955787,59.50797277597665,76.84870191597713,Curvy,XXS
60.4603706416174,29,172.217750993039,73.76028773580165,81.57042997885321,Slim,M
63.25168463055041,17,162.87844556015474,80.12704659900868,96.76504509849468,Regular,L
58.12918938798355,28,171.86907441356118,63.94793522990754,72.83696755318351,Slim,S
68.74368498621382,64,176.8164218081947,73.23084720711057,80.3658436615866,Slim,M
65.88623958885479,56,159.93717705234337,80.09052127817364,96.78124912594961,Regular,L
60.70980137271226,26,170.7580765188607,103.50598190311202,114.10308035821224,Slim,XXXL
58.713773933748556,67,159.24155218156486,68.87552746013972,78.6154285681911,Slim,S
57.99405563342844,35,161.93079149205357,72.86907696110677,97.59153713184249,Curvy,M
57.47121543284752,44,172.32083773447644,66.53875831635496,91.31739967433488,Curvy,S
55.332033542637255,51,169.7395801606107,71.20143309598654,89.27683839644676,Regular,M
54.03692042221447,22,163.84728637075634,94.77083378184189,112.21122335818824,Regular,XXL
66.99870244617544,64,164.6353807126758,87.2070879991314,114.8871674156057,Regular,XXL
77.2227697418423,64,171.96917858872777,71.93231028122463,93.48628132125754,Regular,L
75.17354988449898,17,168.74865912433054,101.70540440833811,134.93701032865505,Curvy,XXXL
68.21207633101919,60,159.4947863079032,71.72294118841059,95.25590426410325,Curvy,M
79.1759687954832,31,179.1125287335679,70.33404088774697,77.60200568776084,Slim,M
61.27510923884251,61,173.90348440245566,87.57735520523308,104.80570839782716,Regular,XL
77.21048082651275,18,169.3650320276605,72.88238582846323,82.31380777314206,Slim,M
68.98217270851663,22,167.71080054217558,83.0361393199351,103.08777023072024,Regular,XL
59.62982195204036,23,164.40487412598324,84.9405584905178,104.3510021363186,Regular,XL
60.89729246944152,62,166.4890752680987,72.74006836409082,82.884017025929,Regular,M
54.18208354321553,61,159.56342203460193,75.14237141982534,84.8291152889753,Slim,L
82.10051051018482,51,174.50413592953538,81.08372319823674,108.54791938605202,Curvy,L
62.063904691575196,31,151.84145791622052,70.13230398332702,91.91424603661713,Regular,M
63.99278235121231,38,173.1221216976605,70.50710945608607,93.65666255615312,Curvy,M
57.55677161512547,43,172.64949291025408,72.08359689444593,81.77117806938412,Slim,M
71.75761332633284,24,171.09446566821651,91.11491111781667,101.87510216808654,Slim,XXL
66.37007288622036,55,165.49494861259356,86.06397772389339,107.24207150800537,Regular,XL
55.62447795152913,53,159.32120097086562,70.28815911091365,84.08097293967548,Regular,M
67.46901998827931,64,172.83545729421232,63.44128215042215,75.82659832636489,Regular,S
70.53582846612325,28,166.6037303864624,85.10211980116448,111.51809509167536,Curvy,XL
68.49003532315447,59,166.50716338133262,81.40172807027903,93.10005938109306,Slim,L
65.47701614582004,63,161.319477800197,101.89834364679895,124.77530465895657,Regular,XXXL
60.35742315380148,18,171.07439388257393,80.2092969927471,98.53301942453447,Regular,L
57.666857520347335,29,170.9147959503884,86.70317661985608,104.85189482986831,Regular,XL
66.32213621270391,28,165.88359320140768,68.49680409029081,86.14567662904733,Regular,S
56.053846379892576,68,160.75637555466884,74.92298836354216,92.35250953995387,Regular,M
80.56142027880135,21,175.7939667219307,69.97942490560044,90.17996523102667,Regular,M
68.3498638977106,39,161.2314513154413,62.85134833675264,87.54479724169288,Curvy,S
65.19825290242125,56,173.52380188543398,67.4493161480805,79.96675759791174,Regular,S
63.91770262083143,43,156.0997211017023,65.2993658286516,80.3273011538416,Regular,S
51.41943051930468,41,154.5967149697817,71.62613818971057,86.08617491378077,Regular,M
68.78055414514091,64,169.664150563806,92.45864746507604,111.05281507691691,Regular,XXL
56.11941538012884,43,169.87522437436047,65.25567870172,85.02587204824144,Curvy,S
69.55085504899837,59,164.59939811384737,70.71587026115026,77.65604119129823,Slim,M
57.066746092510066,26,160.11133114717046,64.32306147079015,73.81663819325817,Regular,S
78.47541428569882,44,177.034654277034,76.91271356894478,89.8963278074263,Slim,L
62.37640741636097,22,170.578143460711,101.68330499514678,118.59651151576122,Regular,XXXL
74.22362819319349,40,173.20013157440943,77.9426545229266,97.57540940116424,Regular,L
46.54826939970978,18,150.21921317388447,90.05405234031693,128.21762561115852,Curvy,XXL
59.840182486632976,43,177.1563404215908,80.97253446584931,84.18978254910148,Slim,L
67.4903592886013,19,171.64107345734246,68.44867067881513,81.27817181728429,Slim,M
63.79827249779554,50,175.1224724920806,65.02958977809733,94.59680732583745,Curvy,S
72.90435275307236,27,168.94171540057636,68.06352946991734,86.22589665162086,Regular,M
63.0482646054298,35,172.12254485803123,103.735705946361,139.76303262973204,Curvy,XXXL
63.90602972202487,60,179.325310908776,100.35875507249823,127.19806143158667,Regular,XXXL
65.27870607096438,66,174.4053707492592,84.53741018755215,107.32195871607044,Regular,XL
67.55431384750045,17,170.93333257853976,70.68071871116948,78.45414134433895,Slim,M
76.12167223128966,58,172.48640336858168,98.3907022595117,114.8355041527279,Slim,XXXL
54.02627775588483,57,165.59577075365178,70.74325436899409,94.87911443697064,Curvy,M
80.46649161320612,69,185.1407691810127,78.1422597353818,108.93798560739525,Curvy,L
55.35806496713166,42,165.2258039441694,69.14581105271246,77.02738463249847,Slim,M
54.61105714866274,18,151.20226899235,74.6634562314403,100.57719098824073,Curvy,M
68.05593828527854,39,171.16609284102617,79.72631797065621,96.54274958194937,Regular,L
80.27605060700424,52,172.81591464971396,69.00281390196099,73.92625484817854,Slim,M
75.05757631035503,38,171.04038549857353,72.82106861153687,79.56568440848035,Slim,M
65.63911931836488,34,175.67790047257574,55.79404003407309,62.77138861378307,Slim,XXS
63.479139468096285,51,171.28045088844183,89.3626821631677,101.85080977947663,Slim,XXL
72.8483936173661,55,173.4212221030305,80.68719195301787,102.45138428866103,Regular,L
62.12202966314362,57,161.43336664893212,66.81562791671324,76.54947328295316,Slim,S
60.858823253251636,29,156.00308984249588,85.50260833291351,109.14481218184535,Curvy,XL
57.602135472118555,37,159.1861127265466,72.65218474940761,84.14372183705434,Slim,M
63.97148646344428,51,174.65167951417743,90.27388923245925,119.52111554626642,Curvy,XXL
49.42077251477113,36,160.92080643940395,64.59213256723162,82.91721618230483,Regular,S
75.60539184604457,46,177.5301299950269,106.06554829453076,126.13015223458311,Regular,XXXL
57.423242700656665,46,170.01022715736894,76.35092118203387,87.62871423132202,Slim,L
64.48086376915283,24,178.3028938914897,70.52697470327995,88.66081327643151,Regular,M
61.886884749149935,29,164.0957573551242,83.27145566630466,103.86662677922075,Regular,XL
63.602589551309606,63,163.4281333597152,73.04453566178796,89.86815698016537,Regular,M
78.15651234357526,28,175.43865866938103,94.85591910465868,110.46048541185091,Regular,XXL
64.64748591979622,17,183.9551524149629,64.78984076924698,79.5722252240892,Regular,S
56.85509441799261,49,169.64440691098366,75.48379156372313,106.59608288846536,Curvy,L
59.790335113675766,69,152.18944346268842,100.03999694893194,122.6810661042818,Regular,XXXL
60.02219052407161,29,165.458678153877,73.16716346326797,85.192173257789,Regular,M
52.87446685982559,32,157.7210089640981,71.75267564127373,86.12177046406207,Regular,M
58.33443880942886,29,162.92211061470536,66.92447968043138,76.29629321117498,Regular,S
60.85228404849805,45,158.27714317815895,66.78331452833162,77.60347051721106,Regular,S
74.20798678306579,54,174.33271943159997,61.55162965282553,86.11117196690154,Curvy,S
69.97860008275923,52,166.67422891557706,62.87935512206531,79.02829778595928,Regular,S
54.56909830072439,28,166.99533960225344,74.78875459316406,87.23433877695625,Regular,M
74.04516991470844,18,168.56510044310912,67.4262327708168,70.74390249194259,Slim,S
61.712442917802065,52,170.18592445024703,73.4413135102409,84.08636212023592,Regular,M
53.426577672004974,43,163.91301091246984,81.97296245418946,102.69195063775287,Regular,XL
62.484353124614024,41,160.1639046783547,74.82690762026321,92.69366153822683,Regular,L
63.56106417721407,45,164.36258632069112,70.56919412908584,85.2645934232087,Regular,M
68.95563250213208,21,171.1813330662202,82.827032346158,96.37591674630188,Slim,XL
70.23672499712781,63,169.79296985042708,73.43428665104089,80.33131648577385,Slim,M
72.42669411612589,64,164.8557873734362,73.8153502575958,104.13402034813355,Curvy,M
63.72548087737947,67,168.0441049687241,92.59491851552436,102.94346616180691,Slim,XXL
81.67449470507636,54,176.17409617369486,81.62386323076686,98.19306282661135,Regular,XL
55.09900282408048,47,160.41585416641192,70.62746869801266,92.82779771407361,Curvy,M
70.92692603824312,61,185.58458137222178,90.88790967374317,116.49050635907894,Regular,XXL
57.911735549535514,60,158.9413262493153,66.1345356698188,74.9194467887527,Slim,S
57.511282266829035,62,159.25095023407206,80.11536974063037,97.44725280600792,Regular,L
76.07478627679653,38,183.33638477269875,60.63404703074616,70.63946957917564,Slim,S
59.21647743258669,58,173.94020059352667,74.36400935022644,95.95951951571016,Regular,L
72.89076887724976,57,171.75574657596246,63.12095627775093,80.89854613264231,Regular,S
77.23189162596584,41,173.64592102304508,87.20391713612112,97.11932065665998,Slim,XL
59.210743491136405,44,171.38267779359288,64.90749236228103,74.00559796852494,Slim,S
54.51841185361386,66,167.53931596059556,67.48847337064747,90.77451931662974,Curvy,S
54.600221585429324,19,160.4122634506221,83.54198340616088,109.25752621086697,Regular,XL
69.85401312105449,36,161.27489012408515,73.75104473530133,79.20119929263399,Slim,M
59.96991058419639,20,169.07365180659056,78.80181438807216,94.65047572957407,Regular,L
62.155618395498124,24,170.15945830686178,77.72533711280121,85.80236247077244,Slim,L
70.34003533648077,29,175.9480327800956,70.822517701273,91.21008171495032,Regular,M
59.28303159087035,37,171.42279959568233,62.911676092809394,82.32792058859384,Curvy,S
61.8132447962078,58,178.34938356607205,79.90985851852281,100.31905893701287,Regular,L
67.15378610968006,53,164.5461282779841,63.45633930734063,80.87875238575492,Curvy,S
65.38729256353338,47,172.63115778964053,73.91767939728364,98.56309206819536,Curvy,M
59.8302664468654,20,154.37351645059158,73.53668767351684,92.2443241979881,Regular,M
45.128347185839445,62,152.24572406761806,78.45109965669653,97.5450569851524,Regular,L
61.30167652100391,19,173.70999024682817,62.619484790765625,73.95316397100784,Regular,XXS
48.603149567380015,56,159.80722775915396,104.47096373038461,123.66620738803539,Regular,XXXL
74.05313414883459,40,172.63584392976253,76.99256378273064,91.08721845782397,Slim,L
61.285177239358475,42,160.7087913541979,66.22791931494028,82.00261934127434,Regular,S
68.34539666197234,24,165.14857031517408,71.93395720785794,80.6698053287155,Slim,M
61.55401483172875,46,171.9756581937553,56.985264973275534,80.42715471593135,Curvy,XXS
56.402613393582676,57,166.07476090945318,59.896904897324475,73.42809059925233,Regular,XXS
84.41286298630197,33,177.00537330990215,79.55905662340118,97.10421829190169,Regular,L
60.597233014475776,57,154.14086923745512,56.41781823098567,66.14259015827172,Regular,XXS
66.59493939633984,39,182.60690725431917,80.88591743763975,105.5550765855914,Curvy,L
66.96031166939288,69,158.49156752831195,92.02851331041465,105.37393278743156,Slim,XXL
77.38778641709149,61,172.14057771316496,80.41191023268266,97.7169982387137,Slim,L
66.68214368635722,50,177.65542929240135,81.04684025948735,108.25883667636168,Curvy,L
67.10115937173798,32,166.9643087157527,79.96885412113448,95.92193066425595,Regular,L
62.98284596948408,17,160.97415456270602,77.24146250621935,107.90130756908957,Curvy,L
69.22615122739286,58,173.65747330897338,70.51896954340761,75.62310043662872,Slim,M
66.15227187452393,46,174.57244231383598,94.01220436755789,115.18343206112955,Regular,XXL
73.86129264871974,68,173.918432392143,63.15340255190666,80.60920761768166,Regular,S
67.08694241828793,29,165.09188748087183,77.94773442917361,87.93946364632679,Slim,L
61.62851021376026,31,162.45222748890265,89.88267014501275,98.73976308984469,Slim,XXL
65.45651555644959,58,168.58286553299445,89.91477692302887,103.44719867302928,Slim,XXL
72.89167494499065,62,167.6029634163556,74.72375699721619,98.8225751213104,Curvy,M
76.20465326611192,22,172.66885297872255,88.78529726730375,111.5689708062716,Regular,XXL
56.44129608442969,44,161.8640767504843,58.57547521250453,69.02350686411464,Slim,XXS
62.85425601819274,64,163.61769225675496,68.07284899583911,75.56933907558187,Slim,S
56.664975582342926,21,168.1742211663785,68.36719399247811,81.5719564479378,Regular,S
53.11216718824842,24,164.5404694238435,65.96600516606998,79.54473890425294,Slim,S
60.37994482796216,25,154.3863521434023,64.89202079327535,69.79795660949331,Slim,S
78.60230309324537,38,181.00874846423187,73.9682495076593,85.42306216572906,Slim,M
70.83012698858703,28,164.27966266892463,72.91707078369507,92.70290848248291,Curvy,M
68.43127957065704,40,161.356261649138,60.43759952983366,77.75369146848081,Curvy,XXS
69.1780561984895,48,171.77978879091657,78.03744344125278,86.74941329604364,Slim,L
80.64770734377898,43,174.59271441730277,76.21842175431487,87.92805534306197,Slim,L
66.84730548268573,55,163.27697975432557,84.75434735431955,91.87117912491404,Slim,XL
74.89842605438584,36,167.92514357523794,70.02438882175737,91.06364853878831,Regular,M
71.7216230353195,42,171.32413887973945,75.1879024271667,99.34932656696594,Curvy,M
65.25839735542903,25,163.95370971184968,65.86334336448937,82.47700283734362,Regular,S
74.39507825730718,25,173.31255259323189,75.28480519335093,85.61510774470646,Slim,L
71.09261223496956,68,167.63267507587398,70.52136468005754,76.85507040487448,Slim,M
68.60272758188515,44,160.72630537540635,78.32982807288357,93.03936443566778,Regular,L
70.7107101553343,37,177.6426981471202,67.47774588230065,93.24869977783096,Curvy,S
58.46812321878385,62,164.86368143168647,76.1026473855134,100.33913356643353,Curvy,L
75.53864241209642,62,173.06655964584084,69.48259709283043,77.71670275065743,Slim,M
54.35853207808632,41,160.42576702967736,80.04551675354286,89.8585412066997,Slim,L
60.05371943179393,22,163.9698847263323,78.62728083973697,91.32540027053084,Regular,L
63.27210130290587,21,174.22258314992317,77.6419478095773,83.66609971028,Slim,L
68.31115708158362,17,174.22010525306322,73.5518371446043,99.84601044069467,Curvy,M
70.40847864258616,47,177.41393283755676,93.20087200678627,135.0831952577537,Curvy,XXL
71.23312433300445,19,174.74505877383746,78.8454720721414,94.1564907040454,Slim,L
51.031820357746994,47,156.66578324946812,63.561940876233756,92.31839488119454,Curvy,S
59.45203569862938,37,158.95448702839016,67.3031415576857,75.82784313984013,Slim,S
50.92325807964348,40,157.3725975114092,63.985861694577935,73.37008920922236,Slim,S
60.746211183181344,30,157.57683287103646,63.81746168080056,74.78708858376254,Slim,S
81.03027094206324,28,179.34131851707696,70.60387947969878,92.86637303982755,Regular,M
62.74835547708421,33,161.71478966910433,57.639223749481,74.61151473680499,Regular,XXS
61.34249884772822,38,171.24744939086497,88.1511276825835,112.60114409174366,Regular,XXL
71.44559833380531,20,177.33680314736276,84.17105127056544,115.02164173853758,Curvy,XL
73.53314813151712,25,166.57883334104798,71.69122748014027,80.93164870879632,Slim,M
66.55225417615202,39,176.88599573071437,62.63642865937055,82.37212746565173,Regular,S
70.59866607300047,16,180.90289567329268,69.8361396206309,77.65361479365008,Slim,M
64.25008657967679,41,174.24390567722577,76.80578147839867,92.71644841668086,Regular,L
57.4796598385365,53,165.71919757107733,64.43406382233522,74.7712219010192,Regular,S
69.40561100160221,50,180.63981012179502,75.21609974014197,93.71917662150443,Regular,L
57.85235100933705,60,163.91780340825906,71.96738565496358,99.09863025196117,Curvy,M
70.30755825716308,17,178.51940343704322,83.85666205430964,116.08753886870282,Curvy,XL
54.29137122397477,24,167.36275684812065,73.09259827864844,85.57452726765842,Slim,M
60.65978436432899,19,171.10778824039062,106.25183450886738,134.391993456805,Regular,XXXL
64.79983311668337,41,171.66168538640676,95.26210891359585,124.42599242331904,Curvy,XXL
50.350775759448624,23,160.1365168752063,77.59456068778914,93.39100091843991,Regular,L
61.5407049848964,45,170.76604862193832,78.52592962912972,95.22705514176371,Regular,L
69.23896650780058,39,171.44997100041002,73.00743455580394,96.23575608989881,Curvy,M
76.73440340884183,46,174.3047683070337,63.80529308754844,80.58776685401413,Regular,S
68.39095133549232,44,173.61166010386688,70.6812906909766,91.06598271262605,Regular,M
78.24450822580451,60,174.60438642507745,63.701735217858705,79.7953547244023,Curvy,S
73.66478652357351,30,166.92511842465666,90.82243168441813,118.62584042655563,Curvy,XXL
62.49356887481865,42,168.06789781165764,54.67099640578207,64.64960510757129,Regular,XXS
65.50035124771912,61,174.28377975202852,67.27778596496546,76.91831285831492,Slim,S
62.89283774142435,38,164.90192246669167,53.981039517426076,74.721480522475,Curvy,XXS
54.74641212554525,43,162.5387666763653,58.36205139902699,70.7378649730562,Slim,XXS
72.85388753503729,31,184.8856909497204,107.9238700336608,134.7353323457699,Regular,XXXL
57.34901901859104,34,148.23247287281077,65.96112080582073,74.74466111649994,Slim,S
56.75761704185427,33,164.79527105401488,67.76855059854404,87.32189859908007,Regular,M
68.77335732582009,53,169.67184242007147,83.34926714264992,102.52186043886395,Regular,XL
69.00201293133209,57,164.44242828505037,77.31805762228672,90.1103992563144,Slim,L
52.49990466595063,34,161.9901002570989,63.458782498534624,82.84707794130561,Curvy,S
58.552453566960246,24,170.47356891285574,64.16241453014024,77.98752126425319,Regular,S
54.860418305048256,31,169.8136409454289,90.84245612351711,106.21750986138943,Slim,XXL
76.4859225373769,60,172.85826559047788,73.74297980975594,94.59271819851661,Curvy,M
76.48444502840968,19,169.12915093198882,75.87288084478728,96.62476330367085,Regular,L
62.92988565290166,64,170.64979870798336,65.7691421242273,76.5629852053498,Regular,S
69.22130568610402,24,179.80838121127755,72.04708100863226,86.99507363895891,Regular,M
66.82036749852871,59,161.32970091084897,71.16725726582973,97.81382434950575,Curvy,M
61.28103386379385,64,174.77208649605745,73.33250779633406,84.21060122870638,Slim,M
58.38779963073964,68,168.52846417679848,80.95272970720082,115.1947684223759,Curvy,L
72.84129521680632,67,177.91712413884528,73.33764253793484,81.41762308196948,Slim,M
58.61052589184652,44,167.50297738242915,75.95325355948826,93.05409776835874,Slim,L
74.05815956172009,64,172.9188032719218,83.48918657140035,94.85104736394723,Slim,XL
67.9453425116086,47,172.70747881797357,93.26400345216074,109.38755838155586,Slim,XXL
61.476044827710965,27,173.2654344359343,85.74573212151857,97.73506898385278,Slim,XL
80.3048392164695,50,173.64899021791229,68.62034515083914,87.53730834232458,Regular,M
78.57526692650615,25,182.9402527045017,91.71044316776964,109.66974506007338,Regular,XXL
79.48228746050732,29,173.75497093976492,71.07400400826637,79.28340030401365,Slim,M
59.4311281427751,62,156.45341839567078,74.14912920816013,94.88782711342,Regular,M
53.18012248236352,66,167.11418225100982,76.35443010148815,91.03961758224155,Regular,L
50.97102838355013,68,153.7533064111914,106.6090903308425,132.3673873990788,Regular,XXXL
57.05401317006744,35,168.4260139221598,77.66670852818883,109.68066188760808,Curvy,L
49.770915925014265,42,157.23812045329626,86.10868591703574,103.69705186275121,Regular,XL
65.00373521411757,32,172.61652915088075,70.065836113413,83.79936573436142,Regular,M
63.57029126800913,34,162.25312019299025,62.31512144455281,77.40322031191954,Regular,S
74.54659470672576,46,166.54332854923067,68.12479327885612,97.70753806575239,Curvy,M
63.35396435640342,66,158.06522952154086,73.80426084984666,85.49697255234462,Regular,M
67.83542253654555,36,166.57468559369653,106.91192789740131,138.20044479561835,Regular,XXXL
76.65768753428843,30,181.95452199890454,74.58816860135548,84.24861355891316,Slim,M
80.95566135731107,48,182.01421910671206,63.579669031391944,79.35499886275713,Regular,S
75.63096684405284,45,172.54381796161812,81.07089724506972,96.02591268033228,Regular,L
65.16215409236862,33,171.54416799713067,86.5727346674694,104.78857234035024,Regular,XL
77.54447117092782,55,169.62670285809617,76.99435908893075,83.92133242550172,Slim,L
70.88642094124033,54,168.41376109513112,80.59750284824575,99.65299111899814,Regular,L
61.91807261305704,66,161.82428825606058,74.24017780727827,77.77794213773798,Slim,M
60.86695503850724,63,170.32518168927396,67.17762270819857,83.24678761399821,Regular,S
69.87826202369536,53,173.0997176839345,60.029557842600155,67.6291058143259,Regular,XXS
74.04074137182141,53,170.4712840912839,75.42863029987268,83.62242216905166,Slim,L
78.39055571379699,60,171.45255569909065,71.80924483974088,81.84348420094649,Slim,M
76.4637719279807,41,178.16844127724028,65.20897318909407,72.81333334803865,Slim,S
78.17678257581275,28,183.43853045881923,87.16526239748713,101.62344940843526,Regular,XL
55.75742981418817,46,169.6737773692536,59.054529671550476,83.89927825093237,Curvy,XXS
72.71166773782033,55,174.92530484457149,101.02939087735142,123.44512921149646,Regular,XXXL
66.0332410415646,64,160.82649971586824,70.94700401933804,79.90918988229704,Slim,M
63.554188918235454,32,170.75322671656065,79.46428800495072,106.78153652009162,Curvy,L
61.97668360631366,32,154.7144636688476,62.69215237733171,81.17821231998758,Regular,XXS
65.12105880979477,61,162.0505896974451,70.02296699424382,83.47301776371407,Regular,M
68.00887648472902,40,166.1977288997825,72.1055345907814,78.80356419594227,Slim,M
60.10099658584243,27,170.4689816136685,85.93362585583031,112.09374337458684,Regular,XL
59.90396364624196,19,170.39704813741722,83.91950112610452,102.23094784635295,Regular,XL
79.49120856193329,29,171.91786966385365,78.4590631595853,93.57348393567727,Regular,L
56.79766829916413,61,168.0295972079547,85.19916788485881,97.09834174547126,Slim,XL
79.1294286719963,26,174.43590483038182,86.00444132371165,98.36017561761474,Slim,XL
50.86125191634756,18,161.46916648370947,86.46415039306481,100.86876029413118,Regular,XL
52.177009464011455,48,165.0417544506836,81.11702691631561,106.16490608411988,Curvy,XL
51.0648521212608,26,161.56940939272167,63.7792932341697,76.34067832587606,Regular,S
57.44567471203106,66,158.248605246243,64.50066855454715,77.49836375399774,Regular,S
64.16056712266833,58,175.08455864439065,85.22492707335455,108.0785330628214,Regular,XL
51.60472323101764,35,164.79955681654664,80.89782785804351,101.17241206541865,Regular,L
66.00003702371663,29,170.6084803831472,77.5689442905656,94.27073723924472,Regular,L
59.00850814188274,22,158.22034894267208,77.39625438574154,94.50768752554416,Slim,L
48.43973720674024,62,157.41225114567007,74.43727818619972,105.45408243901365,Curvy,L
72.64833790914503,28,170.78164926730634,70.4456675544904,87.65441416801711,Regular,M
57.84822377652157,50,165.128662441071,90.66395122972415,108.14576217192806,Regular,XXL
64.40915229227396,35,169.6430044531095,75.26449588512837,104.11834077729742,Curvy,M
70.99629088668924,21,179.73132693549326,76.53373840002969,106.46677621454126,Curvy,L
58.21473580985358,69,167.14324604484867,77.93858460569298,102.04822131154626,Regular,L
57.76563676729961,52,168.7899096227847,71.1478220481384,81.65605938471901,Slim,M
75.56337370763622,40,176.41384440502918,64.36368354319329,79.3460769988282,Regular,S
57.80203993729747,37,155.92611437985857,89.03644777357292,104.76450885855003,Slim,XXL
66.4504964568795,43,163.49068525242564,86.16852175490956,99.39993855909643,Regular,XL
64.08534400006819,65,170.67171210446773,54.96959078225957,71.96535925024611,Curvy,XXS
65.22650997562135,68,184.4678640759791,56.478247297074205,68.55284874460997,Regular,XXS
52.86025053336964,21,155.28536959907782,63.9547415126348,73.73568564077421,Regular,S
59.78275161103857,36,156.02470783761441,79.93767608028797,115.38176226059241,Curvy,XL
69.86941177018792,43,166.63266339306398,67.53495794462748,73.73647552250522,Slim,M
59.203542696932026,64,165.10907608025192,66.37910093591096,80.34821319878077,Slim,S
65.27755038092613,35,164.11229188024618,66.71449755385432,93.14234322503529,Curvy,S
55.61172114486136,44,167.7377410537481,79.13371617013641,105.44372191895224,Curvy,L
66.49589855394028,37,172.27818329008787,63.064125719734555,76.39085519692442,Regular,S
86.62294246226529,68,182.27859286195485,56.38851589956754,73.81930683068245,Regular,XXS
65.36951530037177,59,170.24658542673288,104.76590045036713,141.8307675731338,Curvy,XXXL
62.657394082888224,16,170.67558426899726,77.20254032034582,110.39478312472983,Curvy,L
74.6079863524282,20,175.33063975802645,92.2392512140285,111.8912806309108,Regular,XXL
63.23098447488337,30,173.5911889836082,70.70511121883926,87.51770654237829,Regular,M
63.73397498115786,53,165.45906717958897,84.07443642745149,100.22309823011153,Regular,XL
62.39853998676821,56,177.39028080517008,65.71669032551519,75.77060503444632,Slim,S
57.722464295697456,56,163.13638233630465,86.32572719530909,111.62047292500537,Curvy,XL
60.559387208333405,61,174.24210244013415,79.96494272604987,101.49738084500116,Regular,L
54.142265119722474,17,155.30499070797518,83.74814598750542,103.99337747078364,Regular,XL
73.84141473515216,21,174.32519866575763,83.1246707181429,104.59208136945067,Regular,XL
53.36097782114496,22,162.88255278140642,70.39993500003861,77.48693307227843,Slim,M
75.12915519399998,46,172.11751548783474,79.39637391770898,92.9606790707382,Regular,L
64.19550029863947,20,163.85634267946978,105.06265175143352,129.08251426479293,Regular,XXXL
78.17506218107799,59,182.262597341954,74.89360812676537,96.23856201419669,Regular,L
65.28077757033019,18,177.52207710105583,75.07102545609806,98.87589399713858,Curvy,M
66.49300655256202,40,164.55206101526565,78.09696961726284,105.50079579527417,Curvy,L
81.96695216701363,67,184.87590835280383,76.91611109896392,110.04535914853018,Curvy,L
58.92772237295333,17,170.47392393388975,76.42171168579763,89.62268475490494,Regular,L
52.75878629440845,23,164.78874951784263,87.634542159778,101.00025114922272,Slim,XL
59.14020637085363,34,164.76392898351625,72.78444460642015,89.16934444818165,Curvy,M
72.35969568013233,49,180.57739553867498,90.4294710757869,113.63665590820627,Regular,XXL
54.348383127581606,62,165.77047898950514,69.13412390591894,89.44479185001244,Curvy,S
65.46607666043059,52,168.88004503457336,71.44800122832521,89.62340527964466,Regular,M
60.74710523693932,38,150.1999134482854,63.65564145207192,77.59139872897221,Regular,S
48.04081254234681,26,158.5877145722273,65.82570436355292,72.54471419703421,Slim,S
63.562415919396315,66,177.6820729477256,77.84429616367268,104.02340502051764,Curvy,L
55.09695341741281,28,167.2747188255498,74.78774731801789,95.25749602544604,Regular,L
70.74998327450713,17,181.24543644202595,78.38674407186464,95.6185251942745,Regular,L
69.3939816409006,68,167.52166395184295,85.2149079731574,105.70613513339919,Regular,XL
51.134494250462694,24,163.38437378643775,75.69048383555369,85.50857607310519,Slim,L
57.959597701392404,58,168.32821250326884,66.68202914668503,92.42905448194145,Curvy,S
70.11292350111222,20,163.29389179260093,82.54448814218902,102.7205435985253,Regular,XL
72.55476590586107,59,173.0223235939547,78.2620579621693,95.50555904179105,Regular,L
68.37716237655896,42,171.20787716077604,80.41992427611186,103.91607605490528,Curvy,L
88.70246845806538,45,183.1543642577137,70.21931054963154,96.67289848450693,Curvy,M
48.949786725960394,58,156.39256518081683,93.75142278792885,117.00498000917128,Regular,XXL
77.92507769830662,56,180.10209842569674,67.3093540527329,85.54323488113327,Curvy,S
70.27888244778447,46,167.77108504600199,93.37486458758126,111.95955674234001,Regular,XXL
80.91516858573368,60,179.99453562126257,85.61819762629659,106.46440489720813,Regular,XL
65.00709053254862,44,162.51762381523798,80.0998936109941,109.49735118091041,Curvy,XL
86.51778935452597,58,179.12101408588745,86.09475395951921,106.06344561512746,Regular,XL
61.12364461467142,35,157.2833402142317,91.3223901078843,97.60903401745054,Slim,XXL
53.875378515919564,59,165.94610691092018,70.69501831214913,83.16113090921519,Regular,M
70.19097890319904,17,163.83516640628235,84.62761481051292,95.3597490388867,Slim,XL
75.18658625581321,40,177.50575023829452,69.37539475590943,91.18905264641337,Curvy,M
74.7342902412878,54,168.7298290192332,69.37830881990682,79.9552337697233,Slim,S
66.73511566229348,66,166.27886351278113,83.54845249020573,91.66927552664187,Slim,XL
74.50489287871507,64,170.6261097199542,83.18890113679205,109.44888458956112,Curvy,L
74.69100095342479,62,168.58620836404023,61.04440822737573,75.58865690889306,Regular,XXS
78.78955849306283,53,174.94756710541554,83.1001598175846,90.47747932188929,Slim,XL
70.07574024277898,32,188.37787809145544,67.75942513541625,79.74482290312528,Slim,S
56.4998976222971,54,162.5014782064303,72.49814069135064,89.48584025263187,Regular,M
75.14484924519965,38,172.63569008377448,94.04006711288042,113.78658049988532,Regular,XXL
53.21677741022119,27,161.5987830899115,68.2997822995323,70.53967223316307,Slim,S
54.963495244181814,34,163.2865665904277,86.59060128609657,96.57055868953789,Slim,XL
64.04891627209764,16,157.4720213833126,80.89483615979331,97.75697742613633,Regular,L
74.19155099767501,39,178.40123340891734,75.3401736494908,91.6420265509743,Slim,L
61.960933674399485,28,161.48679538094996,63.41854181988589,84.88014361194469,Curvy,S
80.70727848627509,30,180.77383587178727,79.96393849227782,91.84003685140293,Slim,L
61.3512024692961,24,170.15693362562024,79.22474734494158,97.92066783154905,Regular,L
71.147702134806,45,163.6608399210301,76.67702018328997,87.74308552386181,Slim,L
65.05282374893929,44,155.63495051211103,81.29171808275026,95.66266159807064,Regular,L
80.55189650596391,20,185.21142327064334,58.843857531698475,76.35725962741014,Curvy,XXS
61.642340913861034,47,176.6494841759106,58.643258661714704,79.86780932367923,Curvy,XXS
61.63759391484443,16,170.85815366798676,67.77837002958526,86.39005070494876,Regular,M
70.07779452021641,46,173.4216601290361,88.79260526207365,100.23760745551763,Slim,XXL
64.25367381804621,48,166.31066880206362,82.19430081655227,96.0419085586298,Regular,L
55.06341207650633,62,159.82448120319043,83.16044854054086,105.0791948952986,Regular,XL
63.32084937622881,65,171.05778573240508,68.92081199375161,89.10751009090508,Curvy,M
50.522799445176844,65,162.16484266432752,78.38147437435518,86.55999635642733,Slim,L
63.16230139385403,22,153.23293168795826,81.2314502338712,96.26325839454572,Regular,L
61.247675824123114,24,171.61770947256366,56.69519865579578,74.65392036141762,Curvy,XXS
55.1720727373379,27,169.6548881740094,72.93878595188747,88.40667484235178,Regular,M
67.57147589446856,62,167.54817378887935,98.87606671911152,103.7231319906422,Slim,XXXL
80.11470820489019,64,176.78384520573286,76.8293326645763,84.46696463527648,Slim,L
49.61094468958121,43,161.12361676815212,73.88439662181537,87.05287665179337,Regular,M
55.33220055561961,33,169.08604014072657,67.35942484707614,90.19284102882119,Curvy,S
47.63219622887803,50,156.58227581900496,82.12079830507231,115.56872451373191,Curvy,XL
72.83381189123044,26,170.97462851823485,76.3712870675597,87.75291500166593,Slim,L
50.91059404533407,23,157.7622037657665,104.58728405102113,134.91927061303932,Curvy,XXXL
62.54739293408415,54,175.31941683407896,77.80602289308888,105.16649274681838,Curvy,L
63.72707690584871,25,165.4799384306548,78.02025574951568,87.55959904223329,Slim,L
70.95811463165342,18,169.0660190457865,80.02788944540758,85.44699106834248,Slim,L
75.50934725266708,42,167.72694766506686,72.7390321130838,91.3109971131688,Regular,M
68.94575479977432,16,163.63184569462564,72.62189975160868,91.95093960387244,Regular,M
71.0850190149903,23,163.0012964695863,77.03303431570907,94.95764627509045,Regular,L
75.49740336602108,27,172.13957411644427,71.98814568496579,93.35916471401531,Curvy,M
55.084350806812,38,162.9455003777151,102.83122296490501,136.7773245374816,Curvy,XXXL
81.39750021821206,59,186.09722750872666,97.79466949562415,116.47224099179552,Regular,XXXL
59.0180607419992,65,169.25313286919905,72.90146714140397,79.76519950577038,Slim,M
70.58144426422166,29,170.6159689407192,74.81093425186573,94.93727908366097,Regular,L
54.662103312587874,53,161.5601289903685,71.7156216052667,78.5067749857937,Slim,M
60.48730081832475,57,175.3427023476826,85.0241490784713,113.88960321568645,Curvy,XL
64.41337030471783,26,164.3052006025569,79.68328779116788,95.37884651836086,Regular,L
71.96291062837254,30,171.9325412921533,76.34896386296975,99.70047659392446,Regular,L
59.71552887947365,61,162.2959653109723,66.07695448787638,81.31695695585357,Regular,S
74.23673788328543,16,170.30301248619244,75.80817127583428,95.79211909985625,Regular,L
68.13932316643275,62,164.62599495452932,72.9654064214021,86.28729115200677,Slim,M
67.5750954720422,48,168.20893604410355,56.64979828614909,71.45310679247554,Regular,XXS
61.762165137963436,16,175.8357298730135,64.14017660736249,89.81127004403264,Curvy,S
75.93279307753086,49,178.26544150266133,80.07187747094815,113.35665152822047,Curvy,XL
59.6177383302657,36,167.8705344705288,79.77658194031179,93.51477803608462,Slim,L
65.71117804873329,69,166.40271387402498,81.57275167655055,101.71218692641821,Regular,XL
51.0507229254798,68,161.6673146043808,96.6115417752148,105.14774626207003,Slim,XXXL
78.38604163239894,47,173.06390343719713,78.9648950789851,96.69860266283746,Regular,L
71.7194987167986,51,171.59326958681967,78.52838657268076,94.29068460712158,Slim,L
60.204287523231564,50,170.6162548792676,78.98688884074005,111.19552081677121,Curvy,L
60.33685023249529,45,171.44937942133592,84.20093113553992,103.9781330020806,Regular,XL
55.103071312666714,67,163.21783398087845,71.61008989494813,82.30150738611441,Regular,M
63.647951360785356,64,164.60250522041738,68.38131727692108,77.3736815759294,Slim,M
61.62712216617253,27,153.0293407428872,69.90227492178632,89.23232890390223,Regular,M
58.13639411748591,69,164.4546553467228,64.67881865918436,80.3744768768362,Regular,S
80.65049739433933,19,177.29972544593667,85.12434285037959,91.4597188731095,Slim,XL
59.121664676624015,26,173.09139464584104,71.26974343759963,86.397557635087,Regular,M
57.881136647105556,66,162.97372675793812,70.74169898925406,78.90341915928622,Slim,M
69.30608515201578,19,168.14656399160762,84.0491481501577,92.2677552079928,Slim,XL
57.155867916474406,27,169.00421094739048,78.7901327308664,85.52405276489203,Slim,L
67.31746339330797,68,169.97119303307153,104.9803543394818,116.28679377942142,Slim,XXXL
62.84070076688858,18,169.3968979002737,92.24902228656187,111.63947260119805,Regular,XXL
56.71857526313149,51,168.06372279173476,57.77014757355818,63.31067503592163,Slim,XXS
59.432801991715486,43,161.47790982840732,68.16202058047234,84.82127886842774,Regular,M
72.7446413409777,67,168.96387410810473,76.89747776479688,100.81346613506945,Regular,L
74.62970992410715,35,171.1100802049881,104.28269075586192,114.24899790038464,Slim,XXXL
65.51832395935301,31,178.82547740944585,88.250173733204,103.41643290943212,Slim,XXL
65.70832968456655,48,164.380684497744,84.90489872684965,96.60304002383376,Slim,XL
81.0470873149391,25,177.71368590489178,86.60549589441979,104.43229634458893,Regular,XL
76.5428065068288,60,170.33268638591073,89.06493669515895,111.5549612534855,Regular,XXL
68.54305357984626,43,181.61813098360898,79.18995065314955,101.25633368819521,Regular,L
73.6171973031652,54,174.48052101004285,77.50648308376405,88.09028587946509,Slim,L
61.0553461240522,52,164.77461067724678,62.362561430847066,72.2922878972761,Slim,S
63.86242485629481,37,181.5304932990666,74.00217151253487,92.05330536012023,Regular,M
70.48863876329563,46,173.6064007456091,56.07551719934413,75.65359852579083,Curvy,XXS
63.40606455804907,62,164.15909523304822,70.64885266636512,102.27305958072175,Curvy,M
57.794451694535866,59,165.55571960642058,81.19219822693405,101.0148457461576,Regular,L
62.07562580938077,54,151.6665020912218,76.59118799068506,98.10828744519,Regular,L
71.08636312101768,20,177.25614516700546,58.53691039101507,72.02964122016132,Regular,XXS
55.020764143638466,26,161.17419134890812,69.90745352932068,92.62832025802524,Curvy,M
55.695465031196555,52,158.4648613847158,94.98332008570394,120.03572082601717,Curvy,XXL
63.68350942318319,54,153.9612624370221,94.74948181472233,112.81938134771767,Regular,XXL
67.40199627838717,25,171.82771120259585,76.87145888869641,92.33015085165849,Regular,L
65.3046935047866,24,155.67242373472885,65.75200884684773,67.30740942595394,Slim,S
63.49145049702122,52,173.4070899392926,64.91215460419093,90.45110298500501,Curvy,S
66.64400385107058,58,165.84692522114906,60.143332218196775,71.44297649243458,Regular,XXS
62.8779551542407,39,165.10513365278624,71.88504994502185,84.89124865931774,Regular,M
60.94484192632053,50,166.09275885483532,84.26222710406124,96.38032291525131,Slim,XL
76.85149136296126,49,171.74000415174686,66.16053939984086,69.80578122607764,Slim,S
68.50912054119306,42,177.77433405773698,77.62300165129139,102.8651946809228,Curvy,L
54.05239682809602,32,162.77356250535692,94.93746065224411,109.58233716577004,Regular,XXL
65.27861847006677,22,156.91507127209783,71.06375999381346,90.8762827068483,Regular,M
75.45655307493209,42,173.503990820684,88.55577218253575,97.74551710289686,Slim,XXL
60.79273563202964,26,154.81266514335647,68.30842741678615,83.93826631868464,Regular,M
62.49271776990334,22,159.90503146211532,70.43058241863662,77.24470614783475,Slim,M
62.56634500329153,21,163.53192247647598,74.2228123581944,83.35287900219853,Slim,M
65.16943272608876,63,176.74537393439527,60.362917305604896,75.67446946728904,Regular,XXS
69.12912129509124,61,172.47002498448379,65.279441768362,87.28527169339036,Curvy,S
69.87001956449535,44,170.49502468361752,59.488994320825526,81.62264145619831,Curvy,XXS
76.32911107449299,27,174.18077327028308,88.00255301753332,108.19978515633288,Regular,XXL
81.59438202432179,41,183.0776278836538,86.60299935644396,110.1844705018455,Regular,XXL
82.6608486092032,40,183.42718863385744,72.03412272610507,95.54639914118552,Regular,M
67.14555944784348,24,175.49302568176887,71.75777716990314,78.64446650461213,Slim,M
71.77401273607947,60,167.07286029327085,56.78060479185769,67.10561957600916,Regular,XXS
66.85573677693358,64,161.26203225254332,64.5192296067718,79.23701695512415,Regular,S
54.737068696983656,16,166.86942032538514,67.66671582054995,83.72205503074949,Regular,S
56.415141584936734,41,171.7570361504299,79.66276590099824,96.51452231859773,Regular,L
75.85724678672386,46,172.10117429889323,80.07006926996993,87.07192540573297,Slim,L
70.11972480850557,16,169.0333852707128,84.63743490621513,114.50038932072985,Curvy,XL
58.15971793592332,31,167.50175999945685,72.7979125800572,85.5565734044121,Slim,M
66.00109171960544,55,172.54133454165648,80.22978278998436,102.65948218064693,Regular,L
83.5603499437548,66,181.51617067556572,95.53471565149555,117.585805103912,Regular,XXL
59.233180817760434,22,170.62769514865434,71.64754064898185,94.06710752835497,Curvy,M
68.53983020240705,45,161.45971637420325,81.85659973788077,105.35359189553112,Curvy,L
73.26092627350135,59,165.92140331545147,93.14127081610958,117.0349118688633,Regular,XXL
59.47366750978119,63,176.54412037608796,89.15471719928827,124.01685846502049,Curvy,XXL
62.270948165623565,23,172.17494172546193,69.31679110424717,94.74425358586483,Curvy,M
68.97110329596056,33,172.49619052035962,72.33701386891714,90.4012457011052,Regular,M
87.47276661226168,40,183.266478539176,77.05251879302912,85.52709473872035,Slim,L
67.46490217950785,30,163.30021851961658,93.58173169826344,133.19146918129147,Curvy,XXL
65.16778457504242,32,159.10797751213158,64.9967215844404,75.09484437913747,Slim,S
77.44732368939044,38,173.30265541351554,60.28440293346586,73.01771237388338,Regular,XXS
71.02947152505028,32,170.31476322897157,107.37581909755149,125.07785795327084,Regular,XXXL
63.77456970208106,26,170.01992576994968,63.99389023427445,74.68282936277663,Regular,S
77.3879323439456,19,169.93444528189727,65.19357805962646,90.13205535017231,Curvy,S
64.79328807386827,44,180.7125303006283,72.00131866105203,80.7932395740548,Slim,M
57.87851840583182,37,169.3999481226486,72.2485877258628,92.38412079522101,Regular,M
70.50936851289171,19,166.99243796352712,80.12405232964302,102.23942518435592,Curvy,L
58.415825060013276,37,169.03473541498158,79.17144275205631,110.59143238373149,Curvy,L
56.16807605284106,27,156.18069071978937,76.28899880340352,95.60957757270552,Regular,M
70.81168346989631,24,170.80232836029217,64.9385634245742,80.798349712866,Regular,S
67.82379263112522,53,168.23939401483435,74.53895962212317,84.52172498076368,Slim,M
61.34131514222052,55,165.89137643979757,79.34135812451586,97.3003055492154,Regular,L
76.56244603001082,35,174.47437751165145,75.98396349198846,83.83529850724368,Slim,L
53.38891141475669,64,156.25315671567165,64.43286227446913,81.17515281832003,Regular,S
60.78769247626197,62,163.18484003646654,79.43138486436894,89.05813836126714,Slim,L
63.9463551907655,55,160.75680816781804,70.15600048701154,85.91660268914693,Regular,M
93.59984987442532,36,189.15266461193474,68.76178266534178,82.83307720970905,Regular,M
69.7088294854448,54,174.74827061268576,65.27931242405819,89.42000362579246,Curvy,S
80.27012881440363,19,179.75272218065658,87.8670319457025,119.13755910217606,Curvy,XL
61.74950809717645,47,165.94122593527794,80.7961762088148,93.03433056374256,Slim,L
54.76397849805221,24,162.05936941195458,62.897148558062746,77.1616070706758,Regular,XXS
70.61304599930159,43,162.88207332792697,71.10465147860836,80.62484398198175,Slim,M
53.4425968784596,31,166.08140681806336,69.70512149809593,86.51879269233305,Regular,M
55.707504581489914,47,169.49026365491048,66.79297602935861,80.97466533396933,Regular,M
55.735326962975456,50,166.92672684517817,80.66025276975476,96.19863773120413,Regular,L
78.05883299852776,19,173.63532161982357,68.77474091965607,85.47677056115728,Curvy,S
84.00196718476376,61,179.95720718548023,83.20028917000114,102.47347619864712,Regular,XL
55.05867542402455,31,165.36308385530467,95.08336612591489,127.64630416624621,Curvy,XXL
68.04033619336315,16,165.94405081485047,84.54148214306542,113.27804480477775,Curvy,XL
62.80962677895813,30,172.74445685513084,70.00945126890444,76.5295467962644,Slim,S
68.86086865507484,27,163.6039219920428,73.81550613005734,92.65680370912612,Regular,M
67.5329462763726,52,169.25166848698078,74.58771697351949,101.7011479489348,Curvy,M
57.96074624776736,38,174.10850623945836,72.21617698246034,91.6733576627682,Regular,M
63.389545147156284,45,159.22769232692926,86.66382460154983,110.08275087993364,Regular,XL
66.91416189331487,28,171.98616258665965,91.9002411540569,97.00946644667334,Slim,XXL
54.52754718641065,27,164.8968266465838,87.25197579782798,96.12128610630339,Slim,XL
57.73528553118637,29,162.82407289819207,94.718594466322,103.66768178017513,Slim,XXL
70.82197482035568,63,164.0120999141452,71.39787101910107,87.62038324505232,Regular,M
72.99169678856737,22,168.49873616118293,81.09041798169694,97.60653776542868,Regular,XL
54.93469116847183,33,151.35055172743046,71.08839293964056,92.47366855658483,Regular,M
72.13098120102703,28,173.5206413140504,76.67056099233713,95.49276838231425,Regular,L
73.67352143531707,27,169.56646271139272,74.20928013332923,81.41411796901694,Slim,M
71.6005155669632,66,176.7005496162774,69.23217190588704,81.18657203631511,Slim,M
68.16280930392084,53,168.17417123193147,80.01162281268266,100.28373278881182,Regular,L
63.04723377690765,25,173.36726432028016,64.2622899928435,90.75909829809191,Curvy,S
52.38945242568424,35,164.53577825879978,75.96397645426399,92.2305230425545,Regular,L
58.68975691605592,58,160.64509285194532,70.7667483201446,80.7067064290055,Slim,M
76.07564275329047,53,177.39868849230157,89.99822804930523,103.68010322377604,Slim,XXL
70.79600553107639,66,180.96776068090165,103.92364577213381,116.53420059063511,Slim,XXXL
73.6159756588634,27,174.74465664804623,61.441591000002056,78.25420568032544,Curvy,XXS
64.43199924047924,27,159.17002807279692,97.78561043441532,109.10511513116313,Slim,XXXL
61.95631895747134,20,166.65724695556577,65.08662448124473,70.6802033376082,Slim,S
74.97419011824681,68,167.78500767809567,57.465546774056016,67.82847507937468,Regular,XXS
63.21321474843258,22,167.54493091239607,69.96972722195896,84.48818859043162,Regular,M
62.08555503203371,31,176.56314470645134,75.46318387260025,78.44126631433357,Slim,M
60.305507441264666,56,172.21769151365282,104.27517562560014,138.587043562154,Curvy,XXXL
61.58132379900175,24,155.0147848851547,70.10173323232722,88.46802494901968,Regular,M
62.63890336710008,26,175.71893370297823,70.78322064457942,84.4853561765137,Regular,M
66.82287498817921,42,175.39065675814544,74.90519195855529,92.63076458180683,Regular,L
61.15439946310717,63,165.17349929197636,68.77166324608596,94.47544498761962,Curvy,M
49.41691217872514,27,161.26356805286886,95.67988652138015,109.04581251372841,Slim,XXL
62.97626279607869,55,159.62540584613532,68.37008735143955,88.90863169715666,Curvy,M
62.7076973371789,34,160.4589080586908,55.64073241157667,62.16896777831363,Slim,XXS
62.30622275628337,55,173.26086198974895,62.394157218365585,77.74890549604498,Regular,XXS
83.57734596976474,24,187.14490882075464,63.0198587134413,89.19892261101607,Curvy,S
59.154078107443354,32,157.26181730400108,80.55659538993785,93.33278438160595,Slim,XL
51.8270599548038,42,156.50891391574993,67.92432216572581,92.06440085961442,Curvy,S
58.58232919446859,64,161.27705135217508,67.34842078626325,72.8371263718101,Slim,S
70.44293960816054,63,178.90984371128843,69.94468676859776,92.07158942371053,Curvy,M
68.50140816863623,62,178.1104812943402,84.47045024022704,103.47395331892477,Regular,XL
54.35177124727282,58,164.4109901812473,102.8326515802098,124.97525766478974,Regular,XXXL
69.89590800851543,17,165.08939023371704,82.96404526980093,102.19196634301947,Regular,XL
52.01705746314428,38,157.20075438785724,67.3208183201709,99.55963494845768,Curvy,M
50.53249386984875,31,160.62196175371272,56.94769592132892,67.1835220893579,Regular,XXS
60.993183672880285,24,158.01813263552972,67.53621828284246,93.70332309864254,Curvy,S
68.20835341229377,68,166.07099611216807,74.32656561623116,98.67525535874877,Curvy,M
69.7660172043559,50,172.594355978298,82.63249443279348,102.34128549864035,Regular,L
58.54382685770207,31,173.22439902908957,69.11493645210203,86.6600699513367,Regular,M
70.99953851852185,69,164.90758431992975,60.85812029187423,78.00205326387076,Regular,XXS
68.93625423878441,24,175.41499508263527,69.39892190516309,90.3435014141131,Regular,M
68.8552535035768,55,169.91786746530445,89.60069253226386,111.00087985566368,Regular,XXL
63.22958517071695,50,172.7621619751338,84.97756228949825,109.58350176290134,Regular,XL
71.34410616971874,55,172.93036273329218,85.70931801488776,105.94499882505461,Regular,XL
67.15480026702625,29,167.0378780328827,59.646599935326904,72.14813334295766,Regular,XXS
55.49718466950508,37,164.1390795302252,71.91460007586151,86.9917189986253,Regular,M
77.93260919802593,45,170.31811379455755,72.31778301315445,94.49269172524512,Curvy,M
60.569460798471226,50,170.71184560463536,69.30295612624138,87.6242147275336,Regular,M
63.23687984191521,45,157.852345182686,70.96809916655006,95.3283207435882,Curvy,M
71.09005633589199,42,162.3781330203499,89.15759445097659,112.47888528865374,Curvy,XXL
56.303617207990776,55,157.15294802368305,101.9692169657952,114.27099680968685,Slim,XXXL
56.92291063235295,69,161.2702569336724,90.69889918707553,108.78442374821782,Regular,XXL
59.73258383670166,34,153.85269010555123,66.28376430291594,78.42067845230042,Regular,S
78.1969633901766,53,176.26471779876758,66.29830796789513,81.32644737698034,Regular,S
78.40317638396445,64,178.23122051217217,90.30071510638105,110.89799068062806,Regular,XXL
59.54399684943365,66,173.60838021432815,90.07370106119049,128.35494516793105,Curvy,XXL
63.135420808796766,68,162.2584036864678,73.40130806803498,97.24108200886023,Curvy,M
60.96321266265264,30,166.92594307994673,77.94343663898586,89.31030037594057,Regular,L
76.57537280152205,18,173.76220531604602,70.52694044667747,83.63029696811482,Slim,M
71.95255072632256,43,175.4811191931601,63.161931102481546,83.33980827558898,Regular,S
64.43923441150423,46,164.0079113860355,84.52993904334829,103.17143977489782,Regular,XL
77.37437151209892,68,173.14095529261286,78.31784231614465,99.10229360857268,Regular,L
76.48025554769823,26,171.4564039744289,96.3955668074518,108.06368860442618,Slim,XXXL
74.675421803581,42,167.57732452628773,72.29817638262736,90.2844524109051,Regular,M
64.40848583622058,25,179.33166111360634,58.10721872341767,71.11362925925289,Regular,XXS
61.38584147004872,17,160.97386011119522,72.85941361456743,101.84727759398119,Curvy,M
58.478640439111565,42,160.84119367682456,78.45291544713932,96.11066777164216,Regular,L
62.20661390403259,51,175.22228589887703,88.90178505906128,111.55821744366006,Regular,XXL
50.61983560552313,44,160.98891556411127,97.89014799716288,133.89819757068344,Curvy,XXXL
62.36739481133928,55,179.41870879469033,68.62931313433938,87.1960720651693,Regular,M
65.07735743620283,21,171.68267913923367,85.7340213955683,101.80402009266783,Slim,XL
67.12612292388489,34,166.7968811513173,58.72612452281237,67.12414218032343,Slim,XXS
84.91712336448307,46,182.18066860746143,90.74316850905493,105.94307488862877,Regular,XXL
68.22773990675967,58,173.17483989457415,80.04562695924078,102.559354654571,Regular,L
66.28023934649869,41,165.4763332149998,71.59619797146046,99.8336324735335,Curvy,M
62.639974591423154,56,153.56811350032726,63.13670676366528,70.91717905199394,Slim,S
52.545810057705005,33,161.28097403853855,66.5233000103792,99.03603320526062,Curvy,M
56.523191074391576,67,154.85663743329147,76.51081406330458,101.64145720283231,Regular,L
57.31763432288993,19,157.40483221744157,72.6378483870327,98.53907115244336,Curvy,M
68.06076119189616,43,163.2540951304122,70.01570215957084,87.99289483953008,Curvy,M
75.63573139808982,25,178.08833971413694,75.11671378547085,94.3194889294955,Regular,L
65.65906509429105,63,169.4196246699624,86.99314986005787,104.33264663731812,Regular,XL
72.4073377636984,30,171.66514789459927,73.0556837855832,84.15401174862632,Slim,M
68.815165910013,45,163.43607850257743,77.57418112122093,105.91918018862577,Curvy,L
57.96050051360542,59,157.02376660293416,95.64722350382111,115.88067959581623,Regular,XXXL
68.66202249031443,24,179.675312306025,61.92569359305156,75.64462510821646,Regular,S
58.386008326775524,27,172.139360041577,103.55622681883438,125.03241858761497,Regular,XXXL
67.01030237858376,52,179.3015386400605,71.35098909210112,88.09733252169676,Regular,M
67.26261292391601,37,169.49830054504724,74.47737492871295,90.17071655099154,Regular,M
47.43460482906606,22,150.2697802202677,71.20494603996677,104.26012277000164,Curvy,M
65.73144757826294,26,163.87876024751466,76.75048610799679,92.69188458270249,Regular,L
75.13263953848063,51,174.46439356470876,85.30711338288734,94.37173523760517,Slim,XL
73.52344170637834,60,173.2243755525418,78.86452607080317,89.4149531351093,Slim,L
52.69675875346461,61,160.64497702284297,79.1566383243989,99.09243335803342,Regular,XL
72.42865441650304,28,164.0343608572397,61.204647076811526,75.84095921744716,Regular,S
77.35620271998928,54,171.16092899921628,78.85804680467012,103.0077270400557,Regular,L
77.90480237696804,38,169.93699806044245,104.02129175022432,128.13670862869304,Regular,XXXL
63.00517781880891,28,159.4066100497719,81.2458663574573,104.00835655054117,Regular,XL
69.86288940130697,33,168.63370921837503,73.13564003554744,89.1524380738501,Regular,M
57.47218580281318,24,171.1326351884023,56.053613879142986,65.99045801887294,Slim,XXS
57.689952775560485,38,169.06801711543955,105.83797882450078,116.93675445037746,Slim,XXXL
67.33151731659707,41,177.18792142260665,72.1182923339906,91.03364724176356,Regular,M
64.73238972569838,34,176.63186303224487,76.45224464782986,104.06803192283846,Curvy,L
66.09952812399949,59,180.8394856004781,82.85745223173726,94.35378590009256,Slim,L
59.31589141735409,48,170.7708634482484,61.29379628791942,73.82162403542372,Regular,XXS
62.49863510072914,19,161.1984554460648,89.14107156028236,109.86296560653682,Regular,XXL
60.39576317737666,45,171.31262987979014,82.4029814817759,118.59494594681743,Curvy,XL
59.39676666055746,50,165.4512594868203,86.55670826354054,102.55251798101938,Regular,XL
68.72695006161852,67,182.02863205322313,79.04031103924224,84.79330853672181,Slim,L
52.3158540184485,28,157.7507027577052,82.96292545296492,96.05235633256233,Slim,XL
84.34508282729144,47,181.70538273250287,75.08162718151966,93.60001433664651,Regular,M
56.820219275899554,41,167.86357545051004,78.43605536790432,106.51109798665975,Curvy,L
64.14332539799632,63,173.73156826430463,73.74173936334586,88.44729526587983,Regular,M
66.10842106343044,38,171.78139220843747,90.71837800542404,101.21418996727726,Slim,XXL
73.05920042681349,27,173.32640179811798,57.853288868961364,74.43618062051817,Regular,XXS
83.34036400072219,50,181.48488044213585,63.01364742836029,77.64603323671787,Regular,S
61.05633239241614,67,170.4675316809351,67.16147250111572,88.51094892464751,Curvy,S
62.67541532780739,18,173.65583522511315,81.69229981287538,91.03282912064282,Slim,L
53.66022346963958,36,153.25462914953903,105.20775334368406,143.93442863680156,Curvy,XXXL
71.4653345914708,65,167.03632737398925,76.50065932953153,97.42039268631135,Regular,L
54.36828158096973,30,168.03371532804957,72.1620549773742,84.12593512060037,Regular,M
60.14945742181319,29,175.61354434928145,86.28540935778709,103.52585283742424,Regular,XL
62.29992855595511,40,156.30172225644003,84.82305850715177,96.79045021413016,Slim,XL
52.27426989435454,27,164.38792267293258,63.22696924673353,68.98513854117009,Slim,S
80.02617795317094,66,175.7613496682532,81.45060607514638,88.83228728544611,Slim,L
67.7618567720214,18,159.97638183867883,78.86997590626137,108.30478064455968,Curvy,L
73.13324561541711,60,170.69755221673915,66.68657742348181,73.56206909309441,Slim,S
67.90091343074208,27,161.78729017915563,73.12571389212755,91.01418928119728,Regular,M
75.53829725179544,46,175.93824779604506,79.44773628298137,92.93757686143074,Slim,L
74.31292787019281,65,172.2656527363929,63.06718577298833,72.77073691128791,Slim,S
71.55389436552616,34,165.39075274488079,80.42836839307405,87.69368650107347,Slim,L
72.5766194220335,48,167.015765416947,86.47235112419156,107.06146405523194,Regular,XL
63.42680522417867,60,170.60371298432395,77.30316724803573,103.62918827265887,Curvy,L
67.02647469501431,50,168.64526812365267,88.40568907243862,101.96647877103636,Slim,XXL
70.22022352213541,49,165.4235023052395,56.736174701836816,62.20231323103562,Slim,XXS
71.89330451209712,52,171.7953768050274,95.72315437115677,122.83995817875773,Curvy,XXL
60.61243769688504,51,172.2172007743561,94.65371711370523,129.91725102348838,Curvy,XXL
65.4065407352141,23,171.3705340768943,58.37470455777678,72.0028652053969,Curvy,XXS
70.9654231573287,32,164.78286024024354,71.84337417982861,86.55888112096056,Regular,M
64.48629177199652,48,162.45677079098277,76.77530689430137,95.5481547140215,Curvy,M
67.61317557866155,38,174.9520131535942,68.87473680472691,96.27469118220392,Curvy,M
68.5414189196971,56,172.19324481526104,99.15374051418189,112.81966837509184,Slim,XXXL
49.93053038444628,61,157.60234135805806,63.67766339265413,87.93706670532092,Curvy,S
65.53064025153995,19,163.94367111340074,81.38611454555426,103.64884339653419,Regular,XL
71.96977644567103,54,168.77049611269342,76.29882545563935,95.58154724711702,Regular,L
74.54312047517172,23,170.06637160599703,68.891972059171,83.12419616221217,Slim,M
63.76370994268562,41,158.37648244432862,67.01981055677558,73.56959076122769,Slim,S
75.18074318365576,33,181.98326843578405,100.79833978864828,120.32334150152556,Regular,XXXL
74.98931284256726,60,167.2458897854941,78.15729689548729,96.0720444963622,Regular,L
83.55963467596183,59,184.10199875265002,70.33149969093674,93.86572505877677,Curvy,M
51.5333703634923,42,161.86298465731073,96.78518748439522,123.63422037467882,Regular,XXXL
71.76072886711412,62,175.52534652364014,76.0344463330385,81.55604268388956,Slim,L
48.245239681054954,37,156.9833525798405,106.70640796819487,138.53994727902224,Curvy,XXXL
72.8978657087923,19,177.07985334222352,68.81675260616133,82.24910176572821,Regular,S
55.145877613441016,25,163.74799846117025,77.14840444454447,102.35745910152839,Curvy,L
52.558637875646696,38,164.52894343290293,75.87155075648297,86.18439042371207,Slim,L
57.81375765861338,38,167.14452959747697,57.64579019121823,74.25806441854502,Curvy,XXS
57.18862714246277,21,159.50766435755887,83.80523195685699,111.6051048138635,Curvy,XL
59.50178709418825,69,161.23526221714894,85.55587796257456,91.41735785493847,Slim,XL
59.57119761539936,28,163.11149149787576,68.5611265171147,81.03573040611576,Regular,S
77.88177828443776,48,177.89660322920636,79.43418590389116,98.92981835099091,Regular,L
69.74902967836229,57,166.93211832477,82.03265300132759,101.8667899047365,Regular,XL
64.33832622233773,32,172.15630845353095,71.51368767100251,90.84595947251086,Regular,M
57.05206014065907,41,162.41131056508598,86.67530570434583,100.80315142813275,Slim,XL
55.983015258386686,68,170.2355578012285,91.47953984354162,118.12476001838147,Curvy,XXL
62.89166099506697,42,163.15638800499772,70.39105737889443,81.97650023432927,Slim,M
61.83219601035346,36,173.75366487390568,74.17247042369452,82.76401894314812,Slim,M
74.15692282891247,27,170.31316950060733,84.43265073472271,109.84798469115763,Curvy,XL
61.68477701655643,41,174.79321982539648,61.64241859615333,77.56666218300283,Regular,S
70.0794331945985,30,167.22609696340947,72.08563900837417,97.05322675135685,Curvy,M
58.698607089102914,36,161.7645179919425,85.12034231723835,96.83925225945133,Slim,XL
72.57906142613142,61,168.7690551877557,70.95911833052266,84.44925630081258,Regular,M
69.62516274812958,44,170.6394844346142,57.34373537942998,68.69774044644912,Regular,XXS
59.62148659460338,34,177.0833272497028,88.98674074322234,109.21579031003475,Regular,XL
47.80783724854471,46,157.06812827137088,62.39431923984291,88.11495636780958,Curvy,S
78.68337669215859,22,176.29463463852858,87.88916004631126,112.98991073771244,Curvy,XL
59.26883704833714,36,160.5683293083033,98.25330650674395,120.65171915883235,Regular,XXXL
67.10644902372317,61,161.1419677300126,66.13525647056501,82.7549720240645,Regular,S
73.6150002090908,54,168.33043599762345,64.47709311273984,76.7199285060377,Slim,S
64.97805896782822,24,160.1869484704475,73.06040941590592,90.97990045831439,Regular,M
64.98363137088572,51,167.77698960061494,102.09536596790326,125.88124859037671,Regular,XXXL
62.03707646675732,30,164.7561405576055,83.4302727925914,98.95696498304521,Regular,XL
66.85061425603244,17,180.09154472561488,75.15639500282674,108.73979513654524,Curvy,L
60.013444486013306,52,171.2390333804057,82.27093164220841,92.5895947319219,Slim,XL
67.58885552252968,49,164.8443765509494,69.54680600678815,76.0946835541513,Slim,M
71.50835912457336,40,169.5794915794977,62.80069224052956,77.73425382842872,Regular,S
61.511526388217334,26,156.37816984761238,83.82837691794943,103.34281823156103,Regular,XL
54.153867614883275,30,155.44353114583055,73.82439429660343,96.5687317329574,Curvy,M
64.3679255164152,60,161.08530897095875,76.19800329750353,87.88501262146312,Slim,L
69.81706556088665,46,161.31805501374896,97.68411539449167,121.59375031918499,Regular,XXXL
66.9846560598042,39,158.5987883426599,61.182240593888096,86.80205395150527,Curvy,S
60.0868582569444,66,173.25771485125696,93.08884154586397,119.86186178875685,Curvy,XXL
61.46706101867687,52,168.3663838724836,66.63481688157671,88.7995962289941,Regular,S
65.1248830468905,21,181.1174171080455,99.94905440460283,126.83614213409025,Regular,XXXL
53.73738140510424,46,165.06584365355297,77.47653896574458,110.53079888608517,Curvy,L
64.25456643242754,51,176.10130800145515,65.58521491566204,83.34014826543228,Regular,S
59.39846784552761,37,160.743131027387,75.27368451168965,89.18178416402256,Regular,M
62.00718459862564,46,174.81749505985516,69.26431466585497,85.42891719765895,Slim,M
59.67973747698777,24,168.73555272889206,58.65970142580772,84.64328199632597,Curvy,XXS
58.09461767693261,63,164.91041196773642,82.65259387705555,92.09474609281202,Slim,XL
56.75830397282051,58,162.97782545183185,55.66718177083533,72.63248652800003,Regular,XXS
56.09997106795928,47,171.55144470022165,85.08979910504442,99.1662180644644,Slim,XL
64.28507976179881,46,165.9104601703998,78.49112043763921,94.04180696653192,Regular,L
67.69298629157714,26,173.39971858107305,79.70966924042655,100.28972581384251,Regular,L
63.280057254716624,35,181.72411490399548,75.11370160507299,90.65490487728154,Regular,L
70.28831648485551,53,171.45275423247548,101.32732129169088,113.72427894042502,Slim,XXXL
83.91743256934716,20,178.1122337867834,61.259226793589555,78.37033762239392,Regular,XXS
55.35850425579537,51,157.40985298239548,86.9288635072944,107.68507119546592,Regular,XL
66.34716527897857,67,159.47667109294542,58.90024923113533,78.08315613408118,Regular,XXS
71.25068707267533,49,169.49255336173695,62.49827757357423,74.48595423730403,Regular,S
57.603612078818465,40,149.5926136514875,72.75537789491054,86.95801501487144,Regular,M
48.76706670641767,35,152.17423394310006,75.16739577400669,94.88772932856133,Regular,M
81.52476115632442,26,181.1570845988681,71.81633011306248,98.17742947226583,Curvy,M
88.05151697309687,45,186.6667664383764,88.11010559692411,114.07936003492253,Regular,XXL
56.63268490665916,28,160.1818762824595,75.84260449633324,94.6335718237872,Regular,L
70.74356108525795,18,165.00990966936698,76.43457115288103,99.14458389320893,Regular,L
71.31876988857414,18,167.4671918725022,69.33139410766414,79.16577434272133,Slim,M
85.64256850724784,39,188.80929407986446,61.33917527047503,78.09492101063518,Regular,S
61.04858947003721,48,166.37556178971113,80.33280102615946,101.6054368640087,Regular,L
68.8962796914512,33,163.2381848307037,79.84126890600928,85.0150134722607,Slim,L
64.65929139727105,30,164.48488893611065,68.42527257970487,83.53681647097937,Slim,M
59.17520059771175,60,168.47920815206373,83.78600838722672,105.27102004577044,Regular,XL
56.2315895780383,42,152.13748200360837,81.16207464831858,101.27649056409827,Regular,L
66.75802427991746,51,165.07159086206127,68.44481800800625,90.65215108279519,Curvy,M
65.75230337164837,67,159.8094105742071,72.20712180811515,82.66939618262411,Slim,M
75.50279844216868,16,170.34344912938803,90.12792157299492,108.58609360892311,Regular,XXL
55.10491878181904,20,168.02516337338253,92.33293086337785,125.47082350860542,Curvy,XXL
54.25633892768987,38,151.66496712721155,82.8653062991895,97.5539787301218,Slim,XL
62.786669130329855,37,170.35041957227094,71.96680048585438,79.23834359215988,Slim,M
89.38286880801637,64,182.41238336822212,63.354845653120044,80.08092406969718,Regular,S
74.4157900447375,56,168.76903357127543,63.66237612170213,83.32955785850592,Curvy,S
53.469927851013594,16,164.74117079160678,69.92010786400716,95.03837434484866,Curvy,M
70.14431426961225,62,167.38588813039394,71.58237531323067,80.93552252843874,Regular,M
61.847074517800564,18,179.72123550371086,57.19266104583817,70.84820912592619,Regular,XXS
82.83742950243725,18,180.31522769928068,83.34164323953452,107.29564899792653,Curvy,XL
68.46692108623789,62,164.26308716103833,57.173787984633876,59.76292263802281,Slim,XXS
60.428424066122425,29,170.90966494544261,79.64729493178372,94.9360718749041,Regular,L
76.74296710128829,28,171.62413366964327,77.40299054236316,92.44630209805302,Slim,L
69.19033692862732,20,181.8912023916416,90.54704197850786,110.80564762993056,Regular,XXL
63.50731541758085,59,164.24479373235468,67.6281435905302,84.60463975633428,Regular,S
63.71463223213768,63,168.66363847930683,68.73263287618867,83.80435526714582,Regular,M
72.11279828991485,59,177.5260523254447,78.98822435331712,102.85247437246375,Regular,L
58.73726610197368,50,173.02813143416196,80.29512182837992,85.19307964491396,Slim,L
62.3512241296548,40,176.5331074847594,102.4365306360066,115.44054219884359,Slim,XXXL
65.60171991483146,47,178.1597176732059,79.85140365444727,86.87596746159393,Slim,L
55.33895885935965,54,160.48203013511298,78.17191179416221,90.57576997615537,Slim,L
53.29028578011824,26,163.37961890185412,77.4681939117119,90.3169529346613,Slim,L
55.98920131025731,26,160.9421867625464,104.18666549199986,138.82214842328986,Curvy,XXXL
66.87110910370043,49,163.00376492620637,75.80252631801022,100.29115105243302,Curvy,L
70.500673197183,21,165.00299573720372,69.16453764342165,97.14877571574795,Curvy,M
77.20700413093674,29,174.8251384222687,89.33249181271933,117.91651523264377,Curvy,XL
57.56705762074015,28,161.27132367786126,67.7616712239215,75.79943373938991,Slim,M
69.93900402328451,40,172.3211964155891,88.22719338179304,115.3385421492359,Regular,XXL
53.754413859724316,27,165.0602835007229,76.25931989067473,91.46059401278704,Regular,L
46.745886402728175,47,148.31008544056223,61.62966830731333,85.01998937906994,Curvy,XXS
52.88477494120091,48,165.04236550436042,66.19530620771604,86.36751287176946,Curvy,S
91.17297168767037,29,184.9289386082384,63.517616798191995,78.2041347522074,Regular,S
62.81275106661826,17,164.8539314648233,99.93622186721863,136.90275449992558,Curvy,XXXL
59.38975554882452,46,172.54533578452393,59.22438552970444,66.64670460606887,Slim,XXS
66.76214935567927,34,170.83954951027945,64.60989216548771,80.82147702437652,Curvy,S
69.64645458746982,67,177.29253500196856,80.0386687654931,85.93940294484965,Slim,L
64.65414298081939,22,160.25875874700228,103.81296827225323,138.4434285103839,Curvy,XXXL
54.3715071966238,47,165.19841660821135,86.85007238584114,110.51939956699393,Curvy,XL
70.56227872945517,19,174.2928681780108,78.21381079009169,92.74101284415602,Slim,L
78.4398960816822,18,171.88168505913706,75.26410513450541,99.78115189529846,Curvy,L
64.09132193982,33,172.51792548030542,78.98704256458836,88.98830181906922,Slim,L
62.86669720602444,49,174.95156719094774,66.14485042039459,75.86761909288694,Slim,S
62.954653975660364,42,169.1704509184846,65.32033582782732,91.68199740572261,Curvy,S
65.77033825940775,24,168.07917023944796,76.86289149793637,86.0144719630296,Slim,L
62.515491978305064,47,160.1648376117699,76.85383708013994,87.05467488803335,Slim,L
79.10223040254776,54,187.09384612114047,76.21576883662742,82.69985915251988,Slim,L
78.10217464568143,57,172.91130219329762,76.41453855508887,86.76985793070487,Slim,L
51.354579362932554,46,151.84302532003795,91.0980412290995,99.02830969625501,Slim,XXL
72.47682474245138,51,169.54303679178597,78.68814527057516,104.89607722688201,Curvy,L
57.8417832463083,19,149.176443706475,72.61965476790353,89.41023356719548,Regular,M
68.91876015670015,20,172.33145141044986,72.7337733986256,100.94346546903161,Curvy,M
67.2575825297962,61,171.5100533363629,79.39848367413563,91.81327077410317,Slim,L
53.972047373692426,61,163.39869906922593,66.8471179859074,90.91522836756593,Curvy,S
55.91198293725803,26,171.11450378118724,71.43830195728314,99.62521166600176,Curvy,M
80.77061846864315,69,176.79499610679625,69.03919723081425,97.10207060506718,Curvy,M
73.19781363139235,19,174.83558644804535,84.71210027080357,109.41010443621039,Curvy,XL
69.9205158469298,34,164.56091085394291,64.34664508035817,78.29236765646587,Regular,S
59.8270596138266,46,162.6572954744856,76.03970157633437,90.59949222468926,Regular,L
66.28924194227665,28,169.31198480210975,72.9528418800045,85.84316845664621,Regular,M
70.14408199558584,18,179.91085995871714,81.58652622060423,94.62476889864023,Slim,L
80.65399787722754,65,174.4271189506397,68.05071186762918,83.86663022160153,Regular,S
83.20822211058332,45,176.5604019809286,76.95827489633085,90.64389498069646,Regular,L
61.82746730720037,16,163.06477797107843,73.96117428030743,81.62592093512339,Slim,M
61.232717145981994,46,160.98332980315465,95.00571686978711,120.91813448408209,Curvy,XXL
66.95431862446833,61,161.10574394444342,60.194708412366616,80.72488494483756,Curvy,XXS
45.69164319540357,30,152.9545022550097,71.11191573911064,83.95723577442988,Slim,M
69.67640794224629,65,165.72254938224862,88.52933774883059,120.07631523196908,Curvy,XXL
59.84043615571315,67,174.39034204193607,73.63069709765308,101.13460502339586,Curvy,M
53.81453818598872,18,153.03185257536177,64.87792974341204,77.35033945641102,Regular,S
53.03397240374739,27,154.961932446496,62.5764764847156,76.25959775883827,Regular,XXS
73.97696628099705,64,171.28720853000885,102.63841775079679,125.44706491472303,Regular,XXXL
53.862380227028986,63,154.48220482112797,65.31273072852784,87.8393253888793,Curvy,S
50.80535247711595,36,161.59306005399492,55.61410188961564,72.52458022181463,Regular,XXS
62.358255309597396,40,164.19757120234328,78.78493599577749,102.96420293909584,Regular,L
68.43194493548127,61,167.2732237879988,103.06905523988962,116.90734559768761,Slim,XXXL
54.501325786597825,60,154.84901632962422,55.6891777754033,68.56354616999081,Regular,XXS
56.571621125600394,60,165.18442840607423,73.36384601785018,92.90198133985457,Curvy,M
64.79828608038156,61,163.09215411736483,88.64834715022708,126.6236347584208,Curvy,XXL
58.515544220346875,30,172.80002142067428,91.6168278551997,122.42758808604167,Curvy,XXL
47.528647441876366,62,152.59628925098866,74.51590116214756,82.14844189975481,Slim,M
61.65370388380182,65,151.20844368758293,77.73219378275425,105.87758107028611,Curvy,L
67.17799131119676,53,180.17674525399352,64.65656864106319,77.61573527742269,Regular,S
53.49848449297109,31,158.73832352252336,77.56765537476589,103.80570003526523,Curvy,L
63.34862041409124,38,172.4432191799312,80.56098937399969,99.48732297204934,Regular,L
66.51954687447356,28,172.6148339210666,84.2038683895531,101.8584071825279,Regular,XL
76.23021665553611,17,172.0021817093029,75.25789426781132,89.79869922157913,Regular,M
64.0665638427889,52,161.67922887053157,72.10382709874746,95.36485547103364,Curvy,M
63.39293930257694,19,177.66920743091032,87.16075234533358,96.55272908923322,Slim,XL
60.59841675110014,36,166.00713115867,90.17256717488577,104.04306093878739,Slim,XXL
62.08009919086561,65,161.90985293456444,83.04535776527659,99.11141156693223,Regular,XL
61.01398246937824,38,177.52162752654212,81.00416615643286,101.68446120790392,Curvy,L
72.08723473201995,62,163.94659603894397,68.54831352625988,81.73661262917761,Slim,M
45.613613865117074,33,154.38984138034243,82.05902645788528,100.30901239800656,Regular,L
60.301008094959414,63,164.36002838521517,74.4634412913398,87.68555132713338,Slim,M
61.135601450383355,54,166.82726306150593,91.3797270226117,112.8061650980914,Regular,XXL
75.74639273880844,41,169.19468539592225,67.94514787132088,81.1832740575558,Regular,S
61.44062406827236,24,160.89897649487554,66.68096239997558,91.14864213204305,Curvy,S
61.670995148388236,42,170.55194635825637,76.61800286520642,95.77591574146714,Regular,L
59.13719474587589,38,156.228177163319,56.78623098948603,68.1215188418773,Regular,XXS
57.44050945157569,45,165.30744808930834,73.37941058612157,94.2009606646239,Curvy,M
45.14730035786734,64,153.17230164245797,86.0629176089874,115.64520825817165,Curvy,XL
65.01875628849413,22,173.065160776957,81.86212018341006,99.56480186890045,Regular,L
62.33085790245922,25,169.5847215329963,73.50227215137659,98.75162423244183,Curvy,L
63.914243486296094,59,167.27986388114232,61.34939203531205,76.44749825158318,Regular,XXS
59.9492096787272,23,171.70858032606486,80.02640758284701,108.46449550085913,Curvy,L
51.897839326746904,55,165.16714258474246,63.78130614403365,81.27280065590809,Regular,S
60.155682311570395,21,174.83675458090804,78.7349615087729,88.8050981287317,Slim,L
63.489265035218054,25,158.6315428300108,94.7412350243274,111.54044640709661,Regular,XXL
63.082026646752404,46,175.40201007671357,70.38427881239309,86.28020223208105,Regular,M
67.17665912279811,50,166.7724149537007,89.12709118304089,113.26279819668837,Curvy,XL
73.12125321633278,40,166.56869367709393,89.33401234221435,108.74751561372015,Regular,XL
73.79666212345138,30,167.81242646460078,88.88306641881552,123.32091505989578,Curvy,XXL
64.40502313280751,26,175.6698675160376,63.793533989399386,84.74007772658008,Curvy,S
67.88311901440147,25,166.69976615713722,68.65599358719102,87.60570134108343,Regular,S
62.033921033300416,42,171.2588691170021,89.09580559691784,113.72658007559826,Regular,XXL
81.37918899442045,32,174.39994189506842,82.88587411948207,106.90329433998002,Regular,XL
67.03675255968982,24,172.57822820969778,83.93720488945529,119.09401893806093,Curvy,XL
66.48494946695274,33,176.44476902917438,73.8563668923012,94.0997368687095,Regular,M
52.19873652074234,49,163.49369439514055,59.20438642384785,78.82511222259258,Regular,XXS
70.78032463665053,28,181.9234747281298,67.37384206468252,80.77612494513052,Regular,S
84.06186140516486,28,181.78997198076843,80.91082868976135,113.49820362808454,Curvy,XL
51.54935089375931,58,160.67231990462358,65.93047991942355,80.09412743885727,Slim,S
63.98901929905795,48,165.53316581927947,77.15765290751465,106.05513969742084,Curvy,L
60.61295652076308,44,161.20242420935529,87.60005212200429,99.97992704619662,Slim,XXL
51.48628247009176,45,159.87771786495986,87.83758664732669,93.85585359415049,Slim,XL
64.67463792463465,47,157.24790626769894,79.28797350587672,103.60572398184654,Regular,L
68.15885605673725,18,162.7968631026735,72.11035559142998,95.83155683208898,Regular,M
56.58842929346938,59,167.1473231023461,67.10075846218787,73.1168777744495,Slim,S
66.56367267738509,38,158.64855885250788,99.63306218562325,131.11920551174848,Curvy,XXXL
59.597502307418516,35,171.0974030695899,71.08590911184614,82.17841818667667,Slim,M
71.17149755887003,43,167.51681326996325,93.26805507230647,119.1736632909063,Regular,XXL
91.01458350235038,57,185.54816123114426,90.90260720346987,109.78619324330636,Regular,XXL
58.56693646826365,46,156.59978289811755,78.20920093014803,109.66386472738809,Curvy,L
72.8256016618628,54,165.9822211941659,72.2468951532977,85.79896537439106,Regular,M
67.55901241644678,37,161.07778006522867,72.04846340916052,92.14203044843606,Regular,M
55.91349805212374,36,164.05241823867513,79.58848076159612,102.20161068618935,Curvy,L
78.69963795027844,32,176.3757102150016,84.86876348221568,102.21761578119586,Regular,XL
69.90107178149579,32,164.70943012191708,87.25026746924293,99.43985501982486,Slim,XL
65.42921398292725,27,170.4952595004057,75.92269092837897,89.68843353757404,Slim,L
67.11462360694748,51,159.48572600414542,69.29306896157789,89.74992717331264,Curvy,M
67.25973971657388,69,176.36791502666284,72.6446583650552,92.08665881057603,Regular,M
66.80542556525407,27,166.93920981835288,69.18803172949984,83.85956814956435,Regular,M
57.833269458882654,23,173.57892236838032,72.55304807312719,93.36625183413776,Regular,M
63.106594731006055,50,163.8188246970717,69.76366625047855,84.40062058897483,Regular,M
63.87889896225279,33,168.42439407088378,81.40349196047896,96.22093271691692,Slim,XL
71.69056438103651,52,169.08237771548042,59.382169307688685,65.07146725151287,Slim,XXS
52.32740985682967,65,159.98536055010607,78.65419796378055,104.3789126105606,Curvy,L
54.78258090815817,39,166.3859255489518,62.232531874175656,79.59580107912639,Regular,S
69.71326866234735,57,173.52337730552068,87.86593431148653,101.96952626874848,Slim,XL
64.0411180941768,37,161.34688294473415,58.33650968115146,67.80981809224512,Slim,XXS
44.62141179834458,65,150.7765745791071,77.24730476610124,93.89051341431355,Regular,L
59.31504667355445,44,164.9057800074554,98.24904352646571,125.21815275646227,Regular,XXXL
62.62096066575349,67,164.00835271528948,75.79870141545913,86.53628991193354,Slim,L
73.76832453833269,18,171.41921643298613,80.11563478855082,96.20869368893611,Regular,L
67.84802939313636,68,169.69055641481972,57.104110145872006,70.16852789786827,Regular,XXS
72.99153808019062,39,169.9286584876429,85.95425653763796,120.42224621013528,Curvy,XL
73.60913294006536,57,184.56749011980153,65.76540444696816,87.49295286124652,Curvy,S
63.73296560072429,62,158.7364929585932,62.485269960380855,78.44506762145726,Regular,XXS
62.23923074756067,37,177.72597903643134,72.34057276148364,85.6896273237355,Regular,M
73.89592099934606,69,175.84798672684488,68.90985586135912,94.37490892461066,Curvy,S
75.39324888838962,53,170.23367309183215,67.11509732285998,78.93910067201745,Regular,S
63.53234401219063,53,155.9022262463879,80.09488526851305,96.84858176384279,Regular,L
74.34609681622754,58,169.69668011251306,87.35684084886968,113.2858338062138,Regular,XXL
65.85688369827074,34,184.00240079231307,92.69162234781292,107.8543384120521,Slim,XXL
68.34387387630069,67,160.1440262521325,65.03128906689795,85.8246292307513,Curvy,S
68.06695873812312,55,169.86774375725895,78.81284868554654,101.69526942442023,Curvy,L
78.76604449167928,29,175.7147531709741,76.13873260189762,109.11142131563228,Curvy,L
85.88091457692656,30,180.27533612773152,79.60304479622698,93.43226542362515,Slim,L
59.30262012473135,20,162.4258966436065,71.09066493480978,96.9537516537827,Curvy,M
77.59649213518401,53,174.05162411867312,62.25680604435727,85.82134809768384,Curvy,S
62.22594730355718,25,168.82580896160223,83.86184636263042,104.29549815780105,Regular,XL
69.53087899996417,61,182.50768518850614,82.18817131081005,96.31174922994593,Regular,L
81.47523362155654,65,174.8718943564156,78.34747432165241,107.99041640604558,Curvy,L
60.522167303685244,56,172.6265551034198,86.02298661603423,104.23191942941183,Regular,XL
73.93902956569451,42,177.43648407702875,73.57993674641583,93.44057521563597,Regular,M
46.519203765994604,34,155.41665185492727,90.27930965845378,107.02080274365198,Regular,XXL
64.7721804806423,39,158.52729567666827,93.13490062204414,123.99004827485722,Curvy,XXL
59.145726896916656,56,167.92196832621525,72.34763726012558,81.64553634718887,Slim,M
84.29109091181579,44,178.97596753818175,59.51836973611162,68.38812608423727,Slim,XXS
69.73573725420461,45,169.2508824667611,72.27510965641909,80.6038274208527,Slim,M
68.84395122789016,65,160.19353200883398,81.51033175622106,98.92352496221173,Regular,L
64.76069772407537,17,168.77419603866724,80.83946546992476,101.39981814496703,Curvy,L
57.58793127583082,19,165.10202305811737,63.49180433583801,77.75289869408503,Regular,S
51.182922721109975,34,162.0601990681219,71.02388211563132,76.81921684472579,Slim,M
71.3981246124997,55,175.8154476203168,64.45980490000214,75.63851659081732,Slim,S
85.94398233053927,59,182.1665450115898,69.16423586740348,80.95756124351284,Regular,S
70.47269793668353,49,172.42624395331174,71.98559700546534,78.11406246758648,Slim,M
68.60468204871646,35,161.4284160076433,85.23630447534013,98.55042183596522,Slim,XL
71.29499915832339,69,166.2802621923695,85.67130093196958,112.82787235328338,Curvy,XL
65.00053736028713,21,172.2027745096272,72.25543039413435,96.89048068629553,Curvy,M
65.39245238533678,41,166.90953607463825,81.16764996400067,108.24572356369396,Curvy,L
72.69064005331077,19,181.25882414595532,66.69482663063226,79.25700495742161,Regular,S
78.0331974288662,55,170.6059592240594,70.64835283002698,88.10849094300667,Regular,M
55.26657648469979,45,159.03579739303342,75.47060462801444,86.33651920798698,Slim,M
70.35949622131369,41,164.80779915630012,101.98708044879729,127.48681971929774,Regular,XXXL
75.01151052256944,28,178.53977140542582,65.15191464407152,73.01607190875848,Regular,S
67.32911471623252,59,171.67775518973434,64.11232061735141,78.73204818713756,Regular,S
63.48476371860583,37,165.43607847185507,107.10543784722711,132.34803812679837,Regular,XXXL
64.80283492606776,60,169.1346018116902,61.71531214153996,72.1725062438892,Slim,S
63.71885829494808,60,155.31395453211812,71.23611671165585,87.22935649626328,Regular,M
67.04585338485084,54,166.6687927952148,85.32230246240033,116.6500420879144,Curvy,XL
66.91281183778966,48,162.54614223776147,88.5219473057697,100.58630425156034,Slim,XXL
43.620830664252196,42,151.50592213065096,56.85839184532203,69.37082791232524,Regular,XXS
68.75876632591817,43,167.00839995363998,80.5525785280788,102.23340613871703,Curvy,L
75.19311367580423,32,171.05906502599527,82.3659129262113,107.45488485579233,Regular,XL
61.22399612044767,24,166.15503632054381,103.87684000324836,128.92399512012565,Regular,XXXL
55.916101427577786,59,161.49975301414145,90.58008147398844,105.5173460491581,Slim,XXL
55.02411937060987,53,166.59928547606793,59.07247424198988,82.60827791304665,Curvy,XXS
60.46852704126442,46,163.8820281639032,68.96963516399896,81.6517595576316,Regular,M
72.67937750153797,61,171.0435527936358,60.292156163256976,86.18657192110734,Curvy,XXS
69.6009343536585,43,174.35150393756032,73.51508875416286,86.84455817614885,Regular,M
88.22170056366244,62,181.35713171930718,66.09075362988675,73.12943736430832,Slim,S
67.61414480223691,51,171.61265110633673,75.74075086016857,88.9899733254802,Regular,M
76.80855988934574,29,174.98748583778797,69.35917170281807,87.96795486610891,Regular,M
62.985411422536174,64,160.31063478859855,73.13782514838284,86.64769349004686,Regular,M
56.05231746769075,31,168.6770606868993,72.94567916360857,94.11310973865504,Curvy,M
78.6238900856596,23,170.79828461052463,64.5998970763123,78.27901318080126,Slim,S
45.03796650598861,21,152.3041758209056,65.55275234888734,84.0451989326386,Curvy,S
56.46464926204058,52,163.74851231959883,89.81407186507725,119.8727360001718,Curvy,XL
66.4838058724706,68,162.72438557309647,72.57197789215702,89.2071343430015,Regular,M
70.88176323566974,20,168.85768156267125,94.77816973835793,109.11566917663218,Slim,XXL
70.85717266875889,31,170.80194938241846,81.96250742449722,96.62895858193521,Regular,XL
73.18461865139298,47,182.22600424704905,74.09884911885963,91.2703504035024,Regular,M
62.98596414689979,20,177.25852771226695,63.40377657680635,77.34347472414476,Regular,S
48.53276021626974,68,154.0642150026883,83.732657820355,97.85289291930165,Slim,XL
66.65687001458384,26,183.1548189298573,78.07848410784234,92.60911656251997,Slim,L
59.52303548645538,41,171.51990673255895,70.33173173387641,79.0857566873749,Slim,M
56.82192973463522,42,171.365194950167,78.30269420581044,102.02881526530308,Regular,L
75.8450702932011,17,177.23121710995446,64.80747263493647,80.13274794941945,Regular,S
71.33006941704521,21,171.57387539531416,84.30549056526347,96.95939536436673,Slim,XL
62.38456247260025,33,155.75158040327707,77.58692916101313,95.21668793584429,Regular,L
61.80618533588955,23,179.4629353527061,60.51069187171213,76.30925135077892,Regular,S
73.87395289577647,64,174.2278145536691,63.86296970647265,73.76207772815226,Slim,S
63.39735459562888,49,164.4458607277904,97.02363143065577,127.0420467346679,Regular,XXXL
70.30577266408599,17,178.11052762727434,103.49815003317872,128.37580958019305,Regular,XXXL
58.13793744715719,62,166.43565057754603,93.92836375618363,102.76932477710258,Slim,XXL
83.32087014992122,40,178.25880608940975,83.9006060474266,101.14637421214415,Regular,XL
61.9038447957977,66,163.18421057069952,68.78926944190837,86.53902091620256,Curvy,M
65.33826006523446,20,165.21771079852516,73.38747429692307,86.08820060066303,Slim,M
75.63217404679736,27,169.36962998588433,83.20418752776638,95.26464816724001,Slim,XL
70.48236004068708,21,165.0028478624402,86.62234667142752,104.06275713869529,Regular,XL
75.79866791764518,59,168.11138923086415,72.00377228413355,91.15751412544361,Regular,M
58.70830664642624,41,173.34958615635992,64.74748260519209,74.64618208633954,Regular,S
54.25602458216678,55,166.76595301653649,77.38501238960274,88.62334532717458,Slim,L
62.71316728070643,57,172.85041549854245,96.83328645771884,106.26293790637095,Slim,XXL
50.278366330480424,56,162.51713955761704,79.6025415247239,107.27310122533258,Curvy,L
66.82121328041734,37,171.47258410056682,66.31560053016581,82.44213832512963,Regular,S
65.23303622336896,46,167.60318146921813,91.54554258562142,111.94475387842323,Regular,XXL
81.38869073887976,29,182.79462546224093,73.19647747768946,81.4409162405612,Slim,M
58.82931716728461,46,159.758899836822,100.20233033946404,133.4830009783095,Curvy,XXXL
53.26139430694437,47,160.58599368002342,87.04109170396623,111.23029388126642,Curvy,XL
58.0629597354325,66,166.1245168572853,53.43066164089872,66.65545166823246,Regular,XXS
70.72460202023915,51,164.60060174044455,70.82351479862544,82.23400369217276,Slim,M
65.70722020461109,41,168.94682799987197,67.20795155515415,83.26739242368319,Regular,S
68.47454878592008,66,173.05267088884685,68.61839621168046,80.6323611783364,Regular,M
65.54428883683063,24,169.970728717336,77.00682351665162,93.21306071644139,Regular,L
70.12594437133616,55,173.71199422069142,71.25441469292448,103.23499208144459,Curvy,M
57.04008173137903,36,170.21113098932165,63.58055027912162,77.23234376484953,Regular,S
58.11772479610857,67,163.9660854047943,72.07410828124648,87.31199974611108,Regular,M
78.2806267970188,32,178.01840565147228,73.08415394722633,89.75632889386557,Regular,M
67.73339449667081,46,172.86138393365616,58.80689527564532,73.09230788197044,Regular,XXS
71.71633052106881,19,181.32719790609033,65.98917857008173,89.53543240513822,Curvy,S
64.62798429417947,43,175.4264304733283,71.27943850928065,82.39928180138334,Regular,M
57.359187332436385,16,166.16874389075505,77.41772812242874,104.56555236932024,Curvy,L
73.93214241855003,33,176.13258740361155,84.56895929222347,101.43184560577272,Regular,XL
49.804231560225446,23,153.80244382388827,71.02088519984113,79.84189256044587,Slim,M
92.52137606494432,22,185.82183740689098,81.06728254255154,92.13370065328601,Regular,L
62.879479497348534,66,163.88843481965904,79.46893807781164,87.11960763907514,Slim,L
62.54325019811099,61,159.25451803321317,60.84118764931117,78.6258956337701,Curvy,XXS
74.67371576053593,69,170.56407114242126,69.3938982754791,87.46286089412989,Regular,M
66.88551303827302,22,179.4840307480679,69.75110706487303,75.56516253023747,Slim,M
85.73300323353676,34,183.1569709527332,73.80019304279554,94.63544870161249,Curvy,M
69.75909793996675,56,171.2189727181246,73.90960533696556,89.90865610187257,Regular,M
61.06425276527854,55,168.01211533356442,58.23197634843005,72.5247590138274,Regular,XXS
74.11979205262809,69,172.8429989754494,86.69341863780123,106.91373669365147,Regular,XL
50.17037652925991,42,155.65096255104385,53.30556610639483,65.33813178375702,Slim,XXS
77.5439469114324,48,171.24282311599043,72.11573169238324,89.5031350139032,Regular,M
52.525803200934604,31,151.0194081689917,70.05912891404888,96.82709105820219,Curvy,M
68.81708587403301,34,161.17774742652185,61.39677784550283,84.77482830474418,Curvy,XXS
52.27020395299586,57,163.69677591082183,88.94234227949435,109.8886789163423,Regular,XXL
58.35126871175372,24,174.65053374312734,92.38798640737937,100.75808746687157,Slim,XXL
81.78142227850361,27,181.16265318737453,66.73079739931883,81.54462825980129,Regular,S
75.33557781218174,24,169.92578781300472,59.2305003381021,73.09880910717727,Regular,XXS
64.91966956965081,59,156.15727707192724,74.80846440649152,100.83606276867238,Curvy,L
54.44471752512888,52,165.01551037706292,89.5268454609986,116.33369603645716,Curvy,XXL
74.82736389199364,52,176.7857149470295,65.25749964783964,83.01162475447187,Regular,S
68.11737357962313,23,173.88242623367105,77.54297814877205,97.768230208737,Regular,L
59.45677216549571,25,163.7465605626488,85.44349735705983,102.00342172333528,Slim,XL
52.26320324802232,58,149.07209043483692,68.31833990978097,82.27407412876099,Regular,S
61.73581731658651,46,157.5730294082452,99.97540593769352,139.78639668067476,Curvy,XXXL
59.13327817477804,57,168.4608641529275,81.97527226962525,107.80336384648356,Curvy,XL
48.31701102970254,34,159.02108689899939,76.45690097498564,109.72533787778045,Curvy,L
67.97013415156158,59,164.455660312631,72.74122631101741,81.77329203736961,Regular,M
48.255697734852056,43,154.5413685506256,53.83976396158292,79.2685720037264,Curvy,XXS
63.010309524745026,51,171.73678163972977,71.00368277826198,101.77668604747646,Curvy,M
62.57261757832392,68,162.06194581919107,73.57012747353072,85.48046258353466,Regular,M
61.02631152995759,38,173.0159583560847,54.77455891657752,62.77939569011314,Slim,XXS
69.11756118852405,51,174.14800970480348,83.04466485643567,96.44200790431302,Regular,L
58.337001866909596,20,171.17668891090528,85.57275467308395,98.16374766382184,Slim,XL
61.49166495852041,27,177.52387053506743,88.48324077615798,99.74022559524643,Slim,XL
53.05460416741494,54,156.03498340503492,61.53681045425216,72.40252451393702,Slim,XXS
60.360879047125465,55,173.87563832274665,56.92881575549895,62.51135473924807,Slim,XXS
62.70607497577087,16,160.87676643143251,70.32521562825336,89.5082923616125,Curvy,M
55.581335239865986,37,157.39455595259778,74.26152555584898,107.34887936303407,Curvy,M
61.236558274517286,22,160.95884662642183,89.37850933844184,105.64041909307757,Slim,XXL
58.39747261443546,48,172.72986714681446,70.77494839711039,97.27512225912476,Curvy,M
56.2086778368798,36,166.64551004764343,77.55569414565099,94.17170777929321,Regular,L
76.26428182716293,49,172.30091092103754,90.47180517871892,103.01398783827253,Slim,XXL
61.870590386650484,68,169.69752923628698,76.86017278479902,98.2789855889125,Curvy,L
65.70092920576211,35,165.6468604372016,76.6371085798677,111.86499663687718,Curvy,L
70.05379880638914,47,175.52386030321887,74.00102660259303,90.71344212950936,Regular,L
63.639046239861656,18,181.69246037805726,69.5708217320053,82.05149576678477,Regular,M
58.65556751461291,17,165.62210571677025,65.42809953884402,85.3646820550753,Regular,S
48.8813952560473,17,159.21684066948532,79.72723116330187,97.77455620378898,Regular,L
60.93958664473413,59,163.42048804516497,90.60429334309892,104.02616626795002,Slim,XXL
72.66607112996414,52,170.12276412064756,63.132829422737686,70.39872139329833,Slim,S
51.5896133096011,30,159.5794291343785,78.87576076438499,98.34631137689551,Regular,L
72.90915653134478,55,167.94622706972606,87.62467195912616,107.1579674537052,Regular,XXL
84.49703820466861,34,183.82246117004917,74.53210649849255,94.07385049070432,Regular,M
44.238148700045954,44,151.3394358103792,78.64922994094353,100.42780567862539,Regular,L
64.37187713082491,40,163.08686752122816,59.72501830745072,70.5035630350655,Slim,XXS
73.79882450809579,20,177.76023577655533,79.34182702063605,88.15931008818066,Slim,L
63.39961563516225,64,158.16951135483475,61.220108206659354,74.54706554214773,Regular,XXS
58.157497656674394,35,162.06959085098492,72.64083640656159,89.57913282790483,Regular,M
76.24989799796177,19,179.8007503495269,85.8114458820993,96.36610485095649,Slim,XL
50.010700641345444,66,158.1178967618952,75.5231851315908,97.06295240755514,Regular,L
77.83826710869613,16,180.77230549843597,75.70508600255161,84.92721538916774,Slim,L
70.22712490031311,51,163.63569880795075,83.73920148169599,102.18621063225942,Regular,XL
62.898553436799354,27,161.27268991335217,81.95147632179466,87.38304935919277,Slim,XL
68.04321357228231,20,168.78559121686777,63.998041147391675,74.24541541346433,Slim,S
79.7610230953184,21,173.6044206860386,62.75997987726022,65.22276373108616,Slim,XXS
47.772423391580816,17,156.53685551483963,64.85926241570762,73.60167756394735,Slim,S
75.38121036488215,39,167.74864881733976,84.9369368693387,114.09361536894612,Curvy,XL
67.89775200796615,35,161.65481503585292,73.97798373367606,92.05584868295497,Regular,M
67.78870403350462,22,174.58848387952347,82.51357347353637,108.307067721237,Regular,XL
61.79071268778859,34,173.12543226079072,66.7492691897085,76.28012727807445,Slim,S
90.92179350265492,63,183.76662277627955,86.25030060460341,115.38082397955405,Curvy,XL
51.61817760594603,59,158.85800891417549,79.29571866397465,92.92526171155033,Regular,L
46.94560364213622,61,156.83814600541825,66.63219382261212,80.94893550995192,Regular,S
67.15176804846543,67,184.68431760291085,83.83927060283841,91.55709121261272,Slim,XL
53.695815165682,48,160.97332402787083,64.37154851028227,68.02445847959038,Slim,S
71.41964443881315,59,166.21064256809396,75.00989575419136,92.16320117498539,Regular,L
61.6451846193562,37,166.53970644611698,81.62036375044251,109.98650142236093,Curvy,L
69.10684973303508,54,172.0674821009147,76.31716709733125,81.68762117366265,Slim,L
68.12418080480099,29,164.9197915105235,70.75490777235801,87.04608390239994,Regular,M
60.12335674465374,63,160.3222116966997,99.35221269467633,123.9212516751462,Regular,XXXL
73.16434230474441,38,176.7604115513976,69.0390759804501,76.69806602703264,Slim,M
70.12952740912912,38,162.73400991419518,72.76026285156316,101.63576711237062,Curvy,M
52.58358862407955,61,165.08246743293844,86.72255889163831,109.94797415965365,Regular,XL
82.02387528608763,22,177.08331339544048,84.33554908895319,107.68704103200548,Curvy,XL
62.26719993552628,58,166.5624166467144,74.12494584960429,88.43768187056644,Regular,M
63.31674234697665,55,164.98668004254418,86.84876347973197,110.54447454984096,Regular,XL
63.7951635016287,34,170.00297754121658,76.21107848560894,86.84545379222243,Slim,M
65.17850957115564,16,167.05121153896124,72.80413164601882,85.43233281955442,Regular,M
70.49898902672665,16,168.43611987559706,70.37543954216419,79.49215699276206,Slim,M
74.20108720892298,24,168.69388585614638,83.51991495525405,108.61864906858403,Regular,XL
46.709064448889364,64,150.46584586349806,70.57726571099016,83.61371618239689,Slim,M
60.94549089551881,19,170.45466454555364,86.76361668722474,103.02625480617372,Regular,XL
66.14632092402141,48,176.404035750183,84.66023402889337,96.94713867473453,Slim,XL
58.6322210278084,62,162.4901397371953,103.10882846690077,117.78326552930332,Slim,XXXL
65.40441261514187,58,158.93760690292083,71.55699742627762,84.0758933486551,Regular,M
77.0041679265847,19,172.32709544003134,87.30563386221849,113.87357384514866,Curvy,XXL
59.352601221884115,20,166.76601895766734,60.75975055011754,84.97425269777482,Curvy,XXS
53.54187674913558,62,167.73934537941443,68.0905482849613,81.36761590464056,Regular,S
70.42821729418009,23,168.16888474270527,69.31709950210113,84.83189444837316,Regular,S
56.677765348825126,63,164.87294463417663,72.78326681709815,104.4855935560867,Curvy,M
69.74248226946827,64,171.61692099007627,82.11212733764056,105.99354461261669,Regular,XL
70.68094003247714,58,163.53482963629747,78.15921916832036,106.226419179569,Curvy,L
54.41466040877948,54,158.65520939025907,66.32320005359814,68.83580374346678,Slim,S
45.95566220869365,18,155.2628506343392,105.96123114234582,117.78266949501084,Slim,XXXL
49.77024231290522,51,159.465134701628,84.43970702242112,101.97184016398995,Regular,XL
65.66704679678425,46,167.11983856115788,66.1073900633975,89.01284461303221,Curvy,S
66.37618951838252,63,171.16676404364793,77.85890277303382,101.79827961231878,Curvy,L
70.9129227485658,50,164.19112053543253,86.70347017146777,103.52729220884241,Regular,XL
73.97245256833298,44,166.2096962516574,80.05050809620438,104.93605515255649,Curvy,L
62.24977699740399,53,156.25454238944644,80.45904344046171,98.70572291883032,Regular,L
59.32548009401798,49,173.6526115161762,97.5769866807938,127.72955449625114,Curvy,XXXL
71.92640796439164,34,175.79531657165307,73.58545662115593,103.492948901083,Curvy,M
56.64325983813599,53,154.17508592142588,56.731552088069435,75.39648338059105,Curvy,XXS
65.96042748401706,23,184.43867930224303,64.9373022748648,88.16751004257632,Curvy,S
81.38848734805828,49,175.05367374614707,70.17286995182525,79.96693253553133,Slim,M
56.5509965929957,17,163.63158088983832,75.1025857140713,90.01485283099865,Slim,L
71.45298738287995,65,174.52290693537583,77.57573766576603,94.76313199140425,Regular,L
71.91223958408291,61,173.9083070674058,91.54399082621876,111.94198754991471,Regular,XXL
52.99721586549992,16,153.1128584424273,73.1957218790278,100.50652466835712,Curvy,M
63.37802829527221,36,170.19806216736535,76.62433668527805,95.97957090285733,Regular,L
63.28938516021265,45,159.3550732890075,74.88997572168557,94.28089223059482,Regular,L
78.29869811886537,59,175.05004991827434,106.78503166979101,134.07787138885772,Curvy,XXXL
59.45179108466829,55,174.1751645078566,58.248945390442664,80.39978414836926,Curvy,XXS
66.6064152269169,53,174.09846207628811,73.33546206958637,94.70775370044841,Curvy,M
65.36534453032706,51,164.85230988714594,57.15827705318583,76.05642371918451,Curvy,XXS
72.56253472957619,56,164.88495584701587,65.4293248748281,92.86738315668157,Curvy,S
71.48768795479315,30,166.68386399410142,72.0618739896049,89.90919424531168,Regular,M
64.01230536618921,55,174.99114210948017,94.50547807417395,107.29877339591171,Slim,XXL
61.894549204689326,26,161.87089175144175,67.49447631506439,76.06961174635619,Regular,S
68.96529318829053,16,176.06808508395252,70.71429761408663,79.5128772894827,Slim,M
59.82187438161945,62,168.17151464966412,75.56719620495329,77.91049734470278,Slim,M
61.113832281511456,52,161.51912974034138,66.48545804459364,83.32999694147587,Regular,S
63.09268610095915,38,165.19881898667717,86.84362987699878,94.65776992971917,Slim,XL
57.503998359091774,41,163.28405967965114,71.8154147427339,80.33387094049256,Slim,M
73.03912638681399,48,171.12557802957056,91.9475449841996,125.89223540095074,Curvy,XXL
59.34962379359546,16,167.66548140366007,77.51555484110817,102.97488717361614,Curvy,L
59.442036340560314,63,163.00760316988968,72.90036737934923,91.03278782686816,Regular,M
65.49341811218879,42,164.36450979848598,85.3572419700488,97.70315523189811,Slim,XL
61.60105303179856,46,162.7184195699909,84.1306969927868,91.92913969727958,Slim,XL
54.82941864626703,55,162.0820104713155,70.14288430350523,88.5406524669723,Regular,M
68.0661035651608,44,166.56849442250896,77.14185793659759,85.61925174056869,Slim,L
65.24755815532234,18,159.65300412271702,66.29757833876666,82.02295078581852,Regular,S
52.35785896407417,57,161.47823558220324,80.35483795823761,105.81031781616059,Curvy,L
65.10753613594312,25,166.69501459917146,70.07829407565171,92.3768500457418,Curvy,M
70.23493395234914,33,170.04983832684593,91.6258424054928,101.68436137616966,Slim,XXL
64.26904643977595,61,159.9924167548066,71.95568862456119,92.22167006988299,Regular,M
69.00571431380082,54,166.24465470011194,73.41150075677082,75.55636366309642,Slim,M
71.21266601575562,50,187.13992475889887,75.13980718937297,90.98016517502124,Regular,L
64.29017736641406,19,162.2506831182654,82.54603948568823,116.26147535753702,Curvy,XL
59.64134010673158,33,164.01279450410163,89.08907417037727,112.70827744872133,Regular,XXL
69.19468525673196,26,167.36660319449152,67.28977303614921,85.5583136575782,Regular,S
57.96824642542352,35,151.19452506207043,89.3650344286923,101.4640840114859,Slim,XL
75.43009200974143,61,172.31607882395437,105.28724043439237,127.83107278564621,Slim,XXXL
54.43862413203788,23,167.84387651429583,72.91066954068101,94.75861792736633,Curvy,M
76.88379828975201,21,176.64270951528343,72.07055087219094,82.36318401036887,Slim,M
57.43591549152442,21,162.79851428580625,54.2939850670749,56.65771106864754,Slim,XXS
69.43258352124418,40,168.7089136524488,73.79001424636856,86.28800084845832,Regular,M
76.889571493311,61,170.12433339646134,85.89137077813065,99.82599523002771,Slim,XL
54.92059345984062,66,154.8003528826599,79.4393357668014,96.8813241202381,Regular,L
68.51919660216582,64,163.76875904877886,65.18397557866645,82.88259387859338,Regular,S
51.076892727975405,44,162.1726459986782,79.46485662636134,110.36907813841545,Curvy,L
64.8625292057277,25,160.50799899364452,66.19178272175097,93.97504899447519,Curvy,S
65.92794389683758,27,166.71289369349483,73.20230589380691,99.72297981354158,Curvy,M
64.06226558162759,64,167.04646836003647,76.25129193391608,97.90495644895302,Regular,L
61.87681409444832,45,175.0157337847168,81.92629107635018,116.62927678766874,Curvy,XL
70.85584731906756,23,169.61225552880953,69.4393587876089,78.4428707151825,Slim,M
75.43165590712363,18,177.73806986412148,68.9605394778426,82.76011158554698,Regular,S
64.74282827504358,48,172.50292427714433,78.22643556351827,103.79492762625175,Curvy,L
65.63733104391548,29,169.1894944495337,78.87850386294764,100.21454293394372,Regular,L
78.19385944192028,50,176.97947021342375,65.28859779812163,83.00215485775902,Regular,S
84.27581187905251,67,179.28762603928283,60.18664290170537,65.57405247402953,Slim,XXS
61.03401976578046,63,167.94559003526373,74.8825976243989,84.53068808941678,Slim,M
64.08564628399456,56,183.43366307407126,71.92870139589766,88.75519892780412,Regular,M
57.50062832704905,36,158.04588336846615,77.02757196122533,94.4185660264282,Regular,L
79.23227424166916,17,173.35936277439043,78.9981656186683,86.09597051194305,Slim,L
80.62696244620733,56,173.60216936132656,103.90118045637868,111.08232153484353,Slim,XXXL
65.55716370744008,54,165.1139949416831,59.80233522523268,78.70621653894246,Curvy,XXS
68.73070150445658,41,175.59671019959293,83.79620159721277,98.94572863890885,Regular,XL
76.98025848617227,38,174.19054686727796,77.09580607779314,88.17346461199277,Slim,L
68.86920151538223,56,172.74493643999773,64.3173206537922,87.25707894525307,Curvy,S
75.30664209411479,62,170.99299650889958,69.1598226220104,78.51839612049169,Slim,M
64.52894112905852,57,162.62720720238792,63.748961986423296,71.66879964476048,Slim,S
73.1778505411205,17,170.88507312604966,68.31899252951992,81.84532543945647,Regular,S
63.48897679528043,23,153.99941612275643,70.31688630561511,90.9269004644388,Regular,M
48.88832682616698,16,159.974210477165,69.40679736501995,83.06909802749578,Regular,M
69.43943602155494,39,169.29847502243143,65.01971422367077,70.25160420691265,Slim,S
59.51400707338255,36,169.7952207682527,82.72605991498655,107.74791315027872,Regular,XL
74.14340527987719,40,172.7062412423929,53.27969564867015,73.00894464931042,Curvy,XXS
79.8721437943337,62,177.10895833767103,59.55118527331783,79.07676165646069,Curvy,XXS
51.450911722831606,32,152.74307656491405,69.62238787683334,84.65294135985023,Regular,M
50.031631946306526,56,150.78592966862104,56.8636136794277,72.36163451655727,Regular,XXS
65.45933434730586,64,165.3180240108504,73.81199049660555,89.59017154731409,Regular,M
50.36007060054553,43,154.43610595463917,78.0321623756675,110.43654250333695,Curvy,L
63.51478924966395,69,171.5257684303185,92.85584499802118,116.61569504147079,Regular,XXL
65.38264112802894,53,168.50276340014918,59.408331664682876,73.37478609487333,Regular,XXS
70.87127742436533,45,175.54937095262912,84.92768763856402,109.7028213018318,Regular,XL
63.430624906175474,47,160.81603202585416,95.84357133280656,122.12126124931626,Regular,XXXL
58.697258431207196,38,167.370242611447,73.37109197583639,100.96201933690485,Curvy,L
79.50299737891461,33,174.70935388967578,79.894360034052,106.34701702570999,Curvy,L
79.2511303536345,42,180.15583749264775,75.94680699945965,86.17385458722933,Slim,L
64.09675484918685,33,156.19371075000166,85.54901800275171,98.58686050783817,Slim,XL
51.81382623728348,22,160.837256999789,79.7714914227583,96.17378434255801,Slim,L
52.573567818375615,54,157.3956543690024,65.70288264436506,72.46415841576645,Slim,S
53.5684001241037,36,156.8845552566247,87.33087486659062,102.29604955587672,Regular,XL
64.64962942515007,19,159.2633258696987,76.01720924139296,90.73391689349846,Regular,L
71.99582603390917,57,165.83570194836673,87.84495308293329,100.08046126767887,Slim,XL
57.88787939459418,65,174.2762125688479,84.6410500443967,97.65183818039256,Slim,XL
83.05749111076834,62,181.6728938454126,57.10656618265512,76.55959449738232,Curvy,XXS
70.1560023955773,32,174.56777879494842,84.23636646516007,100.37455616682591,Regular,XL
60.51693792501273,35,157.62884163972086,68.18745230674992,85.64528849557888,Regular,S
50.384176741067435,37,152.9043314146941,93.36517892962544,115.38332999425565,Regular,XXL
72.98172944714403,61,179.25280469899462,72.75406980338234,94.4080243218485,Regular,M
72.28656368021115,29,166.21345967881194,69.99600763362986,85.85119825860875,Regular,M
53.25341727165992,38,160.3061516777735,72.82631455646585,86.60003062601992,Regular,M
67.45645409157194,43,167.9419595710396,73.93172312023609,91.35513808710337,Regular,M
76.2947165190006,37,174.44802993199383,80.3181353576961,101.02511336266011,Regular,L
68.67469823288286,66,169.24114779722447,68.67205752221918,82.63859147425808,Regular,S
72.19474442726181,33,166.8507986428708,89.74037354557817,110.74327129055473,Regular,XL
48.974450888992244,33,160.0353885344209,72.47046588324662,93.53386037163034,Curvy,M
73.90052906415193,58,170.00859650086505,65.01801184989935,88.49854766516991,Curvy,S
68.98837601801102,36,180.82218054148584,74.76238790155844,87.10331049047585,Regular,M
79.60910039509594,24,178.68280234110247,65.56497364874551,92.06548255952197,Curvy,S
89.16271655675415,25,188.03328481069016,69.16596557671481,90.99904263190362,Curvy,M
66.99400843985396,27,172.61246832874528,62.7294634993084,79.44232961497389,Regular,S
64.27921233393074,55,157.55725629010232,83.80602780124269,100.6992314492591,Regular,XL
77.83399297990375,52,169.91904099698795,69.20901580838407,91.42324694291932,Curvy,M
55.60511537574286,40,169.6880680277698,73.37713637787152,80.50323086201398,Slim,M
60.295662568586174,53,163.14545589816095,74.18420313619151,83.93041388182618,Slim,M
43.99742351249536,35,150.2379158257098,58.020492599309534,64.52984583868222,Slim,XXS
68.4105243955224,67,172.05189980644954,73.58215869542151,82.8113423882233,Slim,M
57.65539926622011,46,171.9413028916052,72.19122764208666,83.03646906325558,Regular,M
82.08470081833637,36,177.4338624088168,57.461637549797,72.77801757633736,Curvy,XXS
63.587484273691544,40,173.5296481310768,72.00203919707323,78.1762341360707,Slim,M
62.515044836302835,43,167.36146087299676,87.80065299570089,106.57374703229674,Regular,XL
59.7444228610788,44,171.88631817187925,66.50657230615325,74.18844732225371,Slim,S
66.57272442286732,58,178.37153375082428,62.01209770320955,71.38534750006981,Slim,S
49.783839083389935,25,160.48902699399713,72.50871724723,101.23987503048403,Curvy,M
66.35772986973907,69,167.1478041470234,57.246061280950585,62.91982388010341,Slim,XXS
70.62102084676307,67,177.7362808876221,66.9333852700049,81.55996603537527,Regular,S
69.17382295886043,52,178.03981190504487,95.4959245240586,125.94263288410653,Curvy,XXXL
74.23069708451696,59,184.531196529064,61.58274780269035,87.1371958138953,Curvy,S
64.6873411607458,24,167.6455136527447,94.03996626079201,127.15241726876263,Curvy,XXL
76.50908360836097,25,172.82163754893722,94.45932672705246,112.64621753527432,Regular,XXL
60.93719511546736,62,162.6916211076501,67.99181109374813,84.38199058380899,Regular,S
80.51115085975472,16,173.72364125711968,72.46338904503894,86.31812947688842,Regular,M
79.54459281449621,40,172.1372920479735,74.28554563733071,93.61735667381998,Regular,M
77.4967980702442,49,173.8232055802173,62.70558656269235,77.38215832593997,Regular,XXS
65.35230929784136,64,172.66179308285894,91.29314247969715,113.31276797668907,Regular,XXL
61.77496117078756,53,156.5593974654402,85.76482041910602,98.66519262643604,Slim,XL
55.253028989373725,50,165.82022654491539,67.0057987586506,83.38527767118822,Curvy,S
61.07699153625968,21,163.5429087076799,82.8922349001621,93.88275873188473,Slim,XL
64.34754304770854,19,172.46870290624886,85.26513343562226,112.08890818523062,Curvy,XL
56.07784186642398,69,167.2355842531023,83.76443732049957,105.24684107893245,Regular,XL
61.5653276144833,28,165.49148262760826,73.9191037725219,91.59216229967792,Regular,L
55.53236574747705,64,170.07563096653155,74.66787724063131,99.6999553225122,Curvy,L
72.10871604841795,31,165.45761958020606,56.133440080230024,74.94844724708496,Curvy,XXS
59.07912189125988,63,170.68753771140214,68.10772235643148,81.57076772032094,Regular,S
76.36619406149919,60,168.6225414854559,74.52407248896027,84.67487230733163,Regular,M
73.36153465755324,58,180.190990681731,67.35912987246611,91.97115599333107,Curvy,S
87.63420833061345,17,181.27064626084774,68.24932884980974,88.74322409500537,Curvy,S
64.23339483473372,37,181.276903096899,63.465563868788514,81.12808793566938,Curvy,S
92.1195268743287,26,186.310163690526,65.25054084562643,85.49124427470775,Regular,S
78.99414154990944,27,171.3537613713072,62.04834480293079,68.36645310619544,Slim,S
66.54837642907538,56,166.34251582020062,70.85376893062444,88.98655987306292,Curvy,M
67.35532700274307,47,170.72112934505796,67.96791450547568,87.89196550951189,Curvy,M
64.6936471692509,53,163.76224998085553,69.93044743087007,92.99572635329686,Curvy,M
61.51259349649861,61,168.33142224227944,77.77125140549913,87.17212559273639,Slim,L
61.79917701703907,27,155.77587551385156,66.06935534317054,76.73850111757558,Slim,S
86.19987402870804,57,180.19148463106654,70.88901514855164,91.00141041888507,Regular,M
68.65005951497905,57,159.59988864368333,76.99530612600132,93.9624848179873,Regular,L
78.88681481942152,36,172.3837819263864,68.01325721190238,87.36692904320998,Regular,S
61.456654221946934,37,165.5934705991322,59.78698087539037,78.49912497523746,Curvy,XXS
76.86803719525626,60,175.4865598186831,70.56188757350003,95.7191501447529,Curvy,M
70.14806676285134,23,178.63783459751335,63.071642390054656,79.81575829468552,Regular,S
87.97915426979803,30,185.80602086688373,76.0093854834092,90.89637772645173,Regular,L
54.4954481082787,47,162.0959326309363,83.21318658241886,102.07934756774466,Regular,XL
55.58933836278631,35,162.83397511738,70.6904061559547,89.42672520778967,Slim,M
42.7182855113198,27,149.9177658943421,57.65198171300345,81.79181167536511,Curvy,XXS
45.59229564713616,44,151.07253305891544,68.52796970792394,71.77323361890848,Slim,M
56.8103143586588,55,166.74643741194566,98.9972897773933,117.77807678571799,Slim,XXXL
63.28902077474058,52,167.63841734557545,83.3820690278247,97.59781601595488,Regular,XL
60.12352935664308,63,169.82031640501688,82.41720834849262,95.62763839706146,Slim,XL
77.50712619519777,55,180.4522157007162,68.90502478111269,82.27300668589973,Regular,S
60.39062861860618,22,172.70668120232335,103.5020315152648,111.38959115102915,Slim,XXXL
79.3833395042581,52,172.29088917514323,57.537853177753334,73.25701848993333,Curvy,XXS
60.09003236682542,52,163.6481715430399,105.2622291189869,115.04336537016722,Slim,XXXL
58.092260570325486,16,158.06962605472825,69.02315144781805,77.72419994110842,Slim,M
69.00292548735769,39,171.58552078217767,67.8035897690808,83.38409465452777,Regular,S
65.3868846228659,68,161.18621034023124,79.78128387550002,89.08851273383338,Slim,L
67.6841245082813,45,164.0990144868276,64.72351487410877,87.203531500965,Curvy,S
69.45539027089987,23,173.31461817151114,86.10824965962134,108.80768649779263,Curvy,XL
50.527156790292686,34,158.73942383403684,75.97357591358312,103.3750641272007,Curvy,L
72.43587819253119,45,167.5905944722086,93.73735327770605,110.33869494795334,Slim,XXL
82.20269304365969,45,176.57717355479988,64.5248633946698,71.75139565934863,Slim,S
65.11389972352114,19,169.4044715516801,77.58006759583058,106.98378139943172,Curvy,L
58.59594700830791,20,171.0522740595422,106.69710111455892,132.2805434258908,Regular,XXXL
77.33913725335398,29,171.81177878670653,99.77609379183164,115.92147744079045,Slim,XXXL
54.17426361365274,62,164.7679149091502,67.84083683638494,82.89601882520024,Regular,S
70.17631365106271,25,172.8450652017631,78.9858183117533,89.91073290100218,Slim,L
79.20311692341274,56,172.46765381218663,65.95210647945584,73.67732419887088,Slim,S
77.68916947088361,58,171.9833211421219,69.99986128251876,88.53378241152967,Regular,M
75.291115752946,26,169.90375468368984,92.35557538943762,108.14137111532436,Slim,XXL
62.41351541339979,18,154.8551409612774,67.92485522307608,83.39853487612964,Regular,S
75.189324515347,22,181.0606875905795,88.513536890952,106.9130308410104,Regular,XXL
64.81951440802244,52,162.89512740047638,63.58777825951201,78.31412366561784,Regular,S
51.88727667632269,38,165.23784404937166,65.99905965017909,79.77596016928827,Regular,S
65.68438317037095,21,165.69995138932742,75.09482299231036,106.22502384489006,Curvy,L
53.304664069365955,57,164.1257069631083,66.34479568552293,80.03459298768158,Regular,S
59.107917867436846,33,165.00041614866768,89.2992561611632,110.37078794827589,Regular,XXL
57.35341855715812,42,168.24553954806,61.85120705864862,71.46534036862374,Slim,S
69.21373599042442,51,162.08972016158384,69.53782377284224,86.84517153294746,Regular,M
58.01205511020929,24,167.00915505849363,99.89112224848719,129.911911174745,Curvy,XXXL
64.12167455608873,59,164.93370167272448,63.95712165152553,72.46083796866309,Slim,S
54.68302109949042,37,168.33925126439425,102.13017785658597,127.99348599488292,Regular,XXXL
60.64723781455149,32,176.39507213881953,64.89325340171584,80.99839480553948,Regular,S
51.58606451146844,34,153.82168230578674,87.21322540692293,96.22726576497507,Slim,XL
51.828488406097584,46,153.90526526485445,64.8705575663005,83.02095901241182,Regular,S
73.20828594485863,24,164.8361470730613,77.65335399872464,103.73073245349005,Curvy,L
61.47952272235346,67,175.39854166710654,76.39593264891747,90.03556609154343,Regular,L
74.64132102756172,45,172.93005537499374,76.8076352705165,92.13802821142474,Regular,L
60.42043164018465,54,167.2161345505526,71.49956639934905,88.21471637887251,Regular,M
57.72490095671808,40,167.4800753359195,93.64940811949889,114.18812428109494,Regular,XXL
58.052687217883594,28,172.71397288599022,63.445769313669636,89.90970618029664,Curvy,S
81.22891697127407,42,174.99608498902256,107.10988975065374,119.4943148858333,Slim,XXXL
63.08909086910827,62,170.21201359241272,83.44393693195157,106.58031282156,Regular,XL
69.25470668793443,41,164.40445885094144,79.00626067410286,100.24084078585629,Curvy,L
79.49779696840127,49,173.1536819379008,79.92877926547877,98.26519568915573,Regular,L
70.20055628893817,69,181.1781715847477,65.91234830823566,71.80053253293902,Slim,S
53.5600313415074,16,165.29532723686708,76.08348748141366,101.19784049223793,Curvy,L
50.441190730070595,39,158.301644715358,75.64092689279454,103.92827770583965,Curvy,L
68.14565057143741,63,165.3313212284468,71.87577460798445,86.79993883670429,Regular,M
54.136169461846706,48,162.1815692325475,73.86406325762658,93.0807832034039,Regular,L
80.04847737493611,58,177.68796460084792,65.53532237772082,81.20297775796826,Regular,S
58.53553764942678,40,169.763621704717,73.60479318461138,85.46041875393534,Regular,M
74.6571608587229,24,172.97220779279888,74.68105813484256,88.89477204249232,Regular,M
66.11458551026753,20,185.53339500516617,89.97680427319037,105.76549835131549,Regular,XXL
56.69422725271113,64,169.2941472809649,107.60355741573612,151.1517716326217,Curvy,XXXL
75.23066034761642,36,172.75422575912205,67.60827992677315,84.53015198102803,Regular,S
66.72234907597752,69,164.68052298319245,75.81476548410753,87.66280044102895,Slim,L
73.82913504418995,69,176.69452233694395,66.05056589235483,85.22142949733109,Curvy,S
64.86002959088798,39,167.04532361555988,69.4229282683622,87.80585078535137,Regular,M
79.07061486237104,54,173.1026621601939,78.38346695410677,100.64265003009768,Regular,L
64.50555087109859,23,172.84808884314558,85.08370302425293,114.08266588510956,Curvy,XL
61.53548333559335,52,167.70711681341862,83.90672547128752,107.61392979355546,Regular,XL
63.485727122628745,61,169.90458220435588,84.21225570370004,100.55750139909571,Slim,XL
50.07412524402462,25,152.05221903367763,86.08201135772443,103.19213572221385,Regular,XL
61.681602175358165,56,179.1724227052355,94.71137986017328,116.83383643181345,Regular,XXL
66.55223515336819,36,171.44345687817759,73.93552071877127,105.22273306358358,Curvy,L
43.45500928069413,25,150.80121035374776,75.89033332610678,96.1614275027753,Regular,L
55.12263993410332,62,170.05218203122297,69.84106315075589,79.60602216241872,Slim,M
61.206771958959465,36,164.22537096624865,63.951402924789114,77.36609304572438,Regular,S
77.70030177568981,34,174.62777494207262,78.65497939692187,84.27908836948428,Slim,L
57.148376819469746,47,162.55641913420627,72.74493513994177,89.0307013359035,Regular,M
58.97635156969953,48,174.19272613343765,77.91896253050129,105.82194418509226,Curvy,L
60.01577434580237,67,176.9664650021558,89.7755504016592,112.9622620176466,Regular,XXL
71.14765797225313,53,167.03881093626447,80.61249731177112,112.14331984175142,Curvy,L
77.88659608130597,69,175.99760786897238,68.99763400698093,81.51880192890005,Regular,M
60.41777935904505,63,157.00972626175025,59.26741486207886,78.14740720462447,Curvy,XXS
62.349207671717664,51,169.79130806869122,81.10429202040359,90.75569180623552,Slim,XL
78.66686147994871,41,174.86508500390786,97.30421735997243,108.72642517933483,Slim,XXXL
63.555721349014945,64,172.16442855287113,62.12218035074063,87.64072086453014,Curvy,S
60.07193717320277,30,167.48682007183248,93.1880913267699,120.42404878284107,Regular,XXL
68.42213803336999,17,167.6252843859328,82.29156291794483,92.2976939997409,Slim,XL
62.26442481567819,33,169.23613769417582,61.925629814989556,77.31109058809467,Regular,S
66.62635504211353,40,162.110782010951,71.93846429117676,90.99799639842098,Regular,M
71.90917874429688,37,165.1066173901482,58.88937891479844,75.1774406776925,Regular,XXS
75.20060806602984,38,186.99067762003995,74.07491517441264,104.50555819014397,Curvy,M
71.58346424790672,23,164.61529380018908,91.42223754836255,114.02710032639453,Regular,XXL
64.10999589906619,19,180.67553689987895,77.25151250227198,95.68321655295496,Regular,L
60.08212251621915,20,149.44663705908326,88.52772799534429,119.85577453865203,Curvy,XL
47.33508084047096,62,153.54750795444417,105.80760453741235,133.40001555569103,Regular,XXXL
59.76643788755345,50,170.7014795496804,65.46678203503932,89.66730073573443,Curvy,S
62.39563659542438,38,162.6905913039345,79.47412130099242,104.7389167015112,Curvy,L
52.434561303557,67,162.524165873937,67.1927309429121,80.47805354094443,Regular,S
65.85508182302286,31,173.60123544565022,73.1769350777665,82.1546490585388,Slim,M
83.38267208957191,33,182.04296531942666,65.44838355783183,72.3446097324303,Slim,S
59.890424240707866,50,160.30641795368962,73.27364091048118,88.81998330277806,Regular,M
56.619719821430344,20,169.32914597275607,73.63968628786219,84.04363742314165,Slim,M
64.10478447683434,30,159.45040327506115,66.36662629884749,81.48498236036033,Regular,S
59.86299214642181,44,174.87139300761137,69.83155620784447,94.25951210621159,Curvy,M
53.298028703554586,27,166.1099481753863,79.01130751437687,94.66463861493425,Regular,L
90.05573807569263,67,183.05113545808018,66.56414409382411,86.84817482934668,Curvy,S
70.8384389107689,62,167.96741619430438,76.88781189790232,94.10561706424745,Regular,L
76.86847671609479,30,177.92996091578294,56.37256085311708,80.07293324227167,Curvy,XXS
65.52271826995505,39,167.39499065871297,91.54386412099447,110.00494238619454,Regular,XXL
58.46911872620965,30,164.3831250537903,86.66249403689075,106.07228001772029,Regular,XL
60.345804852832465,30,161.7782633289674,105.30074713905532,127.02095222030337,Slim,XXXL
57.77180759910448,44,149.8606862371226,82.06195487090766,105.53112703664692,Regular,XL
70.68453686855338,22,170.23498408594233,66.41543809575077,75.05364946106464,Slim,S
62.88590488816769,32,159.8521715397716,74.64399646433239,96.42000231701573,Regular,L
55.31903972244905,27,168.9126982801914,89.25841533296295,100.83247397718998,Slim,XL
59.691225061815665,63,158.25907556938319,73.4043395234527,90.95022929476083,Regular,M
73.9279894577503,66,166.13910407958357,72.51323589372815,91.18046603078491,Regular,M
65.46168221453856,21,171.79008365147294,87.43149392131288,113.29273321717464,Curvy,XL
68.41054961659408,64,160.93813597311964,69.86072436533499,82.35106709056409,Regular,M
81.50363615952088,32,175.93037861169924,90.47417744014247,130.23636282728546,Curvy,XXL
68.41482966743308,61,186.00494845893473,82.41292561100073,115.73238816284953,Curvy,XL
58.45684257922428,25,156.82992475816678,89.0790050741598,102.01893679064374,Slim,XXL
59.68561870014619,60,165.55580568778223,65.18994030989914,85.15487586742829,Curvy,S
69.56997932043281,49,182.8182512885962,59.34957360780869,66.88783800001977,Slim,XXS
80.49280525399571,24,177.17153195320836,76.19982129205283,100.41870303633242,Curvy,L
64.81771198575002,16,166.64404817428158,104.40698983957216,122.97914209547478,Regular,XXXL
58.86374760772729,39,160.57607986161895,63.49200720381637,79.82275961077083,Regular,S
70.52562380667224,62,171.37082089070122,64.90699776748063,90.95591723065665,Curvy,S
75.44731563365639,59,179.13975346799884,79.25568938644349,99.78224959611128,Regular,L
60.73671087064219,63,173.5196483590978,103.63732228010053,133.63092414308804,Regular,XXXL
78.57169631481486,62,172.01083350830635,77.03366698207196,93.02058844861753,Regular,L
59.92963443264716,63,165.4337414238613,78.79136429895043,109.2702536003139,Curvy,XL
72.05601471815972,21,168.25460877817628,72.25548898734198,90.22911038260037,Regular,M
73.25394568062146,25,177.32690758339442,89.72899163447677,108.23706521736362,Regular,XXL
51.735613359738124,35,153.47457098963335,71.96762858833563,87.62663519768809,Regular,M
57.152460913717846,35,167.962053605696,74.50520313112662,88.68086860116604,Regular,M
70.93077886852733,49,171.7730739888277,72.71120440124487,92.42248161609882,Curvy,M
63.630776685794324,45,169.42762260831984,91.09944112368672,107.23948647951248,Regular,XXL
69.35242813674628,53,173.22694008477848,71.3793643079397,84.93918581169659,Regular,M
53.241220673287984,17,162.35068895877134,79.6399393518264,110.29804288625232,Curvy,L
58.37450793339724,45,173.18642563096512,89.08066973104141,103.91522374558409,Regular,XL
66.84982582811848,29,176.60265753605057,70.11602298198389,99.60770707993302,Curvy,M
72.88655493710996,26,174.2965936320524,61.58104671066569,74.43262490028485,Slim,S
78.32840312279261,49,177.16531509096637,83.58528133863432,107.01871881268356,Regular,XL
61.213881898176744,51,156.14606447051094,55.44645794074893,63.2557325625302,Slim,XXS
53.976209644465385,52,165.3281171224681,85.02223009410488,107.31363598885031,Regular,XL
75.39712349202944,43,173.502748372513,58.243490007575026,75.94348290458308,Regular,XXS
57.929950813201366,21,161.46690136995292,54.28736659755372,69.53737533501763,Regular,XXS
51.02090071907295,64,162.47038920488026,67.41908515130609,84.53365732951274,Regular,S
81.82441541999457,34,175.89784434339555,68.63060220563018,93.25346233075372,Curvy,S
65.22069076199462,36,158.65065291562013,69.80124197579363,89.1213309459708,Regular,M
53.83599727524942,53,165.89233214997702,55.562219233570836,68.44846295514135,Regular,XXS
66.9552514291885,68,165.15045205702884,108.22374399061884,125.92460801415257,Slim,XXXL
67.89864446293511,59,171.3722533020437,76.80064967005126,94.30327424147734,Regular,L
70.50662906904272,18,162.6861496949392,75.57758962008054,89.92070602780863,Regular,L
68.39720604490286,34,178.42567796104353,99.38707516205035,125.7017811999501,Regular,XXXL
59.9095594001246,52,171.7722221155683,76.15466489827183,86.04545144422266,Slim,L
56.22429282518829,19,169.72861360880663,72.89513912248391,102.54062930488683,Curvy,M
60.34447950025939,35,171.1633492285881,85.36820789669311,117.20670253655823,Curvy,XL
69.49724699252309,20,161.80602372330458,86.32282863992938,111.56105442253006,Regular,XL
58.268319424667574,31,172.84973349062682,65.75742802677999,83.71378059528885,Curvy,S
56.754804208657504,20,160.71642947594393,55.19440728859431,72.25483375806579,Curvy,XXS
70.30352933841529,66,166.49533316876185,59.97220341098934,71.40311100576997,Regular,XXS
55.28196315355173,35,162.61274971815337,85.83267681697599,104.17237368512708,Regular,XL
59.56840475932812,33,157.18589543717735,90.56470701445514,111.9092844027887,Regular,XXL
52.754662823484054,59,163.12296036499296,73.33738033260258,101.18275493474437,Curvy,M
80.60676470573559,62,180.39230400112876,69.542902175658,80.19968946667788,Slim,M
61.76101436062704,54,153.632515675392,76.10656479865051,89.3192996460208,Regular,L
74.13238368185974,24,167.62613105601253,68.74578256553578,92.23926331412687,Curvy,M
61.62454348571864,36,165.73853391345529,84.19978918550315,123.89206547356072,Curvy,XL
73.97511199889549,28,171.4701437977458,66.54287270796276,71.2630865233368,Slim,S
65.09488212937916,53,165.8386379275732,85.11376352148497,109.64431661088798,Curvy,XL
59.87513829497244,41,164.24431365274583,106.29478841622094,145.69226206683257,Curvy,XXXL
62.16240595218961,43,163.1177543194256,58.47711789296999,71.7928378414806,Regular,XXS
50.12589842548708,54,157.1306477621653,68.41533688649524,80.13331972247605,Slim,M
73.9917920931992,61,179.00322153774601,57.751927252319796,72.08694790565568,Regular,XXS
64.0574076120777,42,171.02656507804184,78.99806619788406,95.75997364484665,Regular,L
73.8875432597143,52,171.03479389745877,90.20290047138852,107.70816208364859,Slim,XXL
80.62829332167257,23,176.2748936995966,87.63947336460218,105.80268481407236,Regular,XL
73.23444656969944,64,175.8269448012591,77.42710350898534,92.19557680561817,Regular,L
57.44749800761206,29,165.56503697884693,93.36407797273657,108.2812049100307,Slim,XXL
50.7294816666429,45,161.32689368680414,75.40112015623022,85.32090089033751,Slim,M
70.43075030378554,62,171.32068521493449,77.27053834013172,105.63829581184507,Curvy,L
59.068612220666175,32,175.61208055266817,98.38634313001107,115.7483819090565,Slim,XXXL
53.35818338257767,68,164.37906067572072,68.58635429874158,75.733132402526,Slim,M
59.1282565152283,18,167.54409830742665,58.088646094926695,63.5367825276549,Slim,XXS
74.43647275114705,66,172.22940999901274,95.59109755994407,114.44171240784682,Regular,XXXL
52.28244415024987,58,162.665779238982,73.28924838965484,93.47412103639299,Regular,M
77.85154117565905,68,179.36501800753527,67.51255897710257,71.21877834771458,Slim,S
56.27634348107926,37,164.65288709851708,74.34738428684304,96.19465515151764,Regular,L
64.67990055995037,61,166.28482377095222,65.43791722282666,82.3776980509925,Regular,S
66.13661875648417,67,167.37511859315904,72.71984474880863,84.00507357904284,Regular,M
74.45078449153209,37,172.27973601092856,61.78511523347625,87.64794883645077,Curvy,S
70.11830763685774,33,174.9400681883143,84.10626250922397,105.28010226302403,Regular,XL
57.526368258413676,30,164.80640502113425,55.69072992404346,60.6955274648295,Slim,XXS
65.31351536113299,66,177.13964095781108,87.03306313649998,110.73810739950814,Curvy,XL
66.68821667996657,55,170.88995470833663,74.44926924057917,94.5161212254235,Curvy,M
65.67073009966649,62,157.8525739106265,65.11123709012399,87.08612995347822,Curvy,S
59.17041701180732,57,176.0035776491486,78.86673834552073,94.98695458833019,Regular,L
59.448101123525134,59,164.85703024260252,75.17466241810902,94.94665665285645,Regular,L
54.66476204444886,18,169.53478826708388,87.74409418652371,104.12491114544049,Regular,XL
65.54449424131205,47,163.74015736511348,74.73789351374505,85.33796660908838,Slim,L
77.88261636680303,57,176.12157419088365,83.68020149707108,97.22541343340306,Slim,XL
56.45419721522734,44,170.22779429636796,76.38517997141427,92.96566275246113,Regular,L
74.83613568420014,19,171.05201776330924,74.09914794288093,104.29788068642117,Curvy,M
57.16822984308446,36,165.34061988670487,72.63592590359845,95.76409040912715,Regular,M
72.32641323736219,30,179.73357193860443,72.09079774642174,86.30851969079399,Regular,M
67.41205604042582,68,162.62892791060503,62.884495159217074,85.78583476518705,Curvy,S
56.9272372392055,28,161.53200388187682,56.686668563825556,60.88345426890113,Slim,XXS
58.89137607306016,45,171.93388570889255,73.09722944000507,86.76334433819436,Regular,M
68.56173473367855,64,180.43437127350845,78.97198344400853,99.45866073009927,Curvy,L
69.38098229773372,66,166.35491954388493,67.05225837841846,81.61422380567069,Regular,S
72.97468714379643,21,173.90489860814074,57.55718177949079,78.36631230841547,Curvy,XXS
65.14608227943307,20,160.66262783301613,94.68329135819369,116.04069941566698,Regular,XXL
54.08581055333957,17,168.10042073523945,70.80940139464036,87.74657860095985,Regular,M
56.71345341081657,21,161.95005760232715,75.48562830591788,98.7336417208973,Regular,L
56.53829759134136,51,161.72770999399208,79.48327772489,95.65111287752903,Regular,L
64.6498619247302,59,180.82489138097475,66.21796434009767,91.16842811211998,Curvy,S
69.0652528751979,61,167.62908592451512,59.49253817047981,69.66392042115793,Slim,XXS
66.2108916262326,59,174.78260657109075,90.86545098543087,101.45886602042721,Slim,XXL
51.567132674074436,46,161.49787784708857,59.61088310383321,65.05981603340967,Slim,XXS
54.66734839175264,48,167.89378318018848,86.91769686782985,102.1603261803202,Slim,XL
49.36499351568685,51,153.2762790046783,91.18745103980982,99.82648061073114,Slim,XXL
54.811257087758676,30,164.99087710475726,91.88092307076616,116.89229133308775,Curvy,XXL
73.23679468299265,36,168.15053645912457,67.8949381638809,75.25677176318271,Slim,S
71.89873866475202,17,182.09369475505892,75.57121594525285,97.73592979247383,Curvy,M
55.826537962667004,58,161.78584931586602,76.35785922199844,105.86040687285448,Curvy,L
60.16269652134868,54,168.88404232625166,69.43896355577324,89.0309145881286,Regular,M
84.92313224368196,20,187.2691202492692,89.88270030465314,110.92817792562772,Regular,XXL
62.99606655191365,16,170.07232054114667,79.96323945753737,102.64893393228476,Curvy,L
66.23213276660168,59,163.58736831453518,61.90477500873573,71.07670677956342,Regular,XXS
58.45005847894075,48,161.97397318098538,66.4745536106398,80.01708856583258,Regular,S
69.59121905199963,38,170.8737907018257,90.35423295111032,105.61613850568762,Slim,XXL
62.15400488792666,22,162.53528362415813,87.98272951776863,116.60668888490984,Curvy,XL
73.18425282079359,48,177.63364655675852,89.84416874114147,107.7970265755753,Regular,XXL
52.69402937091983,54,154.96125682719676,78.99875694603159,97.83090404315044,Regular,L
48.65930152655886,26,156.89768916618635,67.71154129825669,82.85702794776716,Regular,M
70.42605584480349,51,175.27626700415334,79.251038297529,90.06895527852365,Slim,L
63.523543506341134,49,165.4852075628646,72.27693621599194,101.1469355270947,Curvy,M
73.67789747879802,49,165.80361181378663,69.58467294191591,88.86444036071703,Curvy,M
63.53793395637941,59,171.4603404349606,59.51793541127171,73.72869847046377,Regular,XXS
56.52719923990428,67,170.1035695004403,63.674424138152894,79.19641572989724,Regular,S
74.8987053836343,39,170.09890029704655,74.62464888112765,93.2622495227642,Regular,M
71.630501607998,58,172.29980179593178,72.24456963888663,91.10269968994366,Curvy,M
59.092328511363995,60,169.02091647207655,66.96448782469665,84.5453573082793,Regular,M
78.16860952855839,66,172.26668356015162,79.4009677497167,93.66649929378683,Regular,L
65.87438198358467,57,158.47249615005632,68.8462383108168,89.56609910023774,Regular,M
55.099574808806395,49,161.01429499830604,88.67545730241513,107.22661243959143,Regular,XL
60.16574906735025,58,167.48606506856729,78.12797410791238,87.15643017097722,Slim,L
81.9896311037144,45,180.3988580646948,53.903411332936635,71.2091254982593,Regular,XXS
55.94805220923178,58,164.16705655211985,75.95856353421642,86.22690723530458,Slim,L
53.370079102047825,35,160.77043595378674,74.48292707124827,102.64232674127295,Curvy,M
67.60151455570482,25,173.99100647817176,63.5441624335775,76.04607977173666,Regular,S
62.30107247732671,57,176.6965610577354,64.3830540075175,76.89790171095675,Regular,S
56.62021125576945,48,158.18202069484886,87.49612383912927,107.81091091698305,Regular,XXL
76.41118892221839,49,183.85760941167987,68.96031160628537,96.29754569350054,Curvy,S
56.588515286818186,37,169.04604932995545,87.5741857470285,98.08761186527994,Slim,XL
70.84919883681233,62,172.00752080215665,85.7454961969622,117.38453825040239,Curvy,XL
67.16050433698673,21,170.52618523566574,77.2125314953678,91.38006043421608,Regular,L
62.09863255572652,54,172.7942313703287,91.75284044422567,129.18316504129692,Curvy,XXL
71.5586715133421,59,177.69404671844157,55.078691166924614,76.17642278985058,Curvy,XXS
73.42087219991421,54,165.7047716177222,83.07035134627509,98.48450820414685,Slim,XL
66.64954752336719,51,163.64987288017716,77.25100794394942,89.26304805609544,Slim,L
73.09662990233886,19,165.2888215318681,71.57170655699076,85.2106008413396,Regular,M
75.58627352713691,59,177.77031521409984,86.82912422805725,112.85788087526342,Regular,XXL
59.99374867222154,43,172.7199863983824,70.41338646087866,96.78479997918149,Curvy,M
54.707763786601184,28,160.4490778555797,80.03919470726356,97.6511676441445,Regular,L
71.2685004886797,34,170.8281940714287,85.87603908437264,105.57203534776711,Regular,XL
60.93431062488521,17,162.63656520425738,66.8002067797987,80.1453323132797,Regular,S
63.0035191511073,54,161.6792974866004,81.41691945405572,110.84118646140769,Curvy,L
56.89534995085907,28,156.67777755355655,83.03226405694592,102.73191153569688,Regular,XL
48.949191281379655,32,155.01254364435422,101.6641345466187,121.31428467531268,Regular,XXXL
44.13527525529838,22,149.79239165921064,63.97572957143452,72.84573054339843,Slim,S
72.62863736535562,63,171.71964571796204,103.28761035906749,114.70343271947506,Slim,XXXL
68.2836267289147,69,166.86382705629714,102.45757132784777,124.38354267866532,Regular,XXXL
57.58254743849062,62,168.90752674728182,64.38454615687293,82.53932796901199,Curvy,S
70.64793731645838,18,163.03017473189752,77.4994965006981,93.63904421132389,Regular,L
71.08317560218603,59,165.4281800714807,72.24472978000661,88.18122569269681,Regular,M
49.14202942621278,63,151.0483507822879,62.5611451392772,79.08792409796386,Regular,S
58.32204336801353,47,151.98983389637112,72.16093234664247,87.34698486124047,Regular,M
53.645866621908596,24,156.9682512008554,91.87483107198308,107.17918356697017,Regular,XXL
77.66689196708212,59,182.7064325870093,68.81517557123483,75.44564115082314,Slim,M
63.17827895054841,49,162.27214275335066,70.96191945856773,92.94606554825204,Curvy,M
54.24577680401859,49,155.3185908787974,84.37345121795354,108.21419356085956,Regular,XL
60.649184407648605,61,176.31544805272102,65.97080342821565,78.43118018779111,Regular,S
58.27947072607386,58,157.51820983034295,72.92540402839329,100.47843345534976,Curvy,M
50.14515650957143,21,158.3199426573416,87.72367823825843,100.18290044820833,Slim,XL
57.21042014329331,46,165.73560630756864,64.56473074476789,70.1344369817374,Slim,S
67.92781455811016,66,165.97375961128157,82.04449050834201,104.32734073589764,Regular,XL
76.63648444576481,42,172.04520266800301,103.79667811952208,125.45288076535961,Regular,XXXL
56.80362042584561,47,171.62423902058507,100.01708993488889,120.63237144269486,Regular,XXXL
56.41134346612113,63,166.75520047440386,56.641088500481615,75.7361062558216,Curvy,XXS
61.07560044054979,46,167.9323768582345,62.610531748990795,74.01149706263597,Regular,XXS
70.90808543455731,52,172.49399974825016,77.27043905461802,90.44872983455618,Regular,L
51.969404966961015,27,162.06194137876795,82.57263917414454,93.30268736386019,Slim,XL
55.11440802584052,30,164.96312744769466,73.01472220203223,85.84978386203865,Slim,M
70.46150847409837,49,185.09648699743502,66.39214884014628,72.53096672172113,Slim,S
69.24173307531737,67,162.15788848032398,101.37374142447779,115.79251912196538,Slim,XXXL
73.01905864579344,64,166.57213883988203,73.44194873748988,80.51880205384155,Slim,M
58.23598190263966,20,157.42826226735193,71.15869552808304,82.1118839002818,Slim,M
59.02650180504808,62,165.02169899569694,72.52461598902971,96.4865566528588,Curvy,M
61.770091156319864,45,158.79099466366742,89.11814707226561,113.0211132994988,Regular,XXL
66.82002116706246,16,166.57293574458402,73.72609022185034,82.97319826381555,Slim,M
57.98505775181422,23,173.99956861064845,66.54765441749821,82.34515428651345,Regular,S
59.408884798030286,69,174.9903317735775,63.467855810116895,75.57382777314898,Regular,S
